1.586102791909233645e+00,1.778327949289183696e+00,1.316329047418143938e+00,8.454745311706727273e-01,2.018962107690009944e+00,1.161290804844015589e+00
2.935426040094837319e+00,3.312850687159549334e+00,2.790320618466338054e+00,2.277195011545237069e+00,3.387772001227769891e+00,2.516653075052256217e+00
1.740102312537663121e+00,1.922897370435355580e+00,1.148533086424718075e+00,5.722968941662094355e-01,1.775822785497378709e+00,6.928987193548179491e-01
-7.114834004554635438e-01,-8.447162107878369852e-01,-2.192088425138132735e+00,-3.015121192863636779e+00,-1.646837173588507675e+00,-3.113213863764870304e+00
1.879995520828829036e+00,2.175373297732762001e+00,1.628264578476207980e+00,1.217149117313471418e+00,2.360159023447744087e+00,1.551929303874919341e+00
1.312764914750874201e+00,1.479555469475217988e+00,6.197681302418320826e-01,1.679532057672075696e-02,1.331840709892692987e+00,1.454369153433930917e-01
1.963179496051408623e+00,2.188850952355037460e+00,1.517938629918153648e+00,1.024417259910201494e+00,2.161993160603512543e+00,1.214877899348059342e+00
1.738743637567887967e+00,1.900898981306489377e+00,1.428639897740013875e+00,1.131574147347783166e+00,2.105348430827057360e+00,1.173284657025407851e+00
-7.383369645276587345e-01,-8.729556416796473428e-01,-2.225992430655844068e+00,-3.051338313630012067e+00,-1.676171122220766030e+00,-3.149629701232647960e+00
2.129638528051897239e+00,2.373250492478083729e+00,1.760856261887067120e+00,1.283693325231970661e+00,2.403816276475774671e+00,1.502826317792924860e+00
2.910176747725874424e-01,-9.958720049577074462e-02,-1.023302734497115063e+00,-1.675120650655378629e+00,-5.145167613031871312e-01,-1.640946111730696044e+00
9.245458194286970688e-01,1.010123272302876574e+00,6.962581623665053954e-02,-5.175274001479679420e-01,7.031591362760325481e-01,-4.294700130057541032e-01
1.693117505598743522e+00,1.865348235295417600e+00,1.076746366079154527e+00,4.926195785922294901e-01,1.700354226397929436e+00,6.061552305140880392e-01
7.715793821960401644e-01,8.428644549718403711e-01,-1.895178583821395257e-01,-8.983357711181455540e-01,4.217113486087324947e-01,-8.853682557985966817e-01
1.857419526047727087e+00,2.056382286731031961e+00,1.318935962580783272e+00,7.588294309749632482e-01,1.945193080585867929e+00,8.979772561565011468e-01
1.585847585212296407e+00,1.777614006415544790e+00,9.648436653155755272e-01,3.727202177811962391e-01,1.668166599523783988e+00,5.021951591404553161e-01
7.762300442865697203e-01,8.104987097069785706e-01,-2.610647741107885444e-01,-1.001612726383172891e+00,3.243912260413119864e-01,-1.011168738256799315e+00
2.121178370833243232e+00,2.172253681135023484e+00,1.126574044507269612e+00,3.829597225782975234e-01,1.570631201898075702e+00,1.221182423043194465e-01
3.141227858189960642e+00,3.500569356077307681e+00,3.120788401457284422e+00,2.774599933661666018e+00,3.760570183975401104e+00,3.080372768487529278e+00
1.324229559441640891e+00,1.411919550654699096e+00,5.195141883773373159e-01,-1.502590272521853731e-01,1.126540327623653415e+00,-8.436814247130136613e-02
1.819551522026431112e+00,2.016589040376286945e+00,1.275063560489566372e+00,7.077624335787674470e-01,1.906224578834631700e+00,8.520752001350362370e-01
1.019382577654220690e+00,1.218559990178270436e+00,3.636030148273088902e-01,-2.796207324761804114e-01,1.163453477105565792e+00,-6.824957801447290029e-02
2.398016022373511191e+00,2.701361882464767383e+00,2.092304600157954386e+00,1.528302557596818545e+00,2.889743934265810665e+00,1.706184681890535515e+00
1.552534925529273968e+00,1.726877198089951104e+00,9.312059893874903294e-01,3.453428430213559830e-01,1.558330787939250062e+00,4.769087147603321419e-01
1.937100783660802072e+00,2.162729759490460424e+00,1.479107341601029413e+00,9.799679848205842259e-01,2.123825360443566623e+00,1.168018612218090002e+00
-2.345996514293706703e-01,-3.030821652500068630e-01,-1.542089889095202837e+00,-2.342104522623535967e+00,-9.587966326406687223e-01,-2.394964415514583500e+00
4.088820407494866416e+00,4.407724485459105779e+00,4.114141163400332424e+00,4.032852356701520868e+00,4.512624056544754403e+00,4.365426016252138552e+00
1.874261015106857498e+00,2.004801028972734933e+00,1.081882193826694483e+00,3.191555234411181941e-01,1.669156574696974982e+00,2.576639497951761504e-01
1.271675499961599787e+00,1.395220458645031636e+00,5.570008290716610411e-01,-4.844907175375395836e-02,1.175912316218726383e+00,6.406352978069657089e-02
2.948465476088110826e+00,3.335251668504196854e+00,2.731052439688879563e+00,2.093200629938317014e+00,3.313040036659877785e+00,2.228094553995016547e+00
5.742309505929797941e-01,6.177134480331261113e-01,-4.124005536564183672e-01,-1.096925821900647691e+00,2.127278636618099572e-01,-1.053373068526576084e+00
4.195495977925760567e-01,5.147327908843886135e-01,-4.715940436260570578e-01,-1.120799969215598768e+00,3.862376404759411130e-01,-9.594364872626532925e-01
1.457663068657036876e+00,1.628770698986928611e+00,7.901697236829924309e-01,1.731655763402922543e-01,1.429371520342308077e+00,2.789491608383268817e-01
2.814385313134724509e+00,3.169245190087025321e+00,2.675157573729343152e+00,2.181693717013842626e+00,3.440850141362571613e+00,2.391344810410238164e+00
4.875318049306750501e-01,4.996250171863314549e-01,-5.834772477243490574e-01,-1.213163900214424995e+00,1.261807716083707120e-02,-1.197688293278903471e+00
2.467312821644075616e+00,2.792191067640396263e+00,2.259673365565049608e+00,1.729582295216256504e+00,3.079141043323947891e+00,1.972885776269052149e+00
-7.571346539691037325e-01,-8.961538042461381082e-01,-2.255589232823329127e+00,-3.120791548737326337e+00,-1.697503085990302640e+00,-3.225747899261859786e+00
5.407699945442207001e-01,5.803091744344459624e-01,-4.476106474578127603e-01,-1.133933565741721328e+00,1.758234565650673709e-01,-1.089471435871167015e+00
3.814511040036050460e+00,4.171813204554776888e+00,3.884349770974969474e+00,3.741435569580826570e+00,4.363114970042256680e+00,4.120887289322441305e+00
4.709983838367719500e-01,5.389405072344268799e-01,-3.656181111733969313e-01,-1.036091038453076152e+00,4.146634369342752091e-01,-8.608799274355019016e-01
1.843543629420100860e+00,2.130461490930747992e+00,1.513002743612968271e+00,9.459904458576363639e-01,2.639202188418485306e+00,1.257767995109018155e+00
1.330264545634679108e+00,1.455471448420360359e+00,5.547043795933961352e-01,-8.007236730252392798e-02,1.184003815760188871e+00,-1.801933080300288648e-02
2.005240385157065042e+00,2.245798525365698683e+00,1.598002495429099445e+00,1.111154633173867978e+00,2.272463764564841338e+00,1.331493802399454029e+00
1.432102598509319646e+00,1.573739375987261768e+00,7.273742697979362903e-01,1.216428802009496268e-01,1.327213117463906134e+00,2.163335519545746544e-01
1.749210452998606558e+00,1.993093185987674154e+00,1.618591968195050246e+00,1.212738626846608270e+00,2.328242572986722436e+00,1.581942733183120398e+00
7.650365574866710983e-01,8.813863416206612067e-01,-1.571424580769901214e-01,-8.630305833003909521e-01,4.440153501905772515e-01,-8.235096645242814262e-01
3.414222387608786491e+00,3.780081849020708873e+00,3.514203073897746776e+00,3.330114715270954040e+00,4.055249218391381305e+00,3.714420945230548554e+00
2.784328505594524827e+00,3.113231816670066099e+00,2.742457148808798983e+00,2.367226510883517321e+00,3.374693126215253081e+00,2.762085054429637143e+00
-7.625161041972805531e-01,-9.004307745431647803e-01,-2.258195512215371181e+00,-3.084555842282249216e+00,-1.710242425972909874e+00,-3.184385536750002021e+00
1.368915019314318693e+00,1.498226657405008044e+00,6.405468154126712221e-01,2.899824000151726699e-02,1.250966434226244983e+00,1.213091879369448400e-01
1.826606989084374577e+00,1.942720073328203956e+00,9.143307569171589266e-01,1.537206917210799384e-01,1.576224834116618734e+00,1.879639763428025967e-02
3.035356511812752345e+00,3.440871923414237088e+00,2.917856298331081177e+00,2.321827061077075705e+00,3.633305633306813220e+00,2.471589169368845873e+00
1.862732469902673049e+00,2.112086065196607354e+00,1.536171340018335219e+00,1.183739402374141658e+00,2.310308183000404636e+00,1.514250367865110247e+00
7.753805032224696525e-01,1.131106188473606000e+00,-2.959736218189079615e-02,-7.488957137363112526e-01,5.756262950989537996e-01,-8.004868252287309360e-01
1.483360767159497939e+00,1.822877413131035462e+00,8.484767778452598774e-01,2.027262673419512329e-01,1.477752182238607492e+00,2.878290519761745325e-01
6.607213922239043580e-01,6.646177792594687439e-01,-4.367827476657561991e-01,-1.155927390657867093e+00,2.271159501733708286e-01,-1.115923658256469109e+00
1.915002021902696860e+00,2.111096808610298581e+00,1.382655267036131175e+00,8.265525085513397707e-01,1.988799514362493248e+00,9.620100004213929523e-01
5.922346866419677669e-01,6.008554447526188724e-01,-3.763524157518549629e-01,-1.021206542432141706e+00,2.299640135397578167e-01,-9.526301026940149352e-01
1.728301413431503342e+00,1.820361009439413369e+00,9.060936765594691522e-01,2.258713840012114005e-01,1.521501854806706744e+00,2.162918095257156947e-01
2.539823740809110220e+00,2.827876060532752867e+00,2.330750192158419054e+00,1.975035156761192123e+00,2.929712044095427181e+00,2.243349659854104949e+00
2.853885497528621862e+00,3.225468896930209439e+00,2.686766286863035980e+00,2.112433209432090564e+00,3.215568609858618476e+00,2.283347701492705717e+00
8.810329551588725883e-01,8.716887266264576883e-01,-2.325263452214401116e-01,-9.214916821006321479e-01,4.901657756741062411e-01,-8.612806521639866375e-01
1.960366558921615487e+00,2.226453339930242414e+00,1.539447469075008179e+00,9.584034283104346796e-01,2.331461669278416693e+00,1.182534359156772741e+00
1.892438859512281191e+00,1.991364090968279488e+00,1.059553086512239117e+00,3.444333875662531352e-01,1.723077624422805210e+00,2.133415888257425563e-01
3.355475990914238427e+00,3.763699148395655225e+00,3.335681390979430283e+00,2.797677448937120115e+00,4.035198852585326179e+00,3.002884424220345405e+00
1.407837917470019296e+00,1.623327566294773927e+00,8.354806630961533198e-01,4.626984790103136347e-01,1.543505315077612128e+00,6.769878624810465872e-01
-2.531627615761697925e-01,-3.597983998427976005e-01,-1.450211897484216861e+00,-2.146266088058075283e+00,-9.749947453851603996e-01,-2.132173678887725909e+00
5.315676267289498602e-01,6.048953121160876023e-01,-3.222725961865526845e-01,-8.968642462986903263e-01,4.202846130833968186e-01,-7.315488467215733870e-01
-2.906015586830608122e-01,-7.043221625173594624e-01,-1.255512209761733056e+00,-2.134485135262884636e+00,-1.539950836359077702e+00,-2.073564088116565785e+00
7.397601491546715868e-01,8.237342749425735633e-01,-1.419736242938270943e-01,-7.465927887123906537e-01,5.611004940935612195e-01,-6.261646593070022693e-01
2.016113475394435639e+00,2.237730775393785621e+00,1.535851298829086886e+00,9.864515410889683755e-01,2.173717477891193628e+00,1.137692521268346635e+00
2.238642680957075193e+00,2.433470129193972653e+00,1.730320941236965115e+00,1.121550328272522767e+00,2.492107061329609685e+00,1.208385696834342715e+00
9.626474888407152708e-01,1.033208814053128144e+00,9.639095807380770875e-02,-5.760487386802145560e-01,7.366813400183188643e-01,-5.054654519380803457e-01
1.190259153502742029e+00,1.268636055820925979e+00,4.020434669237091807e-01,-2.575420232753424798e-01,1.118005902498131476e+00,-1.502028950849514377e-01
1.436128230051032073e+00,1.662843247121428281e+00,8.612140908667202943e-01,3.057644951275153011e-01,1.532627080442795497e+00,4.901424849273637308e-01
2.757775572440355205e-01,2.041385403675937127e-01,-8.843855718249387099e-01,-1.585844571099967126e+00,-3.121355862473607079e-01,-1.591802130427245610e+00
3.754002843317774119e-01,3.960057012368836116e-01,-6.866315716988053985e-01,-1.392602047768965345e+00,-8.409893604642038056e-02,-1.374721586958718822e+00
1.149958195393984139e+00,1.364263935397771466e+00,3.645810410640489274e-01,-3.007912740190360479e-01,9.819706052909417116e-01,-2.433667488533815537e-01
1.239987492460752794e+00,1.359686820775280580e+00,5.267207827322716307e-01,-5.774966599625641628e-02,1.116512960473740268e+00,6.618403006909434616e-02
1.554030441783424088e+00,1.723563815738806682e+00,8.711654377666784299e-01,2.564619443728126114e-01,1.501665682325471263e+00,3.413620984754250909e-01
2.191509028547451443e+00,2.458748663546029611e+00,2.016152457192369241e+00,1.586090758963242919e+00,2.693900136393823086e+00,1.859431205946860288e+00
3.803853872684584303e+00,4.139655416866697024e+00,3.856290421054258566e+00,3.719986751567586847e+00,4.336105205644193106e+00,4.096664590175768339e+00
3.550196561391144812e+00,3.926645367996918434e+00,3.676631583261064762e+00,3.516169847739394783e+00,4.187085655889948299e+00,3.912973594946665301e+00
4.071628588765900947e-01,4.588894152300324603e-01,-6.275888729008711753e-01,-1.336356626597948072e+00,-2.260195577942769596e-02,-1.316779189593347610e+00
1.210026988424445893e+00,1.315642448510369933e+00,4.342596635123553983e-01,-2.275965637896875671e-01,1.016998595338525213e+00,-1.510608219605420466e-01
1.495290558210882637e+00,1.733492760035769908e+00,1.196573600268010962e+00,6.809932970175132105e-01,1.999187069572186282e+00,8.734415244990192395e-01
9.794275852508027569e-01,1.092569197278951298e+00,8.412992328456869728e-02,-6.247166187085537725e-01,6.732286663737199195e-01,-6.051119103274420485e-01
1.493081489246476545e+00,1.731621752993572905e+00,1.079399443305171680e+00,5.585588692528259402e-01,1.828330404784519025e+00,8.640512030351128470e-01
1.977046223132259861e+00,2.196304984149415773e+00,1.527562407137011302e+00,9.867550499169998046e-01,2.218150814197110687e+00,1.204099441035444862e+00
5.451184210034393240e-01,5.818335458517898129e-01,-4.638768089233242797e-01,-1.154565724365975488e+00,1.326344239817611736e-01,-1.128059344113609530e+00
4.307730403282847842e-01,4.728471207351911954e-01,-6.028865950054940193e-01,-1.198857101992969021e+00,4.558704606574703888e-02,-1.147450713281418899e+00
1.665465539598993683e+00,1.863405348939964901e+00,1.160002783666999937e+00,6.774403174114345116e-01,1.840070020143635077e+00,8.603036561527728221e-01
1.973012539806744181e+00,2.067417604282256516e+00,9.996404179568895154e-01,2.346619787031789250e-01,1.613285167971654888e+00,2.866360970925357909e-02
1.063404003562400391e+00,1.192844496360933482e+00,3.481677249479860903e-01,-2.224331190178973072e-01,1.037343727815521977e+00,-6.017291987493794680e-02
1.641955963004579022e+00,1.733294634853453697e+00,7.413658812553848287e-01,4.475927767741355590e-02,1.305930399284453980e+00,-5.045550901637074759e-02
3.465093397536873621e-01,2.976533958049387696e-01,-8.405091841604723779e-01,-1.540520384556181899e+00,-3.011978319033910001e-01,-1.584802115280772750e+00
9.944486146775123325e-01,1.101984500612565476e+00,1.729494202953053561e-01,-4.653883651564619806e-01,8.193099540771049405e-01,-3.776916004038677888e-01
-2.609439904896679874e-01,-3.033079090821100277e-01,-1.557798928975438146e+00,-2.350513049608291549e+00,-9.142559398114462610e-01,-2.388702175614714207e+00
1.436443328048811807e+00,1.557149180278444067e+00,6.966871508575314120e-01,7.903355398290567990e-02,1.273564599574767087e+00,1.500608144678644007e-01
1.072086069646102313e+00,1.168506705690500080e+00,2.998679541840086893e-01,-3.222647140045987735e-01,9.140843230079510606e-01,-2.243224617329437343e-01
1.509402939345873218e+00,1.596855371270949675e+00,7.318013760972387205e-01,8.871490252388516962e-02,1.269352262791937358e+00,1.419208357475127968e-01
3.875392333211846729e-01,3.927487674028034004e-01,-7.164237508257147446e-01,-1.439651978594611581e+00,-1.603645755509095494e-01,-1.454055856020026960e+00
3.396967509914187389e+00,3.765607710068075598e+00,3.474347074733846519e+00,3.280523666422635820e+00,4.015868825903833539e+00,3.672003795543743010e+00
1.093092282704801965e+00,1.282804039111391070e+00,3.233990347565788848e-01,-4.849010785137322088e-01,1.126895199809015757e+00,-3.896426228284314841e-01
5.606779114502199457e-01,5.870583782880613999e-01,-4.435971925807635774e-01,-1.122198794462494043e+00,1.747106515384488912e-01,-1.083615638462628983e+00
1.563375736334689181e+00,1.693988044969803264e+00,8.395565860143537895e-01,2.193055545405504236e-01,1.409202212071382521e+00,2.824266508320361635e-01
1.019874574157806801e+00,1.095235340779995514e+00,1.376420332480884356e-01,-4.618795338173696807e-01,7.315351966240735138e-01,-4.089271832776243953e-01
5.701994585961513984e-01,5.892997060708780044e-01,-4.492397180934142309e-01,-1.144347003094693171e+00,1.582147196292040814e-01,-1.117308788079995674e+00
1.924941901934848598e+00,2.133977068824409073e+00,1.415165338005083706e+00,8.639477734783560514e-01,2.039535340710942890e+00,1.011609916878356108e+00
7.550354872905663539e-01,7.925365950041424190e-01,-2.063366894783398298e-01,-8.727902069167662313e-01,4.210074956811724611e-01,-8.257416916756679104e-01
2.028902606672453590e+00,2.256452157095704347e+00,1.495166468861292230e+00,9.254132643610917253e-01,2.128997294319391109e+00,1.037761708416110817e+00
1.713252441448591235e+00,1.885011280727868055e+00,1.082337908476204369e+00,4.864314204115987028e-01,1.708453579915090392e+00,5.835814091915587642e-01
2.961440922939732268e+00,3.341689558950771133e+00,2.849175075724609485e+00,2.299479534425798111e+00,3.551969477468724712e+00,2.470651371850825395e+00
2.100625606410368995e+00,2.333881783061162007e+00,1.654931709704352105e+00,1.113281384664344342e+00,2.300479180271986390e+00,1.273868902802614889e+00
-2.859207812922213154e-01,-3.511076669765920144e-01,-1.583277764656974673e+00,-2.358506903467399329e+00,-9.923173844282442424e-01,-2.394235514443607826e+00
3.809060876329968259e-01,3.140390126239849256e-01,-8.448943397706634162e-01,-1.528414051500076365e+00,-4.481557926944084169e-01,-1.625057355265667747e+00
1.735107308772480650e+00,1.921139466990428257e+00,1.159247120616533788e+00,5.885366371196592006e-01,1.783098501761589239e+00,7.224801524071595704e-01
-5.558252999415522755e-01,-6.685199426724905969e-01,-1.972191451701242881e+00,-2.769787424637247142e+00,-1.394894357162793863e+00,-2.840426849522102781e+00
3.047595326090311474e+00,3.414976892723073476e+00,2.975235430369510325e+00,2.470795260500444623e+00,3.728260733314530118e+00,2.724395596327148894e+00
2.373944908509604268e+00,2.692214077714604414e+00,2.257988528177000020e+00,1.829505040322789711e+00,3.026356164047790287e+00,2.197869763997080561e+00
8.738551202508221261e-01,9.326475288243819550e-01,-2.649391655045851834e-03,-6.611807993654673643e-01,5.875382363283867537e-01,-5.943161024970822215e-01
2.383699695912975258e-01,2.276837685814714352e-01,-9.778526917252237105e-01,-1.706171425118563345e+00,-4.142161216037554272e-01,-1.765775348798833910e+00
8.846712111548057367e-01,9.528357086457215352e-01,5.935444815315216172e-02,-5.920545796212939305e-01,6.836783939903208207e-01,-4.901982431043613864e-01
3.252923789426073853e+00,3.671752695261993882e+00,3.171746867167054340e+00,2.572101437688369518e+00,3.879860933994502048e+00,2.746124934855278976e+00
1.137200327610270900e+00,1.237051799267681940e+00,3.600806673966774896e-01,-2.281144035275409765e-01,9.487370712219083124e-01,-1.310594937544325433e-01
8.941135567062227230e-01,9.956052810746430781e-01,7.484887543906859619e-03,-6.607093988016298214e-01,6.274709483655744879e-01,-6.103119352180643720e-01
2.192853248838585678e+00,2.367346852890276132e+00,1.633338982584401133e+00,1.015518705932295873e+00,2.359105937628620087e+00,1.062449671879177382e+00
1.498864054726033679e+00,1.683302969628592827e+00,8.445797064002781296e-01,2.215082551836791980e-01,1.502259536561013631e+00,3.334300595737433315e-01
2.685943505781660523e-01,3.172220682061035468e-01,-7.846189162491674640e-01,-1.497080751099783225e+00,-1.756762799613615922e-01,-1.465822662710071667e+00
3.696146733079034519e+00,4.109855002844128080e+00,3.776551843009555931e+00,3.285291573635257478e+00,4.395603409861065458e+00,3.541862769029563651e+00
2.958008833813840610e+00,3.347914953854478792e+00,2.788192395739968354e+00,2.175492830626158280e+00,3.506934521404532656e+00,2.292149454085467664e+00
3.298183711212432812e+00,3.688011956360078170e+00,3.421533580233716343e+00,3.192285211799521072e+00,3.996424780189261394e+00,3.614246663173779073e+00
2.199456505720430055e+00,2.443363944450060110e+00,2.147926136478833126e+00,1.692440182371897972e+00,2.930487495678863574e+00,2.203953441220101617e+00
1.453914026064521803e+00,1.640503367871351204e+00,8.189081029650729926e-01,2.336428499583374507e-01,1.536997678882174645e+00,3.795402514993342913e-01
3.376658028835420655e+00,3.760863352780107860e+00,3.396801018147654894e+00,2.932435443805412767e+00,4.040047038564503978e+00,3.212750157572612064e+00
2.707858255891673060e+00,3.050211495049695465e+00,2.557073135268342678e+00,2.056144928421915541e+00,3.307887366099066639e+00,2.257981582193142600e+00
2.727041177339390554e+00,3.098510844257125640e+00,2.622164536675990476e+00,2.090265829313100454e+00,3.407394382135056965e+00,2.299694770702401136e+00
2.646486096777982411e-01,2.637055280625471010e-01,-8.560359881175751973e-01,-1.613617448922261666e+00,-2.596366709773767489e-01,-1.623092880476793454e+00
-7.574376556113351366e-01,-8.944277234227131501e-01,-2.251731963646542489e+00,-3.079640649681731901e+00,-1.702124855230108480e+00,-3.179340124090636710e+00
2.516154259085515932e+00,2.833201926471581977e+00,2.245709955966973315e+00,1.692675094427279703e+00,3.052018340928711382e+00,1.873370921275284706e+00
2.948367011317379660e+00,3.287639577990327577e+00,2.965312007124100369e+00,2.677847280464397794e+00,3.559461983407947283e+00,3.067200378472852762e+00
1.922509127977777288e+00,2.130830266912751902e+00,1.411194985486613707e+00,8.578610444466575613e-01,2.043973723964783940e+00,1.004896315653924566e+00
1.714763773095279387e+00,1.889011533361798501e+00,1.275713248460969895e+00,8.065444114066707693e-01,1.953594493127753573e+00,9.698028397675915180e-01
7.856640757806016007e-01,8.469499875229853370e-01,-3.321372544600069698e-01,-1.056663067582061633e+00,2.796926096211351798e-01,-1.062557683569139488e+00
1.398395568797615951e+00,1.558614098860846342e+00,7.883894912412100497e-01,2.726779477151883846e-01,1.428856160968838163e+00,4.230448493320945191e-01
1.094678584554009237e+00,1.242782716007790444e+00,3.392518518978542841e-01,-2.853846879575233642e-01,9.681023640026182875e-01,-1.839853948472610079e-01
7.369263844512838890e-01,7.186409177814530036e-01,-2.793062094930891526e-01,-9.371081003164453138e-01,2.605332220994320824e-01,-9.242088834465198577e-01
1.872514794274986460e-01,1.824057221849224586e-01,-9.443028879923700547e-01,-1.669917525446037221e+00,-3.434597967419976694e-01,-1.668086924423022310e+00
2.662613299301161973e+00,2.980497114163799033e+00,2.622334471204722739e+00,2.216529686169109947e+00,3.319265942074293818e+00,2.625262052765144016e+00
3.588807535238933255e+00,3.964082504709873334e+00,3.707322595035810409e+00,3.559514281720934203e+00,4.231516084052159954e+00,3.939739869293122698e+00
3.636202547934792584e+00,3.980577243032491275e+00,3.694522669083791122e+00,3.543372800412173174e+00,4.167307728643505627e+00,3.931959536789652265e+00
4.022726441407180609e-01,4.223298209493708821e-01,-6.375912124716036633e-01,-1.336967709332623766e+00,-3.820230885032938062e-02,-1.310738928074190124e+00
2.097248209831474863e-01,2.143959968339765876e-01,-9.016440956168463305e-01,-1.623096197946812591e+00,-3.005705484460945431e-01,-1.614530970296325973e+00
-2.440566868893736530e-01,-3.129971352358014158e-01,-1.543226698119611884e+00,-2.318687793741815550e+00,-9.558726090832747602e-01,-2.361389427559485110e+00
2.892553353483160450e-01,3.199797732312357201e-01,-7.077454981508346510e-01,-1.404696441805616480e+00,-3.002229025482527902e-03,-1.314648843414923718e+00
5.114413184147376112e-01,5.488109868450719020e-01,-5.353827760930509605e-01,-1.246333122692688367e+00,3.255656400256756733e-02,-1.244923340195513095e+00
1.410094192542746372e+00,1.485012084492809858e+00,6.021953163961796252e-01,-3.359401213892609928e-02,1.120989447022469720e+00,7.031978570670727180e-05
1.538764269727183720e+00,1.732994621999843998e+00,9.248102854443194243e-01,3.411507284110196214e-01,1.652046739444661183e+00,4.845254101609949293e-01
-7.686701189904776577e-02,-1.196675577361390186e-01,-1.285272723512634441e+00,-1.972577633421626508e+00,-6.345767888546722801e-01,-1.958027329791399485e+00
1.882227293003775337e+00,2.089861009972088013e+00,1.290489643637723560e+00,7.174721756998743150e-01,1.903286057655547037e+00,8.232960853379731603e-01
2.158013968886218770e-02,-7.657531563023844967e-03,-1.104737998511731822e+00,-1.841708726576005262e+00,-5.028640097186400926e-01,-1.817755342460929846e+00
2.730528864121958055e+00,3.109596762249165369e+00,2.394094737699484554e+00,1.714207738610791232e+00,3.013871773910494767e+00,1.845400280159711803e+00
1.041565045135608214e+00,1.128994535823484746e+00,2.377012293654976460e-01,-3.602687296327929944e-01,8.222750976987470706e-01,-2.683161923489016387e-01
2.866805083194942316e+00,3.182949903004458569e+00,2.790500657534265905e+00,2.410362989695223668e+00,3.407813685496531519e+00,2.814086316166998003e+00
1.458594892501696716e+00,1.610218995207692405e+00,8.941016905173634344e-01,3.757693625400306825e-01,1.556202742234838343e+00,5.792563317565772030e-01
5.160391820317677958e-01,5.525577842900415426e-01,-5.020493578719018579e-01,-1.197806994829850868e+00,1.066694064874873504e-01,-1.168717860235927830e+00
5.511542033296913390e-01,5.704367329072677073e-01,-4.766823929380683555e-01,-1.149856344873825265e+00,1.036124225463743720e-01,-1.128338945812287664e+00
7.725097467659817196e-01,8.754730384303245350e-01,-9.493220541970048831e-02,-6.339501289969459163e-01,5.503192007244442907e-01,-5.321731596845926671e-01
3.980587366202002819e+00,4.306564041921498109e+00,4.017825679869915234e+00,3.914673186685086570e+00,4.432066415765842038e+00,4.275538293281922364e+00
1.547023727678364047e+00,1.653301375671210272e+00,6.195524818868251016e-01,-9.005299286023266125e-02,1.255826962315828688e+00,-1.797008325844429710e-01
3.349126208563124596e-01,3.496823130734998397e-01,-7.449901957415399067e-01,-1.457577909321664755e+00,-1.477243484299843868e-01,-1.445778240365255041e+00
2.551531452873927019e+00,3.088472021598057449e+00,2.114691195484986963e+00,1.331627765588344392e+00,2.924908656174252997e+00,1.413525491842098747e+00
2.755257050261211482e+00,3.050283356832725445e+00,2.710552405999798520e+00,2.362888822571669323e+00,3.375327140890836297e+00,2.760721585937004008e+00
2.544997934139251683e+00,2.871051065339252695e+00,2.509103418568669142e+00,2.114050882288012634e+00,3.254405969685675082e+00,2.530900814487932138e+00
2.108775455663676190e+00,2.338492241078662381e+00,1.658274033895851041e+00,1.116092303389096596e+00,2.290494424901742487e+00,1.269716460627127841e+00
2.143909259622389651e+00,2.171192195573251382e+00,1.053050442539562814e+00,1.397099707278187664e-01,1.484157656086477983e+00,-2.071698212448395693e-01
2.092941018208313686e+00,2.328275745654208251e+00,1.651084805102865261e+00,1.118253220679493953e+00,2.287408872036888141e+00,1.284759936217925391e+00
1.194427109583675595e+00,1.277750080625239093e+00,5.129637718209936192e-01,-7.747539062762331952e-02,1.283275554782131955e+00,1.096679471881487067e-01
7.373456526391396482e-01,7.080515551747722514e-01,-3.728560442246020568e-01,-1.105530713278373156e+00,2.241817297436548007e-01,-1.141771620901544937e+00
-2.294399297687967909e-01,-2.885414986050534036e-01,-1.512623608222573024e+00,-2.282643510282679422e+00,-9.154425242995558598e-01,-2.318066583484799548e+00
1.190943982586142535e+00,1.346643259549460403e+00,4.910248806394661436e-01,-1.006179592225304731e-01,1.115077852432941885e+00,2.947852678853696284e-02
1.224069818336753768e+00,1.327626713815835524e+00,4.711506363285924426e-01,-1.717364141918157894e-01,1.084055706250488527e+00,-7.221417218011433325e-02
1.096441402464605197e+00,1.214276630228446674e+00,3.097153992236846287e-01,-3.162925883413755246e-01,9.350856084199080653e-01,-2.284055741549093077e-01
1.764615857488619710e+00,1.981484317175513876e+00,1.689301823730473773e+00,1.258549533614067073e+00,2.418116911635225463e+00,1.681852580999317004e+00
1.437695836461958088e+00,1.414720649741730840e+00,5.427755804990626043e-01,-1.191399285531423713e-01,6.836407532328371284e-01,-2.050749113875132701e-01
-5.650503588612634243e-01,-6.569699936178139410e-01,-1.928398130438794267e+00,-2.618578437443912943e+00,-1.311629922725534136e+00,-2.637433512105447075e+00
1.650925918108779644e+00,1.829468646837650425e+00,1.059818740932404912e+00,4.912254269657778671e-01,1.689850905405779979e+00,6.255391881020002653e-01
2.671359235796306741e+00,3.010893681818028966e+00,2.501516084996639577e+00,2.081928453917956556e+00,3.178984995946354530e+00,2.388691977196021998e+00
1.879995520828829036e+00,2.175373297732762001e+00,1.628264578476207980e+00,1.217149117313471418e+00,2.360159023447744087e+00,1.551929303874919341e+00
3.435691867069825101e+00,3.831292594571274801e+00,3.576932450189341139e+00,3.390259701061316022e+00,4.126329959167919448e+00,3.808459521456597940e+00
2.519108254017287329e+00,2.812621596409855762e+00,2.180269164925621173e+00,1.594731808831771680e+00,2.828729864764263802e+00,1.758255272063393715e+00
6.309142084781798054e-01,7.090348985732113363e-01,-3.557192115229808049e-01,-1.080037241766298006e+00,2.482275563761517923e-01,-1.061298799344101207e+00
3.852534523720792414e+00,4.194963670939209521e+00,3.933918800593922072e+00,3.804714539219743230e+00,4.396733071479081545e+00,4.199738846375449697e+00
2.306517470682379667e+00,2.591988875871221953e+00,1.882783026420966621e+00,1.241259886343380359e+00,2.699581599229099460e+00,1.436327681692531444e+00
-1.233007303610808458e+00,-1.266065753026889062e+00,-2.594784653728977375e+00,-3.383798569394214528e+00,-1.829746687146185824e+00,-3.321602737558077667e+00
2.254493574748560381e+00,2.511590380480225537e+00,1.852943788910679457e+00,1.269438743918672063e+00,2.603237865271143647e+00,1.349338932301208160e+00
-1.559067733260965927e-01,-2.032262631614101256e-01,-1.411879616683980432e+00,-2.172349208337386983e+00,-8.144953357086781587e-01,-2.201574200416658744e+00
2.118009339191651907e+00,2.151615623332850280e+00,1.089317922447893272e+00,1.728800154241031395e-01,1.479457609832376397e+00,-1.263387599522933225e-01
3.317954658437223259e-01,3.797079168687764739e-01,-7.204429587886740372e-01,-1.433881469318177171e+00,-1.207160944279950243e-01,-1.414187666294947743e+00
2.658302764101843962e+00,2.985123234652578006e+00,2.535601942493907579e+00,2.150940311219897261e+00,3.214496750627510835e+00,2.463462373987830301e+00
9.055428883461693612e-01,9.523639505257736060e-01,-1.034694999737656440e-01,-7.682555333710135992e-01,3.926537163475161130e-01,-8.014920187425278453e-01
1.986871065399806735e-01,2.667851777454897100e-01,-8.085245048811837698e-01,-1.505839440946104002e+00,-1.560692450477016990e-01,-1.435205202238448496e+00
2.460994726052706305e+00,2.731010159476099375e+00,2.259568324322825283e+00,1.793125124917696489e+00,2.924814328915936734e+00,2.170531227756401726e+00
1.826855142406107468e+00,1.975602085996638113e+00,1.446406248626477709e+00,9.331003580216519211e-01,2.103196805853690066e+00,1.181264569371000661e+00
2.810003387375321182e+00,3.129199168013749421e+00,2.687937210427245649e+00,2.303965574780823200e+00,3.305673387278421416e+00,2.600188538491589707e+00
-1.031505529079539407e-01,-1.461990611199415202e-01,-1.343484221699559056e+00,-2.101423407249514597e+00,-7.492659473332525799e-01,-2.126728447302165481e+00
2.954454344294867862e+00,3.304787743371907283e+00,2.955787365767696961e+00,2.692129680482606258e+00,3.570707668117124811e+00,3.054942783912588666e+00
2.085731246043642351e+00,2.315325819336787827e+00,1.635694491149455310e+00,1.097416820853793329e+00,2.268167000661044597e+00,1.259746004060244839e+00
2.805137464068839570e+00,3.183334044344854341e+00,2.592076528647956568e+00,1.979053535083813209e+00,3.302102934398095435e+00,2.095344651003209435e+00
1.765598009055467488e+00,1.955836985572251052e+00,1.208522145553832861e+00,6.462479080620167071e-01,1.837483605829665301e+00,7.877206589980267903e-01
1.898822657948215475e+00,2.068613377289681754e+00,1.311300787838762583e+00,7.327755728410916269e-01,1.897413877745854460e+00,8.400938575006557940e-01
8.408250087965287722e-01,1.190188922443105257e+00,4.685248691113252928e-02,-6.809326214689230827e-01,7.079127609615677441e-01,-7.010956595818260695e-01
1.885997067457924281e+00,2.111652982607900242e+00,1.482731393044204093e+00,1.005587574414683383e+00,2.155569829154162509e+00,1.243804920897936706e+00
-3.959067823224218241e-01,-4.779376624213145242e-01,-1.757130682440040337e+00,-2.564600567086677607e+00,-1.168431082726622883e+00,-2.628724552895937094e+00
8.156366867176055857e-01,9.614923854214978416e-01,3.975212482593404317e-02,-6.037348029854647802e-01,6.959166246468417860e-01,-4.784960397857089265e-01
1.997786922525308650e+00,2.225429813866525386e+00,1.505368142834297540e+00,9.513465404440236695e-01,2.133489494084408911e+00,1.096099978359890148e+00
1.974495463069745327e+00,2.116865972626997383e+00,1.330261210745516731e+00,7.341066391092474497e-01,1.859120392096738072e+00,7.901670029770491155e-01
1.556470474654716662e+00,1.703898638922608066e+00,8.583260721368071167e-01,2.465173312654220239e-01,1.480326109754369179e+00,3.264187162880976545e-01
2.185302428689650078e+00,2.468543139230392036e+00,1.815799586741128291e+00,1.297794966198704714e+00,2.575149012704751605e+00,1.510681264380842936e+00
7.159830760209855427e-01,7.722111024080744457e-01,-2.259969823249392551e-01,-8.944583793987995746e-01,3.749348538039096734e-01,-8.438353123686799240e-01
3.026497124148977313e+00,3.413597416169449339e+00,2.811063829516289747e+00,2.222375040633796317e+00,3.376215263500292885e+00,2.388869970923142017e+00
3.195441372055258800e-01,3.328586560140094353e-01,-7.585564599234098093e-01,-1.469938396730268604e+00,-1.554278071799213290e-01,-1.453227219550979443e+00
2.466021133319376890e+00,2.736025298169816544e+00,2.176886399343178180e+00,1.708844746266282577e+00,2.860351987664758067e+00,2.009102585739688696e+00
1.763154081876751711e+00,1.954561532649799149e+00,1.209267484317098074e+00,6.468712620499080801e-01,1.840896271231984960e+00,7.902556098497202086e-01
-1.919991300403627310e-01,-2.596974648906131833e-01,-1.480617929249101516e+00,-2.249553448879970219e+00,-9.127603151943377569e-01,-2.295583678011174023e+00
2.586569025516855636e+00,2.921929361969603178e+00,2.368350550498703910e+00,1.806950701505389389e+00,3.165876189732894197e+00,1.983551409187520154e+00
7.000537899364125405e-01,7.428728210468075188e-01,-2.487789330614540440e-01,-8.859612950250054242e-01,3.836508687714885735e-01,-8.234523133541307160e-01
1.256005166089771530e+00,1.408791648175834688e+00,5.329562172247912510e-01,-8.731052481174073066e-02,1.225472561745013733e+00,2.368728963329586046e-02
2.574903879158281228e+00,2.898502002055904470e+00,2.537188524605757944e+00,2.137250273450856497e+00,3.259073429062953053e+00,2.553277817480253287e+00
4.040245040217584904e-01,3.156894429074919017e-01,-6.877425340609353288e-01,-1.360676461592380537e+00,-1.313724260047235415e-01,-1.326030750420743143e+00
1.724171118780975620e+00,1.989375086629014744e+00,1.360592300068321769e+00,7.868309965561995911e-01,2.659297084841712788e+00,1.093210790052119075e+00
3.131999603121549569e+00,3.527455380284863828e+00,3.011007125474655766e+00,2.365435298830358413e+00,3.566092892364390643e+00,2.593498238074275264e+00
3.575911774632094087e+00,3.927039775604863170e+00,3.682692206841411853e+00,3.539152632014756605e+00,4.251878758934498848e+00,3.915920792747444867e+00
2.349714182855354494e+00,2.653536588337645163e+00,2.064051568728769048e+00,1.482977172571533497e+00,2.865895443822721766e+00,1.713019987508911823e+00
7.369905421575020377e-01,7.380594335450594290e-01,-2.398541384179011526e-01,-1.003376760305538351e+00,3.289282648319389324e-01,-9.744829307727338463e-01
5.423688642440480656e-01,6.667632980035972379e-01,-4.027598842958115544e-01,-1.099265667534482294e+00,2.042408659296481854e-01,-1.048167095321764553e+00
2.325493123785436822e+00,2.600935727512796447e+00,1.992462908096602758e+00,1.409887335535215946e+00,2.760639785917626376e+00,1.622440696346950428e+00
3.226782526719831345e+00,3.638136674285838978e+00,3.226850655417476510e+00,2.713787651253232180e+00,3.963682139282604933e+00,2.960029271781476012e+00
2.659432982655898670e+00,2.933520224130439225e+00,2.566009312358587202e+00,2.187648164255301175e+00,3.233286838932593721e+00,2.571399901853151704e+00
1.487638172976458062e+00,1.651126041835400349e+00,8.833177896783869221e-01,3.456001817258584352e-01,1.508818241310895258e+00,4.871354373841685348e-01
9.498966089808186242e-01,1.041879755502663318e+00,9.453535340958552080e-02,-5.486341202428798303e-01,7.096764474535801615e-01,-4.773243584387725780e-01
6.613019231890908678e-01,6.732219666658926238e-01,-3.438245361953227164e-01,-1.018837258392907952e+00,2.219327774042612056e-01,-9.984037894351251996e-01
1.265689796045577742e+00,1.421283334350123884e+00,5.520114362758477000e-01,-5.896158147462049470e-02,1.244219264922655332e+00,6.110526269257121612e-02
2.062318821373019251e-01,2.357415195408270048e-01,-8.996137234565433349e-01,-1.654083942951287689e+00,-2.986243989142371991e-01,-1.651176517080173101e+00
2.146143069713343898e+00,2.199957529243826038e+00,1.177619811535463468e+00,4.396140386693034863e-01,1.605229424426096507e+00,1.942686056575768094e-01
1.859064817696524097e+00,2.060733966012229690e+00,1.326053713659455902e+00,7.662744656204147908e-01,1.955242043261785634e+00,9.079582144513593800e-01
3.099816898550011857e+00,3.511079141728699504e+00,2.995057589377788432e+00,2.394110058303971833e+00,3.718646865260748946e+00,2.563292144602570488e+00
3.627043669867355824e-01,4.250034941900320273e-01,-6.808012469069386619e-01,-1.400775086044100615e+00,-9.130796168025434589e-02,-1.382177986609237408e+00
1.162424812544619712e+00,1.300386376357113960e+00,3.820486787519239424e-01,-2.503564242009799767e-01,1.062734622576549270e+00,-1.604612542823077304e-01
9.768526282992313625e-01,1.072511592415801074e+00,2.665918997093558174e-01,-3.388486451873604643e-01,9.492810490551519820e-01,-2.082593728489793850e-01
-1.168261764807452252e-01,-1.625227691816852893e-01,-1.366312717018910883e+00,-2.129670952575567711e+00,-7.774072576476500629e-01,-2.159203294295850561e+00
9.082971741910048635e-01,1.008592845136112803e+00,4.080143913370615216e-02,-6.234477437665543187e-01,6.588894172056692922e-01,-5.648754080332114569e-01
8.963276535683517565e-03,-3.836541554071648541e-02,-1.218528096249936299e+00,-1.960296413002947880e+00,-6.432670702705047816e-01,-1.991692912047180908e+00
2.355678643957156204e+00,2.546555025543395523e+00,2.139618474462231745e+00,1.649041892761995420e+00,2.748580526414840630e+00,2.059388765276644495e+00
1.596452809733507561e+00,1.791310059758509654e+00,9.896791729066305443e-01,4.062526744210188112e-01,1.700816798134864305e+00,5.461794624116276253e-01
2.440213371915965546e+00,2.649091964859134229e+00,2.231221539327193248e+00,1.744760931880249277e+00,2.850164049843955105e+00,2.165492569663474587e+00
1.449349593769206690e+00,1.609431436302138696e+00,8.492202186255826124e-01,2.751848657576996815e-01,1.574638187727838812e+00,5.174405003951204618e-01
2.840166663744312370e+00,3.179871395598943273e+00,2.451855184306054536e+00,1.748502551782974201e+00,3.113421097690780570e+00,1.799365643003002724e+00
3.893660203599035974e+00,4.245859342348119014e+00,3.983742296098089497e+00,3.872003143962158500e+00,4.452737829527499969e+00,4.260159613154034020e+00
-5.864704534168325711e-01,1.235994701154935704e+00,-3.429684346833956621e-01,-1.161050574249113954e+00,3.695016759525553418e-01,-6.032406424944023460e-01
6.659385408114348870e-01,7.366395346100016450e-01,-2.764142268932598956e-01,-9.495335312811631345e-01,3.293810903905922682e-01,-8.995336358867269677e-01
8.774745641142521757e-01,9.705613902754789413e-01,-8.935411335125542642e-03,-6.719878116061349660e-01,5.966906545496785119e-01,-6.211992585034251668e-01
-4.184016593400463613e-01,-4.642716013359398097e-01,-1.739314448927153256e+00,-2.530059707400295732e+00,-1.144757269431125213e+00,-2.571932235810044265e+00
1.538744843306338206e+00,1.701027702855138379e+00,9.404977519536825703e-01,3.856982186275706992e-01,1.565327092862477176e+00,5.308697843888602330e-01
2.546371572858304955e+00,2.843695080035620215e+00,2.182333651968280108e+00,1.545168849503424813e+00,2.947587854957751219e+00,1.720431674341909467e+00
1.888468007966069617e+00,2.010416899123852019e+00,1.082541170833640987e+00,3.275813369910813844e-01,1.653003297988664633e+00,2.527936229411829605e-01
3.283187610292024328e-01,3.287255637674610931e-01,-7.668125601786963674e-01,-1.485026644389944028e+00,-1.706968914370823320e-01,-1.475801096204293561e+00
5.506797485853454077e-01,6.375303479809374396e-01,-4.167647631923514506e-01,-1.108838849512120195e+00,1.887256578793559125e-01,-1.066333422540202580e+00
3.557955033639383924e-01,3.664957925930820704e-01,-7.109862212953752536e-01,-1.421282846789455601e+00,-1.043543539077924631e-01,-1.399644819104405968e+00
8.465157724598887379e-01,8.518441281735805726e-01,-1.385678238996029821e-01,-7.983291602424219535e-01,5.936466202433651196e-01,-7.333681073893647540e-01
1.654588224885915393e+00,1.864127147140905771e+00,1.155238563327550372e+00,6.974933471336118851e-01,1.846280042020155499e+00,8.958537999083622250e-01
1.871726729147940471e+00,2.073326786384637188e+00,1.345041616136468221e+00,7.892280622365736020e-01,1.969660459500164107e+00,9.332624992093316862e-01
1.402501375201537837e+00,1.570579629002651023e+00,7.449500404064424153e-01,1.508666288942985823e-01,1.377654678048240600e+00,2.725095407425660587e-01
5.147449805783566035e-01,4.200806044127114447e-01,-8.588671465231010327e-01,-1.244359739247169028e+00,-3.102021258542524418e-01,-1.360341797620209903e+00
2.302316640378134771e+00,2.569841730826190496e+00,1.911725244400138912e+00,1.311641631781687245e+00,2.699904597291979069e+00,1.463084295050279815e+00
3.968470958017785044e+00,4.284146356050004378e+00,3.984416120855127197e+00,3.882756605188538934e+00,4.389220941671009513e+00,4.219916876861087296e+00
-7.451622439597056502e-01,-9.738544454197515243e-01,-2.464998704418011499e+00,-3.673737518230186350e+00,-2.049587568455290665e+00,-3.968430860415472328e+00
1.374479790472411533e+00,1.539085808160949309e+00,7.708951138290291993e-01,2.162232611111626623e-01,1.382397473956422207e+00,3.804737771165541682e-01
2.163773699900146674e+00,2.435156269893335335e+00,1.793392665836342381e+00,1.298488140493834653e+00,2.463796628732204397e+00,1.516662228510367472e+00
7.815960173758514928e-01,8.595852523991412975e-01,-1.245751924974310976e-01,-7.852270102546411445e-01,5.130238587965251229e-01,-7.198959842515857410e-01
2.564190532517010457e+00,2.856191625647273469e+00,2.339433262495587584e+00,1.805012616592247099e+00,3.147986803974414993e+00,2.048293936647002322e+00
1.665134969673738752e+00,1.888788663864007011e+00,1.541876757902123529e+00,1.097404613376987470e+00,2.249284013624360590e+00,1.488225114558128670e+00
