1.755874855999999928e+00,1.967079734000000135e+00,1.677606953000000178e+00,1.278753601000000018e+00,2.416640506999999882e+00,1.679427896999999836e+00
2.938490902000000293e+00,3.333352568000000460e+00,2.837448933000000117e+00,2.348963222500000114e+00,3.448483450999999977e+00,2.630869274000000146e+00
1.641917800000000094e+00,1.819724191999999796e+00,1.041392684999999929e+00,4.671929860000000323e-01,1.659119034000000159e+00,5.985808270000000375e-01
-7.981204740000003017e-01,-9.410891859999996889e-01,-2.306609796000000046e+00,-3.135531999999999986e+00,-1.762205006999999934e+00,-3.238992591000000143e+00
1.881909440999999905e+00,2.167106657500000200e+00,1.629398750250000028e+00,1.201691205249999950e+00,2.399409004999999873e+00,1.543342098000000107e+00
1.288516879999999976e+00,1.476747109000000169e+00,6.334684560000000131e-01,4.795860800000001367e-02,1.397940009000000039e+00,2.137314449999999921e-01
1.938135094000000169e+00,2.155551646000000154e+00,1.462397998000000143e+00,9.590413920000000481e-01,2.079181246000000094e+00,1.130944697999999971e+00
1.568201724000000130e+00,1.672097858000000103e+00,1.361727836000000025e+00,1.278753601000000018e+00,2.000000000000000000e+00,1.113943351999999942e+00
-7.752174010000001392e-01,-9.151579860000000899e-01,-2.275161081999999446e+00,-3.101684916000000403e+00,-1.730020323000000193e+00,-3.202920530000000099e+00
2.021143346999999757e+00,2.251947418999999950e+00,1.568201724000000130e+00,1.041392684999999929e+00,2.204119983000000005e+00,1.214871028999999991e+00
1.139433519999999422e-01,-5.686362360000001281e-01,-1.397940009000000261e+00,-2.045757490999999817e+00,-9.394128740000002864e-01,-2.000000000000000000e+00
1.071658927999999955e+00,1.217856081999999951e+00,3.673559210000000297e-01,-1.023729090000000119e-01,1.045322979000000041e+00,6.709428200000000508e-02
1.548451586999999963e+00,1.714470603999999954e+00,9.138138519999999820e-01,3.300720710000000224e-01,1.530124309000000071e+00,4.530602189999999863e-01
1.526627840000001068e-01,1.426536249999998951e-01,-9.913998279999998164e-01,-1.717639439999999684e+00,-3.962337529999999663e-01,-1.720089105999999646e+00
1.815812051999999843e+00,2.015548903000000003e+00,1.278753601000000018e+00,7.223069840000000408e-01,1.899114221000000047e+00,8.693224870000000326e-01
1.530906716999999917e+00,1.735052046999999931e+00,9.444826720000000231e-01,3.771178570000000563e-01,1.672097858000000103e+00,5.470483240000000302e-01
7.496806480000000050e-01,6.730011200000001192e-01,-4.343511015000001141e-01,-1.231008599499999967e+00,1.215953825000000155e-01,-1.291081103000000008e+00
2.296347294999999900e+00,2.299268463999999845e+00,1.180985580999999840e+00,4.578818970000000377e-01,1.520090328000000213e+00,7.554696099999996806e-02
3.620488501937499493e+00,4.028191103562500430e+00,3.733584470874999894e+00,3.444648008874999778e+00,4.361736348999999180e+00,3.766272206500000497e+00
1.894214532333333478e+00,2.026970539333333488e+00,1.228691921333333381e+00,5.352189553333333016e-01,1.825009827666666640e+00,6.062471316666666610e-01
1.683947131000000041e+00,1.896602003000000147e+00,1.153929057999999896e+00,6.003968109999999747e-01,1.812913356999999781e+00,7.713857990000000386e-01
8.884214318333333305e-01,1.133609091666666568e+00,3.543444681666667040e-01,-2.771165866666666644e-01,1.276864596333333379e+00,5.541658950000000194e-02
2.585863226999999931e+00,2.866196879499999906e+00,2.307711976500000262e+00,1.760569041500000154e+00,3.165206887000000080e+00,1.931065689499999793e+00
2.188736157800000193e+00,2.435503870000000237e+00,1.787784843000000068e+00,1.269410516200000227e+00,2.413794777400000147e+00,1.449940246799999999e+00
1.879477653000000137e+00,2.099922161999999926e+00,1.397940009000000039e+00,8.976270909999999326e-01,2.041392684999999929e+00,1.078023587999999977e+00
-3.891357610000003575e-01,-4.674731730000001306e-01,-1.730940079000000020e+00,-2.512492583999999862e+00,-1.143981546000000016e+00,-2.563633015000000182e+00
4.250420002000000252e+00,4.565847819000000030e+00,4.271841606999999819e+00,4.220108087999999924e+00,4.645422268999999993e+00,4.544068043999999418e+00
1.799674113000000020e+00,1.960270574000000154e+00,1.084576277999999894e+00,2.810333669999999784e-01,1.715334684000000109e+00,2.900346109999999977e-01
1.413973101999999926e+00,1.563476048000000063e+00,7.308646259999999062e-01,1.335889630000000050e-01,1.346352973999999980e+00,2.450278030000000162e-01
3.301196002666666018e+00,3.752252904333333472e+00,3.165149632000000324e+00,2.449949144666666800e+00,3.735274666333333382e+00,2.542817190333333421e+00
6.936997829999999032e-01,7.519228350000000116e-01,-2.528990689999999208e-01,-9.239035350000001090e-01,3.504630120000000737e-01,-8.777308740000000498e-01
5.654319979999999912e-01,7.853298349999999761e-01,-9.151498099999988423e-02,-6.382721639999999752e-01,1.025305864999999983e+00,-3.179056389999999621e-01
1.208836935999999973e+00,1.332025872000000000e+00,4.502491079999999535e-01,-1.681643589999999855e-01,1.061414845999999912e+00,-7.569695999999997982e-02
2.944482671999999912e+00,3.322219295000000017e+00,2.913813852000000537e+00,2.505149977999999944e+00,3.785329835000000198e+00,2.763427993999999721e+00
3.020950171999998712e-01,3.370722586000001186e-01,-8.570841409333331828e-01,-1.476494383733333304e+00,-2.446630966666667462e-01,-1.500202382533333489e+00
2.639317707333333374e+00,2.992288227333333328e+00,2.534470815999999793e+00,2.046882097333333039e+00,3.391008448666666286e+00,2.311410038666666722e+00
-9.693228270000002755e-01,-1.120829811999999759e+00,-2.522879613999999826e+00,-3.363664144999999994e+00,-1.944710158999999994e+00,-3.466945268999999552e+00
6.781761769999999911e-01,7.344414890000000584e-01,-2.740883679999999156e-01,-9.466776579999999219e-01,3.290385510000000124e-01,-9.019000849999998515e-01
4.012755336499999714e+00,4.373752513999999536e+00,4.103749861500000762e+00,4.008516669500000518e+00,4.553204250000000286e+00,4.392607953500000662e+00
3.494995480000000487e-01,4.828735840000000223e-01,-3.872161430000000681e-01,-1.045757490999999817e+00,6.344772699999999821e-01,-7.599641219999999642e-01
1.782932755000000036e+00,2.146128035999999906e+00,1.477121254999999911e+00,8.573324959999999439e-01,2.949390006999999869e+00,1.230448921000000029e+00
1.206572365999999841e+00,1.329475707999999923e+00,4.471580310000000114e-01,-1.714866290000000015e-01,1.058289464000000013e+00,-7.922274400000001160e-02
1.960184146000000016e+00,2.209738820000000104e+00,1.531478916999999829e+00,1.041392684999999929e+00,2.230448920999999807e+00,1.249963667000000056e+00
1.491361694000000071e+00,1.644737269000000168e+00,8.231493240000000711e-01,2.280342060000000171e-01,1.434806143000000089e+00,3.382114239999999827e-01
1.866287339000000101e+00,2.164352855999999825e+00,1.882524538000000192e+00,1.556302501000000227e+00,2.606381364999999839e+00,1.970346876000000025e+00
3.950882291999999740e-01,3.509409653999999712e-01,-7.778388038666668169e-01,-1.537286903933333448e+00,-2.144726280666666707e-01,-1.587566951933333526e+00
3.322219295000000017e+00,3.698970003999999978e+00,3.431363764000000316e+00,3.230448921000000251e+00,3.963787826999999986e+00,3.623249289999999956e+00
2.698622290499999909e+00,3.016309380500000081e+00,2.657775266999999886e+00,2.300486448000000017e+00,3.278753601000000018e+00,2.719666346499999943e+00
-8.792041659999998426e-01,-1.032893347999999989e+00,-2.417947599999999753e+00,-3.255360744999999945e+00,-1.876148359000000099e+00,-3.366698416999999832e+00
1.534297682999999912e+00,1.674560001500000173e+00,8.454597185000000126e-01,2.462684310000000099e-01,1.440349644499999915e+00,3.388960795000000026e-01
1.858477723000000026e+00,1.974609006999999972e+00,8.819549709999999765e-01,7.918124599999998292e-02,1.597366049999999982e+00,-1.023729090000000119e-01
3.190327824500000187e+00,3.624245093999999945e+00,3.137640787750000548e+00,2.528104820250000273e+00,3.872252113250000072e+00,2.663318958750000132e+00
1.924684166875000102e+00,2.190075859124999802e+00,1.597810555124999699e+00,1.334292841125000351e+00,2.406028252250000055e+00,1.657222515625000003e+00
6.607992154999999812e-01,1.146406820999999798e+00,-1.526974009999999549e-01,-8.975501174999999110e-01,4.065902665000000749e-01,-1.073769873999999902e+00
1.810376409000000075e+00,2.033423754999999833e+00,1.071882007000000137e+00,4.403482000000000229e-01,1.676376691999999835e+00,4.433471339999999761e-01
3.820880664999999343e-01,2.943934750000001266e-01,-1.024574270500000051e+00,-1.872363747500000120e+00,-3.358713755000000134e-01,-1.895977370999999856e+00
2.007446553999999939e+00,2.231351153000000309e+00,1.540329475000000059e+00,1.003447065000000027e+00,2.163593108000000154e+00,1.167684522999999919e+00
9.146112748461538988e-01,9.947275654615383988e-01,1.498767306923076692e-01,-4.602308997692305947e-01,7.930913115384614631e-01,-3.167500424615384280e-01
1.852479994000000074e+00,1.871345288999999967e+00,8.767949759999998927e-01,1.238516409999999984e-01,1.477121254999999911e+00,2.474414800000002135e-02
2.656669203999999951e+00,2.955953674999999947e+00,2.477121255000000133e+00,2.176091259000000111e+00,3.041392684999999929e+00,2.439612091999999954e+00
2.995555769666666368e+00,3.390302464444443942e+00,2.890040419222223100e+00,2.311728272111110538e+00,3.303216406999999855e+00,2.485477531666666628e+00
1.050185272500000044e+00,9.175280509999999001e-01,-3.633835829999998435e-01,-1.105209643999999880e+00,4.466033765000000377e-01,-1.085348113499999823e+00
2.039797565000000201e+00,2.347616190000000103e+00,1.653212514000000022e+00,1.041392684999999929e+00,2.531478916999999829e+00,1.272274310000000019e+00
1.904442933499999935e+00,1.918225357000000075e+00,8.677994500000000277e-01,6.516688399999998049e-02,1.539590623000000047e+00,-2.673085744999999513e-01
3.693453469333333850e+00,4.123441649833334388e+00,3.771665806666666398e+00,3.248847441166667238e+00,4.441522543666667211e+00,3.454010595666666905e+00
1.098602376999999963e+00,1.322219295000000017e+00,4.471580310000000114e-01,1.760912589999999722e-01,1.187520720999999835e+00,3.979400089999999834e-01
-7.090404074444445204e-01,-8.161939243333331540e-01,-2.103222268000000561e+00,-2.770919493777777465e+00,-1.517139802444444463e+00,-2.793799038666666679e+00
1.010509540000001927e-01,1.766504090000000637e-01,-7.424059105000000436e-01,-1.266053281000000030e+00,1.306441110000000627e-01,-1.014700943999999883e+00
-8.042663520000001842e-01,-1.514420523000000074e+00,-1.762205006999999712e+00,-2.804266351999999962e+00,-2.658664414999999615e+00,-2.748738066000000035e+00
7.864883346666665664e-01,9.099209236666666589e-01,6.811941000000043545e-03,-5.318822749999999600e-01,7.445949966666667308e-01,-3.656250719999999954e-01
2.182208283000000026e+00,2.428152739999999810e+00,1.778874471999999818e+00,1.259833706000000220e+00,2.404785518000000177e+00,1.439776785000000059e+00
2.311753861000000132e+00,2.477121255000000133e+00,1.806179973999999966e+00,1.204119983000000005e+00,2.623249289999999956e+00,1.301029996000000022e+00
9.387074540000001077e-01,1.031234081000000025e+00,6.069784000000000290e-02,-6.575773189999999380e-01,6.989700040000000891e-01,-6.061591789999998259e-01
1.541579244000000015e+00,1.651278014000000072e+00,9.030899869999999829e-01,2.304489210000000288e-01,1.785329834999999976e+00,4.149733479999999641e-01
1.612783856999999932e+00,1.939519253000000054e+00,1.173203540000000045e+00,6.532125140000000219e-01,1.838849090999999936e+00,8.570060120000000392e-01
1.769643687999999937e-01,9.034211280000015165e-02,-1.051410050099999882e+00,-1.801831165199999862e+00,-5.100139167999999668e-01,-1.857369253099999895e+00
4.428681029999999019e-01,4.694578279999999104e-01,-5.952774769999999993e-01,-1.291889664000000160e+00,4.284830000000017236e-03,-1.268258935999999837e+00
1.436324579999999962e+00,1.602059990999999961e+00,6.454222689999999929e-01,7.121218000000012482e-03,1.250898022999999970e+00,3.703447599999998285e-02
1.037166350187499919e+00,1.129121988843749813e+00,2.098307741249999525e-01,-4.158753898125000514e-01,7.559474910312498075e-01,-3.452614552812500182e-01
1.415540440999999872e+00,1.564797533999999990e+00,7.323937600000000048e-01,1.350829119999999994e-01,1.346690785999999918e+00,2.461264999999999981e-01
2.431363763999999872e+00,2.707570176000000384e+00,2.380211241999999672e+00,2.000000000000000000e+00,2.977723604999999996e+00,2.301029996000000022e+00
3.968482949000000204e+00,4.313867219999999669e+00,4.068185861999999986e+00,3.963787826999999542e+00,4.546542663000000317e+00,4.356025856999999668e+00
3.612783857000000154e+00,3.995635195000000195e+00,3.770852011999999753e+00,3.623249289999999956e+00,4.255272504999999761e+00,4.041392684999999929e+00
2.144724360000000996e-01,2.122583250000003030e-01,-9.070313380000001313e-01,-1.626960724999999996e+00,-3.109289269999999661e-01,-1.623855634000000103e+00
8.787310059999999812e-01,9.251645909999999251e-01,-9.151498099999988423e-02,-8.860566479999999467e-01,4.548448600000000175e-01,-9.012893079999999557e-01
9.190780920000000132e-01,1.146128035999999906e+00,6.434526760000000012e-01,7.918124599999998292e-02,1.575187845000000086e+00,2.304489210000000288e-01
1.093837830200000028e+00,1.126528119400000083e+00,1.024412672000000191e-01,-6.522531315999999801e-01,6.582678720000000316e-01,-6.967811950000000198e-01
1.259778955000000034e+00,1.556580573000000189e+00,9.777236049999999956e-01,4.771212550000000219e-01,1.808647120999999913e+00,9.242792859999999777e-01
2.093844953750000126e+00,2.303056072249999975e+00,1.596455557000000081e+00,1.019846545500000090e+00,2.254927203249999845e+00,1.201615401999999833e+00
4.428681029999999019e-01,4.694578279999999104e-01,-5.952774769999999993e-01,-1.291889664000000160e+00,4.284830000000017236e-03,-1.268258935999999837e+00
-3.488488200000006145e-02,-2.248193000000009434e-03,-1.240477019500000333e+00,-1.808498797499999977e+00,-5.790346729999997777e-01,-1.804198286999999734e+00
1.614504413000000138e+00,1.826061369000000045e+00,1.079181245999999872e+00,5.910646070000000751e-01,1.778151250000000072e+00,7.851207850000000432e-01
2.015963877999999987e+00,2.130462838000000136e+00,1.009875634000000133e+00,2.329961100000000063e-01,1.731185708000000156e+00,4.321373999999988946e-03
1.151791731799999940e+00,1.327180939999999865e+00,5.452171305999999884e-01,-9.016108400000000245e-03,1.277026482799999973e+00,2.078138702000000004e-01
1.509977996999999794e+00,1.593538590999999949e+00,6.253124509999999914e-01,-1.772876699999997863e-02,1.164055292000000019e+00,-7.572071400000002228e-02
1.139433519999999422e-01,-7.661112999999941664e-03,-1.242955549999999798e+00,-2.031592686999999842e+00,-7.958800169999999952e-01,-2.166660665000000208e+00
1.047809650999999898e+00,1.174317375999999857e+00,2.624510899999999980e-01,-3.617499800000000265e-01,9.365137420000000379e-01,-2.553307309999999775e-01
-3.412273879999998538e-01,-3.665315439999998759e-01,-1.698970003999999756e+00,-2.522878744999999867e+00,-1.000000000000000000e+00,-2.586302521999999993e+00
1.505149978000000166e+00,1.605116980000000027e+00,7.389500500000000249e-01,1.169805269999999869e-01,1.278753601000000018e+00,1.626814079999999996e-01
1.239785828000000034e+00,1.366258626999999892e+00,4.916842429999999653e-01,-1.238320039999999955e-01,1.101575245999999897e+00,-2.931502800000002074e-02
1.858012439000000127e+00,1.956226639333333184e+00,1.146735583000000114e+00,5.148845816666666186e-01,1.638554534333333201e+00,5.665867460000000300e-01
5.563025009999998938e-01,5.068645229999999557e-01,-6.095113549999999769e-01,-1.344196644000000163e+00,-1.307682800000000700e-01,-1.419708895999999942e+00
3.476043158750000472e+00,3.849188408749999901e+00,3.568196660499999950e+00,3.392190547249999799e+00,4.093147000250000112e+00,3.792491059749999671e+00
1.188451053999999951e+00,1.383583296999999934e+00,3.979400089999999834e-01,-5.528419689999999331e-01,1.322219295000000017e+00,-4.754306360000000731e-01
2.290561730000000296e-01,2.218954850000001144e-01,-8.961709129999999579e-01,-1.617528988999999751e+00,-3.187587629999997230e-01,-1.621201904000000082e+00
1.584331224000000038e+00,1.673422668000000169e+00,8.070535740000001068e-01,1.814570330000000176e-01,1.322219295000000017e+00,2.089833620000000058e-01
1.301029996000000022e+00,1.438216741999999826e+00,5.816548860000000376e-01,-2.482618000000003100e-02,1.195881834000000143e+00,7.929975999999999692e-02
4.486126839999999838e-01,4.647967938333332771e-01,-6.194224943333332956e-01,-1.369555773333333448e+00,-3.607507099999995859e-02,-1.372673434166666651e+00
1.962198046999999779e+00,2.180396185999999847e+00,1.478566496000000008e+00,9.370646090000001038e-01,2.101144673000000296e+00,1.097235640000000068e+00
7.370452940000000730e-01,7.885603367500000349e-01,-2.166053632500000159e-01,-8.898819897499999909e-01,3.711437017499998881e-01,-8.545467224999998557e-01
2.267812441999999873e+00,2.536558443000000107e+00,1.795880016999999995e+00,1.248264740000000206e+00,2.415183886999999974e+00,1.364054295999999944e+00
1.677458748000000055e+00,1.859747343000000219e+00,1.089905110999999982e+00,5.193338330000000225e-01,1.708169859000000068e+00,6.539156950000000190e-01
3.151327343199999742e+00,3.511354498400000246e+00,3.062485445000000084e+00,2.498809129400000106e+00,3.777662680999999800e+00,2.632203421800000331e+00
2.152781474000000195e+00,2.396238882000000014e+00,1.740362689000000351e+00,1.218866573999999980e+00,2.369215856999999925e+00,1.397636165999999847e+00
-5.231936765000002598e-01,-6.184376359999999018e-01,-1.913925480499999887e+00,-2.709164126000000117e+00,-1.328997750500000130e+00,-2.772352176000000057e+00
-4.364805000000027135e-03,-1.804560639999999161e-01,-1.522878745000000089e+00,-2.251811973000000133e+00,-1.337242167999999953e+00,-2.506574547000000042e+00
1.751032808000000163e+00,1.942600104000000050e+00,1.190331698000000049e+00,6.272716870000000222e-01,1.809710996999999821e+00,7.684655590000000203e-01
-1.121077292000000059e+00,-1.291722602999999747e+00,-2.730020322999999749e+00,-3.586297658000000332e+00,-2.154149750999999835e+00,-3.703216768999999520e+00
3.122400711000000051e+00,3.496724728499999824e+00,3.095445858499999758e+00,2.618771868999999697e+00,3.858627156499999877e+00,2.899670275000000075e+00
2.301029996000000022e+00,2.643452675999999890e+00,2.255272505000000205e+00,1.812913356999999781e+00,3.113943351999999720e+00,2.230448920999999807e+00
1.045116554999999892e+00,1.145851182000000135e+00,2.243795760000000250e-01,-4.115220949999999211e-01,8.280150640000000228e-01,-3.359167569999999547e-01
2.477608630000001089e-01,2.477348839999999885e-01,-1.047639437499999993e+00,-1.832533460500000100e+00,-5.214831640000001656e-01,-1.965101275499999911e+00
6.212859280000000428e-01,6.331416619999998829e-01,-3.015916059999999010e-01,-1.047639437499999993e+00,2.753476450000000852e-01,-9.806733020000000245e-01
3.361604654999999831e+00,3.794630665499999722e+00,3.270552377500000496e+00,2.640402963999999741e+00,3.968007914000000191e+00,2.785084595999999912e+00
1.295271059000000058e+00,1.417387078000000189e+00,5.670263660000000039e-01,-4.364804999999999380e-03,1.133538908000000012e+00,9.378637400000000568e-02
7.817553750000000301e-01,8.747747659999999259e-01,-7.720506099999990823e-02,-7.146954049999998393e-01,5.440338689999999477e-01,-6.270789340000000323e-01
2.204119983000000005e+00,2.342422680999999951e+00,1.591064606999999853e+00,9.542425090000000720e-01,2.322219295000000017e+00,9.542425090000001831e-01
1.040710902999999909e+00,1.142696831999999940e+00,2.207616539999999183e-01,-4.148160109999999845e-01,8.293805009999999367e-01,-3.374578909999999543e-01
7.918124600000009394e-02,1.066492869999997595e-01,-9.982368350000001556e-01,-1.704716863999999887e+00,-3.565473240000001098e-01,-1.656931679000000157e+00
4.464118384999999911e+00,4.964480724999999595e+00,4.785329834999998866e+00,4.301029996000000466e+00,5.407568160000000290e+00,4.594135937999999975e+00
3.125867764999999743e+00,3.541353200000000090e+00,2.979382250500000495e+00,2.342148830999999820e+00,3.687449291000000073e+00,2.426520399000000161e+00
3.176091258999999667e+00,3.568201723999999686e+00,3.301029996000000466e+00,3.041392684999999929e+00,3.903089986999999983e+00,3.477121255000000133e+00
2.380211241999999672e+00,2.618048096999999963e+00,2.491361694000000071e+00,2.000000000000000000e+00,3.301029995999999578e+00,2.633468456000000124e+00
1.406988136999999917e+00,1.602885574999999951e+00,7.853298349999999761e-01,2.086384129999999948e-01,1.531478916999999829e+00,3.763092379999999904e-01
4.494779378000000492e+00,5.008297532000000274e+00,4.857332496000000610e+00,4.431363763999999428e+00,5.490683107999999812e+00,4.752817134999999915e+00
2.833258990000000033e+00,3.199975237000000305e+00,2.765259927999999867e+00,2.298188571999999930e+00,3.547165675000000018e+00,2.507889377999999780e+00
2.727422429999999842e+00,3.117157383999999976e+00,2.717842569000000097e+00,2.227879101500000125e+00,3.552416589999999985e+00,2.482835985499999953e+00
1.354261219999999266e-01,1.076621929999999061e-01,-1.065501549000000381e+00,-1.886056647999999836e+00,-4.884542469999999525e-01,-1.932976491999999880e+00
-8.497485499999999359e-01,-9.995432599999998224e-01,-2.377501443999999964e+00,-3.211830048999999576e+00,-1.834755674000000170e+00,-3.320306180000000218e+00
2.414973348000000186e+00,2.724275870000000044e+00,2.176091259000000111e+00,1.672097858000000326e+00,3.041392684999999929e+00,1.886490725000000035e+00
3.204119983000000005e+00,3.591064606999999853e+00,3.322219295000000017e+00,3.113943351999999720e+00,3.857332496000000166e+00,3.518513940000000062e+00
1.909430463000000078e+00,2.120973883000000004e+00,1.406540179999999918e+00,8.596511850000000399e-01,2.028318996999999957e+00,1.015080057999999896e+00
1.715527431999999797e+00,1.913160491999999824e+00,1.176091259000000111e+00,6.720978579999999925e-01,1.807020701999999979e+00,8.391547230000000468e-01
7.427251309999999274e-01,6.473829700000000020e-01,-6.736641390000002172e-01,-1.431798275999999870e+00,-8.092190800000009787e-02,-1.522878745000000089e+00
1.242102293000000079e+00,1.377596534000000039e+00,5.440680439999999729e-01,4.139268499999998463e-02,1.146128035999999906e+00,1.773203480000000165e-01
9.027083679999999832e-01,9.900631609999999139e-01,4.139268500000004014e-02,-5.917600349999999620e-01,6.511018339999999904e-01,-5.191588609999999715e-01
7.080930026250000786e-01,6.128903459999999193e-01,-4.053348721249998565e-01,-1.077910719874999756e+00,3.514545425000004109e-02,-1.123622319249999890e+00
-7.706452600000002207e-02,-1.160454600000002667e-01,-1.304971346999999726e+00,-2.054664108000000322e+00,-7.132853409999997396e-01,-2.077759083000000118e+00
2.748188026999999867e+00,3.079181246000000094e+00,2.792391688999999566e+00,2.397940009000000039e+00,3.518513940000000062e+00,2.863322859999999803e+00
3.662757832000000491e+00,4.041392684999999929e+00,3.792391688999999566e+00,3.672097858000000326e+00,4.322219295000000017e+00,4.041392684999999929e+00
3.544068044000000306e+00,3.886490724999999813e+00,3.591064606999999853e+00,3.431363763999999872e+00,4.056904851000000534e+00,3.819543936000000084e+00
4.289892939999999655e-01,4.538287100000000240e-01,-6.142216730000000791e-01,-1.312250764999999930e+00,-1.486961099999994929e-02,-1.289867308000000046e+00
-3.958940200000005127e-02,-7.384420799999991125e-02,-1.253818823999999887e+00,-1.999685702999999926e+00,-6.615651200000001175e-01,-2.019412834999999795e+00
-5.361904240000001653e-01,-6.330734520000000920e-01,-1.931665686999999965e+00,-2.728231187000000002e+00,-1.346934840999999938e+00,-2.792587238999999943e+00
3.305261269999999474e-01,3.838153659999998801e-01,-5.528419689999999331e-01,-1.221848749999999928e+00,2.227164710000000269e-01,-1.055690373000000015e+00
5.185139399999998400e-01,4.692363680000000148e-01,-6.515856390000001053e-01,-1.387348247999999895e+00,-1.674910869999999274e-01,-1.460282523000000054e+00
1.875061263000000089e+00,1.931566984000000042e+00,1.071090072000000060e+00,4.362776850000000262e-01,1.505149978000000166e+00,4.059751600000000016e-01
1.534902350999999943e+00,1.756682529000000104e+00,9.731278540000000143e-01,4.138832139999999993e-01,1.748188026999999867e+00,6.047758870000000675e-01
-6.922749481428571716e-01,-7.587033424285714034e-01,-2.064609118714285430e+00,-2.819022624571428270e+00,-1.354027396571428454e+00,-2.827067755714285813e+00
2.117554941999999940e+00,2.371067861999999860e+00,1.559906624999999991e+00,9.854148090000001137e-01,2.174491789999999813e+00,1.065481992000000044e+00
-2.362544440000000634e-01,-2.556404160000000925e-01,-1.468521082999999949e+00,-2.216570397999999997e+00,-7.695510790000001933e-01,-2.206241538000000002e+00
2.838885527500000006e+00,3.252958319500000250e+00,2.471174389249999770e+00,1.713051355750000226e+00,3.073044852749999833e+00,1.800637924250000133e+00
1.009776680000000093e+00,1.103205889999999911e+00,1.903316980000000491e-01,-3.979400089999999279e-01,7.701152949999999775e-01,-3.141089739999999852e-01
2.724275870000000044e+00,3.041392684999999929e+00,2.653212513999999800e+00,2.230448920999999807e+00,3.301029995999999578e+00,2.672097858000000326e+00
1.316032924166666840e+00,1.428183833666666791e+00,6.982732046666665360e-01,1.563236346666666832e-01,1.347736793833333335e+00,3.431428258333333314e-01
1.766870830000000225e-01,1.697077190000000346e-01,-9.586073149999998488e-01,-1.682394255999999810e+00,-3.630773029999996293e-01,-1.682684886999999740e+00
3.742591559999999262e-01,3.900495720000001221e-01,-6.917853645000000551e-01,-1.396324158000000093e+00,-9.924881950000008501e-02,-1.381416898999999976e+00
7.403626890000000182e-01,9.493900069999999802e-01,2.118929899999999478e-02,-3.565473239999999988e-01,7.210865479999999383e-01,-1.618128799999999923e-01
4.107209970000000432e+00,4.431363763999999428e+00,4.155336036999999649e+00,4.079181246000000094e+00,4.546542663000000317e+00,4.444044796000000019e+00
1.682953453000000099e+00,1.739000588999999986e+00,5.682017240000000191e-01,-2.146701650000000239e-01,1.204119983000000005e+00,-4.685210830000000048e-01
3.434795969999999699e-01,3.575350639999999025e-01,-7.309400790000000203e-01,-1.437698962999999885e+00,-1.328833780000000520e-01,-1.423000158000000015e+00
2.396572786000000121e+00,3.043362278000000032e+00,1.785329835000000198e+00,8.506462350000000283e-01,2.682817047999999982e+00,8.615344110000000555e-01
2.724275870000000044e+00,3.000000000000000000e+00,2.672097858000000326e+00,2.322219295000000017e+00,3.361727836000000025e+00,2.732393759999999894e+00
2.322711134499999996e+00,2.640970966999999892e+00,2.264458349999999953e+00,1.820240718500000021e+00,3.064199634500000435e+00,2.247077297000000140e+00
2.273210476999999674e+00,2.530631563000000028e+00,1.903089986999999983e+00,1.393339749999999988e+00,2.530379597000000036e+00,1.581461083000000212e+00
2.226888409999999929e+00,2.212985304000000042e+00,9.965116720000000150e-01,8.600171999999989270e-03,1.377852419000000106e+00,-4.559319559999999716e-01
2.290245585999999722e+00,2.549815033999999869e+00,1.926342446999999902e+00,1.418331344999999910e+00,2.553890116999999904e+00,1.607983601999999790e+00
1.643452675999999890e+00,1.781036939000000041e+00,1.278753601000000018e+00,8.102325179999999571e-01,2.245512667999999934e+00,1.173186268000000032e+00
9.881128400000001033e-01,9.084850190000000048e-01,-2.076083109999999898e-01,-9.706162219999999730e-01,3.463529739999999801e-01,-1.089167503999999953e+00
-3.342037149999999013e-01,-4.056134390000001311e-01,-1.655959333000000422e+00,-2.431903756000000083e+00,-1.068168650999999691e+00,-2.478107511999999790e+00
1.658668650000000078e+00,1.847013684500000030e+00,1.091607865500000107e+00,5.692271399999999648e-01,1.719248909500000089e+00,7.253407199999999388e-01
1.565352840000000079e+00,1.733197265000000042e+00,9.350031509999999768e-01,2.833012289999999878e-01,1.583198773999999975e+00,4.042597320000000383e-01
1.071070155999999995e+00,1.176884805999999895e+00,2.622012080000000189e-01,-3.702770429999999724e-01,8.712799580000000210e-01,-2.901905739999999789e-01
1.837588438000000046e+00,2.053078442999999975e+00,1.875061263000000089e+00,1.463892989000000089e+00,2.631443769000000099e+00,1.958085849000000156e+00
2.169327782999999954e+00,2.093564070999999860e+00,1.327971624000000128e+00,6.635122740000000130e-01,1.068334313000000035e+00,4.573361160000000147e-01
-1.658740377249999787e+00,-1.853593502000000726e+00,-3.350066652749999818e+00,-4.082478981000000395e+00,-2.708681081499999976e+00,-4.150302611999999947e+00
1.723397431999999840e+00,1.911479526999999790e+00,1.152610163000000076e+00,5.867288219999999832e-01,1.771570821999999934e+00,7.254391370000000672e-01
2.832508913000000295e+00,3.217483943999999596e+00,2.662757832000000047e+00,2.230448920999999807e+00,3.342422681000000395e+00,2.556302500999999783e+00
1.998449089500000220e+00,2.365488892500000162e+00,1.857272998500000050e+00,1.502273814000000041e+00,2.578563825499999851e+00,1.868628677499999835e+00
3.531478917000000273e+00,3.939519253000000276e+00,3.698970004000000422e+00,3.544068043999999862e+00,4.230448920999999807e+00,3.968482948999999760e+00
2.502312279000000306e+00,2.778444102666666637e+00,2.135358497333333272e+00,1.550688540333333698e+00,2.788319830000000277e+00,1.698046826333333259e+00
3.510547879999998955e-01,3.586323590000000117e-01,-7.447274950000000171e-01,-1.494850021999999612e+00,-1.550741389999998887e-01,-1.499943908000000103e+00
4.049218022999999889e+00,4.394451681000000498e+00,4.158362492000000188e+00,4.064457988999999216e+00,4.587710965000000307e+00,4.463892988999999645e+00
2.230448920999999807e+00,2.505149977999999944e+00,1.770852012000000197e+00,1.113943351999999942e+00,2.633468456000000124e+00,1.342422680999999951e+00
-2.236885254999999795e+00,-2.282857842499999457e+00,-3.740130461999999767e+00,-4.560272926999999754e+00,-2.864077852000000313e+00,-4.455570794999999862e+00
2.278753601000000018e+00,2.556302500999999783e+00,1.929418925999999868e+00,1.361727836000000025e+00,2.716003343999999764e+00,1.431363764000000094e+00
-2.976037240000002360e-01,-3.643976859999997764e-01,-1.606001342000000109e+00,-2.378209226999999704e+00,-1.017656219000000029e+00,-2.421123786999999972e+00
2.273841963000000188e+00,2.247091442999999966e+00,1.116275587999999930e+00,4.921802299999999963e-02,1.354876423000000107e+00,-3.872161429999999016e-01
2.299960420000000116e-01,2.297396710000001452e-01,-8.858420390000001365e-01,-1.604186601999999962e+00,-2.895044659999999048e-01,-1.599686423000000079e+00
2.868147440999999631e+00,3.222615247499999835e+00,2.842870869000000411e+00,2.516309380500000081e+00,3.508046146499999907e+00,2.851941194500000165e+00
1.137121043000000054e+00,1.160855143375000065e+00,-6.868117025000020082e-02,-8.449160397499998476e-01,1.854191688749999845e-01,-1.089613086625000005e+00
7.918124600000009394e-02,1.831517739999999339e-01,-8.526427749999998529e-01,-1.516409744999999809e+00,-1.135092749999999651e-01,-1.375911446999999788e+00
2.380211241999999672e+00,2.623249289999999956e+00,2.146128035999999906e+00,1.643452675999999890e+00,2.806179973999999966e+00,2.079181246000000094e+00
1.792391689000000010e+00,1.812913356999999781e+00,1.462397998000000143e+00,9.030899869999999829e-01,2.000000000000000000e+00,1.230448921000000029e+00
3.123231538999999835e+00,3.476887005000000030e+00,3.079181246000000094e+00,2.740362688999999907e+00,3.662757832000000047e+00,3.016863061000000457e+00
-3.958343419999998947e-01,-4.750165360000000447e-01,-1.740083458000000194e+00,-2.522319829999999818e+00,-1.153226399999999874e+00,-2.574062254000000216e+00
2.865898395000000320e+00,3.230065360333333135e+00,2.917677074666666925e+00,2.672900166333333605e+00,3.566832012000000329e+00,3.059565957999999863e+00
2.137978255000000161e+00,2.378344696999999730e+00,1.718501688999999999e+00,1.194945424000000145e+00,2.343742707000000092e+00,1.370913604999999924e+00
3.014152613500000299e+00,3.434953056499999491e+00,2.839189527500000310e+00,2.193588092999999795e+00,3.522661489499999909e+00,2.266555418999999905e+00
1.759560509000000161e+00,1.952203265999999937e+00,1.201971777999999880e+00,6.397823710000000164e-01,1.821480259999999962e+00,7.817426170000000285e-01
2.041392684999999929e+00,2.199316864000000038e+00,1.450641728999999991e+00,8.775897209999999893e-01,1.991226076000000011e+00,9.597042380000000428e-01
7.781512499999999610e-01,1.255272504999999983e+00,0.000000000000000000e+00,-7.695510790000001933e-01,6.989700040000000891e-01,-8.538719640000000943e-01
2.519499980333332889e+00,2.852818957000000211e+00,2.425020213999999896e+00,2.023467106666666737e+00,3.140130497999999992e+00,2.363675941333333252e+00
-6.791643530000002205e-01,-8.008316220000000207e-01,-2.148741650999999919e+00,-3.000000000000000000e+00,-1.573915191000000213e+00,-3.095805170000000217e+00
6.674529529999999600e-01,8.517409150000001539e-01,-1.322826600000004404e-02,-6.089382850000000236e-01,6.748611409999999422e-01,-4.078770610000000407e-01
2.146975201000000055e+00,2.388476282000000062e+00,1.730782276000000230e+00,1.208144520999999916e+00,2.356159585999999972e+00,1.384921245999999995e+00
2.170261715000000091e+00,2.265507638000000323e+00,1.475882499999999986e+00,8.718151779999999684e-01,1.919078091999999902e+00,8.698414740000002254e-01
1.403532570999999951e+00,1.551275305000000104e+00,7.160033440000000970e-01,1.174665980000000054e-01,1.330118465999999833e+00,2.274310529999999941e-01
2.380664110000000111e+00,2.725108191999999985e+00,2.149219113000000014e+00,1.683509932000000209e+00,2.981365508999999747e+00,1.969648349000000076e+00
5.103256290000000028e-01,5.308690240000000227e-01,-5.228787450000000891e-01,-1.219132397999999728e+00,3.742649800000008575e-02,-1.206930625999999895e+00
3.351639921000000300e+00,3.797646427250000123e+00,3.178976207999999914e+00,2.534764065749999684e+00,3.708327157250000283e+00,2.662281370250000112e+00
1.229403989999999780e-01,1.091828380000001708e-01,-1.031970074999999820e+00,-1.761244081999999711e+00,-4.372542550000000361e-01,-1.766364861999999647e+00
2.908485018999999561e+00,3.230448921000000251e+00,2.763427993999999721e+00,2.322219295000000017e+00,3.477121255000000133e+00,2.690196080000000212e+00
1.740600044000000013e+00,1.930851625000000071e+00,1.176091259000000111e+00,6.119661539999999844e-01,1.795312514999999998e+00,7.522224459999999890e-01
-4.789163419999999949e-01,-5.741962769999999772e-01,-1.860985815000000043e+00,-2.654121830500000279e+00,-1.291043037999999754e+00,-2.720031986500000443e+00
2.819543936000000084e+00,3.204119983000000005e+00,2.736396501999999842e+00,2.204119983000000005e+00,3.568201723999999686e+00,2.414973348000000186e+00
6.020599909999999610e-01,6.797952359999998029e-01,-3.052040540000000579e-01,-9.534251829999998984e-01,3.184613780000000727e-01,-8.715218270000000267e-01
8.759918270000000007e-01,9.907777090000000619e-01,4.139268500000004014e-02,-5.958687590000000256e-01,7.403626890000000182e-01,-4.929263490000000414e-01
2.568201724000000130e+00,2.908485018999999561e+00,2.591064606999999853e+00,2.204119983000000005e+00,3.342422681000000395e+00,2.653212514000000244e+00
2.579237770000000207e-01,1.957012949090910503e-01,-8.322994425454546263e-01,-1.516933642363635926e+00,-2.881456026363635736e-01,-1.485176350909090948e+00
1.583349880000000098e+00,1.863322860000000025e+00,1.204119983000000005e+00,5.682017240000000191e-01,2.826074803000000024e+00,9.294189260000000896e-01
3.361727836000000025e+00,3.785329835000000198e+00,3.307496038000000027e+00,2.597695186000000156e+00,3.782472623999999950e+00,2.851258348999999637e+00
3.698970004000000422e+00,4.041392684999999929e+00,3.819543936000000528e+00,3.707570176000000384e+00,4.414973348000000186e+00,4.079181246000000094e+00
2.349462285666666705e+00,2.665787713333333198e+00,2.089645372666666834e+00,1.498507378666666945e+00,2.920059147999999993e+00,1.753631603999999955e+00
6.511020872499998502e-01,5.662677002500000611e-01,-4.640884499999999857e-01,-1.471161461499999934e+00,-1.115444018750000321e-01,-1.557459520000000097e+00
4.313637640000000939e-01,4.671990209999998811e-01,-5.873431879999999605e-01,-1.278276513999999864e+00,1.703333899999992518e-02,-1.242565675999999897e+00
2.447927636666666462e+00,2.734185293666666627e+00,2.156683332666666786e+00,1.566001019333333133e+00,2.950092033333332697e+00,1.800676260000000140e+00
3.288159154999999778e+00,3.710216357500000228e+00,3.355587150499999893e+00,2.886893221999999870e+00,4.107421924000000502e+00,3.180296707000000112e+00
2.897627091000000377e+00,3.176091258999999667e+00,2.919078092000000346e+00,2.591064606999999853e+00,3.579783597000000039e+00,3.041392684999999929e+00
1.487183099000000119e+00,1.629213588000000046e+00,8.195439359999999729e-01,2.552725049999999829e-01,1.380211241999999894e+00,3.625334389999999574e-01
9.673118379999999794e-01,1.060041135999999939e+00,1.205739310000000231e-01,-5.224971370000000004e-01,7.280808779999999869e-01,-4.517352989999999235e-01
3.979400090000000390e-01,3.493844610000000905e-01,-7.854341929999999472e-01,-1.524516900999999702e+00,-2.839966560000000140e-01,-1.588970738000000216e+00
1.118920034000000063e+00,1.256031275000000003e+00,3.617278359999999693e-01,-2.544783010000000179e-01,1.041392684999999929e+00,-1.397020099999999876e-01
1.453167250000002575e-01,1.207236910000000218e-01,-1.045757490999999817e+00,-1.853871964000000094e+00,-4.663554339999997911e-01,-1.894603422999999953e+00
2.258896163000000179e+00,2.281668513000000065e+00,1.232487866000000043e+00,4.927603889999999653e-01,1.563599729000000105e+00,1.789769469999999973e-01
1.776657923000000139e+00,1.971456899000000096e+00,1.225309282000000000e+00,6.648653709999999828e-01,1.845076768000000200e+00,8.083621399999999513e-01
3.199245172499999512e+00,3.632411272000000579e+00,3.122299350500000514e+00,2.503012553000000029e+00,3.861584118499999718e+00,2.668973098500000418e+00
3.979400090000000390e-01,3.938714530000000380e-01,-7.007697330000000058e-01,-1.415014351999999587e+00,-1.426675040000000561e-01,-1.425554550999999837e+00
1.164087772999999881e+00,1.324459724000000005e+00,4.471580310000000114e-01,-1.565301110000000273e-01,1.176091259000000111e+00,-1.657050599999998486e-02
1.170194868999999915e+00,1.336877263499999913e+00,6.978370194999999887e-01,1.590439285000000424e-01,1.529016080500000152e+00,3.781744249999999807e-01
-2.785334630000000367e-01,-3.471755465000001539e-01,-1.585642986750000150e+00,-2.357733147250000272e+00,-1.008859488249999714e+00,-2.404004500999999738e+00
4.959085249999999334e-01,5.291873780000000416e-01,-5.228787450000000891e-01,-1.214075969000000033e+00,7.748705600000005411e-02,-1.185678564000000046e+00
2.551842668709676243e-01,2.235602015483870719e-01,-9.184308005161292421e-01,-1.608921711419355027e+00,-3.496011959354836662e-01,-1.632542942096774308e+00
2.477121255000000133e+00,2.662757832000000047e+00,2.342422680999999951e+00,1.875061263000000089e+00,2.924279286000000422e+00,2.332438460000000102e+00
1.576830718000000076e+00,1.797125700999999909e+00,1.021189298999999995e+00,4.631753520000000401e-01,1.778151250000000072e+00,6.496900119999999834e-01
2.623249289999999956e+00,2.838849091000000158e+00,2.469822015999999731e+00,2.000000000000000000e+00,3.064457988999999660e+00,2.477121255000000133e+00
1.669719195000000100e+00,1.828058172333333120e+00,1.181769038666666605e+00,6.255021680000000250e-01,1.967841354666666431e+00,9.726767786666667970e-01
3.156261103999999929e+00,3.535420718000000129e+00,2.733999287000000056e+00,1.941610802000000024e+00,3.328563143000000224e+00,1.922621671999999782e+00
3.963787826999999986e+00,4.315970345000000208e+00,4.056904851000000534e+00,3.963787826999999542e+00,4.515873843999999693e+00,4.350248018000000272e+00
-1.497750457999999840e+00,1.308543071999999974e+00,-6.019905100000000342e-01,-1.503236355999999940e+00,1.691746199999999423e-01,-6.331103099999999539e-01
6.242300750000000509e-01,6.736920400000001585e-01,-3.477233269999999710e-01,-1.025820042999999959e+00,2.545863779999999466e-01,-9.858905389999998992e-01
7.164477229999999253e-01,7.775396040000001063e-01,-2.218487499999999280e-01,-8.905308499999998739e-01,3.818579330000000382e-01,-8.423138599999999698e-01
-8.169539250000001918e-01,-9.492450940000001225e-01,-2.314900214999999761e+00,-3.140129213000000252e+00,-1.734422569999999997e+00,-3.229717133000000295e+00
1.877980603999999998e+00,2.085557764000000258e+00,1.363611979999999946e+00,8.135122290000000866e-01,1.984914371999999982e+00,9.661147420000000263e-01
2.643452675999999890e+00,2.934498451000000063e+00,2.278753601000000018e+00,1.623249289999999956e+00,3.041392684999999929e+00,1.792391689000000010e+00
1.819027123999999995e+00,1.961063200999999978e+00,1.066325924999999897e+00,2.504200019999999749e-01,1.656194061999999967e+00,2.253092819999999996e-01
2.951071780000000810e-01,3.030622169999999116e-01,-7.969671130000000048e-01,-1.508664398000000073e+00,-1.996431910000000531e-01,-1.498312761999999854e+00
5.797835970000000394e-01,6.774932970000000498e-01,-3.031365699999999386e-01,-9.549409249999999405e-01,3.598354820000000398e-01,-8.536065019999998782e-01
4.879618960000000616e-01,5.202385689999999840e-01,-5.337256779999999257e-01,-1.225734182999999700e+00,6.651974200000010384e-02,-1.198050932000000124e+00
1.093421685000000032e+00,1.025305864999999983e+00,2.530586499999998296e-02,-6.197887579999999952e-01,9.813655090000000802e-01,-5.376020020000000788e-01
1.590130005000000013e+00,1.807792529000000092e+00,1.079181245999999872e+00,6.532125140000000219e-01,1.785329834999999976e+00,8.732192069999999973e-01
1.805602486999999812e+00,2.004051770999999871e+00,1.264817823000000008e+00,7.073288989999999554e-01,1.885023780999999898e+00,8.534268799999999988e-01
1.407373713999999998e+00,1.555600869000000053e+00,7.212463990000000935e-01,1.231017999999999973e-01,1.335419710000000038e+00,2.334114539999999904e-01
2.041199830000000048e-01,-3.151705100000001813e-02,-1.619788758000000106e+00,-1.744727494999999795e+00,-1.125945595000000132e+00,-2.035099103000000298e+00
2.278753601000000018e+00,2.544068043999999862e+00,1.886490725000000035e+00,1.278753601000000018e+00,2.707570176000000384e+00,1.431363764000000094e+00
4.136720567000000237e+00,4.454844859999999684e+00,4.181843588000000445e+00,4.117271295999999303e+00,4.557507202000000035e+00,4.463892988999999645e+00
-1.384351706999999765e+00,-1.739322769000000157e+00,-3.497750457999999618e+00,-5.040457788000000328e+00,-3.169430576999999971e+00,-5.529980675000000012e+00
1.204500770216667016e+00,1.401766994366666630e+00,6.380596271166665279e-01,1.105128787833334486e-01,1.257547285049999575e+00,3.063055115666666883e-01
1.956961005374999729e+00,2.225349539999999848e+00,1.456988385999999913e+00,9.383149494999999396e-01,2.105711497624999762e+00,1.095550388249999951e+00
7.516770220000000835e-01,8.401659970000000532e-01,-1.426675040000001671e-01,-7.973991369999998691e-01,5.250448070000000023e-01,-7.183991859999998564e-01
2.521138083999999946e+00,2.795184589999999858e+00,2.318063335000000169e+00,1.812913356999999781e+00,3.182699903000000052e+00,2.110589710000000174e+00
1.723455671999999828e+00,1.983175071999999872e+00,1.756636108000000362e+00,1.344392274000000054e+00,2.472756449000000245e+00,1.813580989000000088e+00
