,21,83,93,166,237,277,298,380,417,423,500,515,516,583,589,619,620,691,724,746,748,790,799,814,822,866,883,887,900,984,1032,1034,1116,1160,1196,1247,1432,1442,1446,1498,1510,1514,1519,1533,1539,1564,1572,1597,1605,1630,1636,1660,1719,1733,1760,1769,1781,1794,1814,1820,1851,1866,1895,1921,1937,2009,2015,2020,2095,2103,2104,2159,2168,2217,2222,2247,2273,2329,2342,2352,2398,2411,2416,2429,2432,2437,2439,2480,2493,2508,2552,2569,2578,2584,2606,2647,2706,2728,2750,2766,2768,2814,2818,2854,2857,2906,2925,2984,2996,3002,3051,3093,3106,3155
0,0,0,0,0,0,0,0,0,0,0,0,2,0,0,0,1,0,0,2,0,0,0,0,1,2,0,0,0,0,0,1,0,0,2,0,0,2,0,2,0,0,2,0,10,0,0,0,0,0,0,0,0,0,0,2,0,2,0,0,1,0,0,0,0,0,0,0,0,3,0,0,0,0,5,0,0,0,0,0,0,0,0,0,0,0,0,2,0,0,1,0,0,0,0,3,0,0,0,0,0,0,0,0,3,0,0,2,2,2,0,0,0,0,13
1,0,0,0,0,0,0,0,0,0,0,0,2,0,0,0,0,0,0,2,0,0,0,0,1,2,0,0,0,0,0,1,0,0,2,0,0,2,0,2,0,0,0,0,10,0,0,0,0,0,0,0,0,0,0,2,0,2,0,1,1,0,0,0,3,0,0,0,0,3,0,0,0,0,5,0,0,0,0,0,0,0,0,0,0,0,0,2,0,0,0,0,0,0,0,0,0,0,0,0,0,0,0,0,3,0,0,2,2,2,0,0,0,0,13
2,0,0,0,0,0,0,0,0,0,0,0,2,0,0,0,0,0,0,2,0,0,0,0,2,2,0,0,0,0,0,1,0,0,2,0,0,2,0,2,0,0,0,0,8,0,0,0,0,0,0,0,0,0,0,2,0,2,0,0,2,0,0,0,0,0,0,0,0,6,0,0,0,0,4,0,0,0,0,0,0,0,0,0,0,0,0,2,0,0,0,0,0,0,0,0,0,0,0,0,0,0,0,0,0,0,0,4,2,2,0,0,0,0,14
3,0,0,0,0,0,0,0,0,0,0,0,0,0,0,0,1,0,0,4,0,0,0,0,0,2,0,0,0,0,0,2,0,0,2,0,0,2,0,2,0,0,2,0,8,0,0,0,0,0,0,0,0,0,0,2,0,2,0,0,0,0,0,0,0,0,0,0,0,0,0,0,0,0,4,0,0,0,0,0,0,0,0,0,0,0,0,0,0,0,1,0,0,0,0,3,0,0,0,0,0,0,0,0,3,0,0,0,2,2,0,0,0,0,8
4,0,0,0,0,0,0,1,0,0,0,0,0,0,0,0,1,0,0,4,0,0,0,0,0,2,0,0,0,0,0,2,0,0,2,0,0,2,0,2,0,0,2,0,8,0,0,0,0,0,0,0,0,0,0,2,0,2,1,1,0,0,0,0,2,0,0,0,0,0,0,0,0,0,4,0,0,0,0,0,0,0,0,0,0,0,0,0,0,0,2,0,0,0,0,6,0,0,2,0,0,0,0,0,8,0,0,0,2,2,0,0,0,0,8
5,0,0,0,0,0,0,0,0,0,0,0,0,0,0,0,1,0,0,2,0,0,0,0,1,2,0,0,0,0,0,1,0,0,2,0,0,2,0,2,0,0,2,0,6,0,0,0,0,0,0,0,0,0,0,2,0,2,0,0,1,0,0,0,0,0,0,0,0,3,0,0,0,0,3,0,0,0,0,0,0,0,0,0,0,0,0,2,0,0,1,0,0,0,0,3,0,0,0,0,0,0,0,0,3,0,0,2,2,2,0,0,0,0,9
6,0,0,0,0,0,0,0,0,0,0,0,0,0,0,0,0,0,0,2,0,0,0,0,1,2,1,0,0,0,0,1,0,0,2,0,0,2,0,2,0,0,0,0,6,0,0,0,0,0,0,0,0,0,0,2,0,2,0,0,1,0,0,0,0,0,0,0,0,3,0,0,0,0,3,0,0,0,0,0,0,0,0,0,0,0,0,2,0,0,0,0,0,0,0,0,0,0,0,0,0,0,0,0,2,0,0,2,2,2,0,0,0,0,9
7,0,0,0,0,0,0,0,0,0,0,0,0,0,0,0,0,0,0,2,0,0,0,0,1,2,0,0,0,0,0,1,0,0,2,0,0,2,0,2,0,0,0,0,6,0,0,0,0,1,0,0,0,0,0,2,0,2,0,0,1,0,0,0,0,0,0,0,0,3,0,0,0,0,3,0,0,0,0,0,0,0,0,0,0,0,0,2,0,3,0,0,1,0,0,0,0,0,0,0,1,0,0,0,1,0,0,2,2,2,0,0,0,1,9
8,0,0,0,0,0,0,0,0,0,0,0,0,0,0,0,0,0,0,2,0,0,0,0,1,2,0,0,0,0,0,1,0,0,2,0,0,2,0,2,0,0,0,0,6,0,0,0,0,0,0,0,0,0,0,2,0,2,0,1,1,0,0,0,3,0,0,0,0,3,0,0,0,0,3,0,0,0,0,0,0,0,0,0,0,0,0,2,0,1,0,0,0,0,0,0,0,0,0,0,0,0,0,0,3,0,0,2,2,2,0,0,0,1,9
9,0,0,0,0,0,0,1,0,0,0,0,0,0,0,0,0,0,0,4,0,0,0,0,0,2,0,0,0,0,0,2,0,0,2,0,0,2,0,2,0,0,0,0,8,0,0,0,0,0,0,0,0,0,0,2,0,2,1,1,0,0,0,0,2,0,0,0,0,0,0,0,0,0,4,0,0,0,0,0,0,0,0,1,0,0,0,0,0,0,1,0,0,0,0,3,0,0,2,0,0,0,0,0,5,0,0,0,2,2,0,0,0,0,8
10,0,0,0,1,0,0,0,0,0,0,0,0,0,0,0,1,0,0,4,0,0,0,0,0,2,0,0,0,0,0,2,0,0,2,0,0,2,2,2,0,0,2,0,8,0,0,0,0,0,0,0,0,0,0,2,0,2,0,0,0,0,0,0,0,0,0,0,0,0,0,0,0,0,4,0,0,0,0,0,0,0,0,0,0,0,0,0,0,0,1,0,0,0,0,3,0,2,0,0,0,0,0,0,3,0,0,0,2,2,0,0,0,0,8
11,0,0,0,2,0,0,0,0,0,0,0,0,0,0,0,0,0,0,4,0,0,0,0,0,2,0,0,0,0,0,2,0,0,2,0,0,2,4,2,0,0,0,0,8,0,0,0,0,0,0,0,0,0,0,2,0,2,0,0,0,0,0,0,0,0,0,0,0,0,0,0,0,0,4,0,0,0,0,0,0,0,0,0,0,0,0,0,0,0,0,0,0,0,0,0,0,4,0,0,0,0,0,0,0,0,0,0,2,2,0,0,0,0,8
12,0,0,0,0,0,0,0,0,0,0,0,2,0,0,0,1,0,0,4,0,0,0,0,0,2,0,0,0,0,0,2,0,0,2,0,0,2,0,2,0,0,2,0,12,0,0,0,0,0,0,0,0,0,0,2,0,2,0,1,0,0,0,0,3,0,0,0,0,0,0,0,0,0,6,0,0,0,0,0,0,0,0,0,0,0,0,0,0,0,1,0,0,0,0,3,0,0,0,0,0,0,0,0,6,0,0,0,2,2,0,0,0,0,12
13,0,0,0,0,0,0,1,0,0,0,0,0,0,0,0,0,0,0,4,0,0,0,0,0,2,0,0,0,0,0,2,0,0,2,0,0,2,0,2,0,0,0,0,8,0,0,0,0,0,0,0,0,0,0,2,0,2,1,2,0,0,0,0,5,0,0,0,0,0,0,0,0,0,4,0,0,0,0,0,0,0,0,0,0,0,0,0,0,0,1,0,0,0,0,3,0,0,2,0,0,0,0,0,8,0,0,0,2,2,0,0,0,0,8
14,0,0,0,0,0,0,0,0,0,0,0,0,0,0,0,0,0,0,2,0,0,0,0,1,2,0,0,0,0,0,1,0,0,2,0,0,2,0,2,0,0,0,0,6,0,0,0,0,0,0,0,0,0,0,2,0,2,0,1,1,0,0,0,3,0,0,0,0,3,0,0,0,0,3,0,0,0,0,0,0,0,0,0,0,0,0,2,0,0,0,0,0,0,0,0,0,0,0,0,0,0,0,0,3,0,0,2,2,2,0,0,0,0,9
15,0,0,0,0,0,0,0,0,0,0,0,0,0,0,0,1,0,0,4,0,0,0,0,0,2,0,0,0,0,0,2,0,0,2,0,0,2,0,2,0,0,2,0,8,0,0,0,0,5,0,0,0,0,0,2,0,2,0,1,0,0,0,0,2,0,0,0,0,0,0,0,0,0,4,0,0,0,0,0,0,0,0,0,0,0,0,0,0,7,1,0,1,0,0,3,0,0,0,0,1,0,0,0,6,0,0,0,2,2,0,0,0,0,8
16,0,0,0,0,0,0,0,0,0,0,0,0,0,0,0,0,0,0,4,0,0,0,0,0,2,1,0,0,0,0,2,0,0,2,0,0,2,0,2,0,0,0,0,8,0,0,0,0,5,0,0,0,0,0,2,0,2,0,1,0,0,0,0,2,0,0,0,0,0,0,0,0,0,4,0,0,0,0,0,0,0,0,0,0,0,0,0,0,7,0,0,1,0,0,0,0,0,0,0,1,0,0,0,5,0,0,0,2,2,0,0,0,0,8
17,0,0,0,0,0,0,0,0,0,0,0,0,0,0,0,0,0,0,4,0,0,0,0,0,2,0,0,0,0,0,2,0,0,2,0,0,2,0,2,0,0,0,0,8,0,0,0,0,6,0,0,0,0,0,2,0,2,0,1,0,0,0,0,2,0,0,0,0,0,0,0,0,0,4,0,0,0,0,0,0,0,0,0,0,0,0,0,0,10,0,0,2,0,0,0,0,0,0,0,2,0,0,0,4,0,0,0,2,2,0,0,0,1,8
18,0,0,0,0,0,0,0,0,0,0,0,0,0,0,0,0,0,0,2,0,0,0,0,1,2,0,0,0,0,0,1,0,0,2,0,0,2,0,2,0,0,0,0,6,0,0,0,0,5,0,0,0,0,0,2,0,2,0,1,1,0,0,0,2,0,0,0,0,3,0,0,0,0,3,0,0,0,0,0,0,0,0,0,0,0,0,2,0,7,0,0,1,0,0,0,0,0,0,0,1,0,0,0,3,0,0,2,2,2,0,0,0,0,9
19,0,0,0,0,0,0,0,1,0,0,0,0,0,0,0,0,0,0,1,0,0,0,0,1,2,0,0,0,0,0,0,0,0,2,0,0,2,0,1,0,0,0,0,4,0,0,0,0,0,0,0,0,0,0,2,0,2,0,0,1,0,0,0,0,0,0,0,0,3,0,0,0,6,4,0,0,0,0,0,0,0,0,0,0,0,2,2,0,0,0,0,0,0,0,0,0,0,0,0,0,0,0,0,6,3,0,2,2,1,0,0,0,0,8
20,0,0,0,0,0,0,0,4,2,0,0,0,0,0,0,0,0,0,1,0,0,0,0,0,2,0,0,0,0,0,0,0,0,2,0,0,2,0,0,0,0,0,0,2,0,0,0,0,0,0,0,0,0,0,2,0,2,0,0,0,1,0,0,0,0,0,0,0,0,0,0,0,4,6,0,0,0,0,0,0,0,0,2,0,0,2,0,0,0,0,0,0,0,0,0,0,0,0,0,0,0,1,0,4,2,0,0,2,0,0,0,0,0,6
21,0,0,0,0,0,0,0,1,2,0,0,0,0,0,0,0,0,0,3,0,0,0,0,0,2,0,0,0,0,0,1,0,0,2,0,0,2,0,1,0,0,0,0,6,0,0,0,0,0,0,0,0,0,0,2,0,2,0,0,0,1,0,0,0,0,0,0,0,0,0,0,0,4,5,0,0,0,0,0,0,0,0,0,0,0,2,0,0,0,0,0,0,0,0,0,0,0,0,0,0,0,1,0,4,2,0,0,2,1,0,0,0,0,7
22,0,0,0,0,0,0,0,1,2,0,0,0,0,0,0,0,0,0,3,0,0,0,0,0,2,0,0,0,0,0,1,0,0,2,0,0,2,0,1,0,0,0,0,6,0,0,0,0,0,0,0,0,0,0,2,0,2,0,0,0,1,0,0,0,0,0,0,0,0,0,0,0,4,5,0,0,0,0,0,0,0,0,0,0,0,2,0,0,0,0,0,0,0,0,0,0,0,0,0,0,0,1,0,5,2,0,0,2,1,0,0,1,0,7
23,0,0,0,0,0,0,0,1,2,0,0,0,0,0,0,0,0,0,3,0,0,0,0,0,2,0,0,0,0,0,1,0,0,2,0,0,2,0,1,0,0,0,0,6,0,0,0,0,0,0,0,0,0,0,2,0,2,0,0,0,1,0,0,0,0,0,0,0,0,0,0,0,4,5,0,0,0,0,0,0,0,0,0,0,0,2,0,0,0,0,0,0,0,0,0,0,0,0,0,0,0,1,0,4,2,0,0,2,1,0,0,0,0,7
24,0,0,0,0,0,0,0,2,2,0,0,0,0,0,0,0,0,0,2,0,0,0,0,0,2,0,0,0,0,0,0,0,0,2,0,0,2,0,0,0,0,0,0,4,0,0,0,0,0,0,0,0,0,0,2,0,2,0,0,0,1,0,0,0,0,0,0,0,0,0,0,0,4,6,0,0,0,0,0,0,0,0,2,0,0,2,0,0,0,0,0,0,0,0,0,0,0,0,0,0,0,1,0,4,2,0,0,2,0,0,0,0,0,6
25,0,0,0,0,0,0,0,1,2,0,0,0,0,0,0,0,0,0,3,0,0,0,0,0,2,0,0,0,0,0,1,0,0,2,0,0,2,0,1,0,0,0,0,6,0,0,0,0,0,0,0,0,0,0,2,0,2,0,0,0,1,0,0,0,0,0,0,0,0,0,0,0,4,5,0,0,0,0,0,0,0,0,1,0,0,2,0,0,0,0,0,0,0,0,0,0,0,0,0,0,0,1,0,4,2,0,0,2,1,0,0,0,0,7
26,0,0,0,0,0,0,0,2,2,0,0,0,0,0,0,0,0,0,1,0,0,0,0,0,2,0,0,0,0,0,0,0,0,2,0,0,2,0,0,0,0,0,0,4,0,0,0,0,0,0,0,0,0,0,2,0,2,0,0,0,1,0,0,0,0,0,0,0,1,0,0,0,4,5,0,0,0,0,0,0,0,0,1,0,0,2,1,0,0,0,0,0,0,0,0,0,0,0,0,0,0,1,0,4,2,0,0,2,0,0,0,0,0,7
27,0,0,0,0,0,0,0,1,2,0,0,0,0,0,0,0,0,0,1,0,0,0,0,1,2,0,0,0,0,0,0,0,0,2,0,0,2,0,1,0,0,0,0,4,0,0,0,0,0,0,0,0,0,0,2,0,2,0,0,1,1,0,0,0,0,0,0,0,3,0,0,0,4,4,0,0,0,0,0,0,0,0,0,0,0,2,2,0,0,0,0,0,0,0,0,0,0,0,0,0,0,1,0,4,2,0,2,2,1,0,0,0,0,8
28,0,0,0,0,0,0,0,1,2,0,0,0,0,0,0,0,0,0,1,0,0,0,0,1,2,0,0,0,0,0,0,0,0,2,0,0,2,0,1,0,0,0,0,4,0,0,0,0,0,0,0,0,0,0,2,0,2,0,0,1,0,0,0,0,0,0,0,0,3,0,0,0,4,4,0,0,0,0,0,0,0,0,0,0,0,2,2,0,0,0,0,0,0,0,0,0,0,0,0,0,0,2,0,4,2,0,2,2,1,0,0,0,0,8
29,0,0,0,0,0,0,0,2,0,0,0,0,0,0,0,0,0,0,1,0,0,0,0,1,2,0,0,0,0,2,0,0,0,2,0,0,2,0,1,0,0,0,0,6,0,0,0,0,0,0,0,0,0,0,2,0,2,0,0,1,0,0,0,0,2,0,0,0,3,0,0,0,2,7,0,0,0,0,0,0,0,0,0,0,0,2,2,0,0,0,0,0,0,0,0,0,0,0,0,0,0,0,0,2,1,0,2,2,1,0,0,0,0,11
30,0,0,0,0,0,0,0,2,0,0,0,0,0,0,0,0,0,0,1,0,0,0,0,1,2,0,0,0,0,2,0,0,0,2,0,0,2,0,1,0,0,0,0,6,0,0,0,0,0,0,0,0,0,0,2,0,2,0,1,1,0,0,0,3,2,0,0,0,3,0,0,0,2,7,0,0,0,0,0,0,0,0,0,0,0,2,2,0,0,0,0,0,0,0,0,0,0,0,0,0,0,0,0,5,1,0,2,2,1,0,0,0,0,11
31,0,0,0,0,0,0,0,4,0,0,0,0,0,0,0,0,0,0,1,0,0,0,0,0,2,0,0,0,0,2,0,0,0,2,0,0,2,0,0,0,0,0,0,4,0,0,0,0,0,0,0,0,0,0,2,0,2,0,0,0,0,0,0,0,1,0,0,0,2,0,0,0,2,8,0,0,0,0,0,0,0,0,2,0,0,2,0,0,0,0,0,0,0,0,0,0,0,0,0,0,0,0,0,2,1,0,2,2,0,1,1,0,0,10
32,0,0,0,0,0,0,0,1,0,0,0,0,0,0,0,0,0,0,3,0,0,0,0,0,2,0,0,0,0,2,1,0,0,2,0,0,2,0,1,0,0,0,0,8,0,0,0,0,0,0,0,0,0,0,2,0,2,0,0,0,0,0,0,0,1,0,0,0,2,0,0,0,2,7,0,0,0,0,0,0,0,0,0,0,0,2,0,0,0,0,0,0,0,0,0,0,0,0,0,0,0,0,0,2,1,0,2,2,1,1,1,0,0,11
33,0,0,0,0,0,0,0,1,0,0,0,0,0,0,0,1,0,0,3,0,0,0,0,0,2,0,0,0,0,2,1,0,0,2,0,0,2,0,1,0,0,2,0,8,0,0,0,0,0,0,0,0,0,0,2,0,2,0,0,0,0,0,0,0,1,0,0,0,2,0,0,0,2,7,0,0,0,0,0,0,0,0,0,0,0,2,0,0,0,1,0,0,0,0,3,0,0,0,0,0,0,0,0,5,1,0,2,2,1,1,1,0,0,11
34,0,0,0,0,0,0,0,2,0,0,0,0,0,0,0,0,0,0,2,0,0,0,0,0,2,0,0,0,0,2,0,0,0,2,0,0,2,0,0,0,0,0,0,6,0,0,0,0,0,0,0,0,0,0,2,0,2,0,0,0,0,0,0,0,1,0,0,0,2,0,0,0,2,8,0,0,0,0,0,0,0,0,2,0,0,2,0,0,0,0,0,0,0,0,0,0,0,0,0,0,0,0,0,2,1,0,2,2,0,1,1,0,0,10
35,0,0,0,0,0,0,0,1,0,0,0,0,0,0,0,0,0,0,3,0,0,0,0,0,2,0,0,0,0,2,1,0,0,2,0,0,2,0,1,0,0,0,0,8,0,0,0,0,0,0,0,0,0,0,2,0,2,0,0,0,0,0,0,0,1,0,0,0,2,0,0,0,2,7,0,0,0,0,0,0,0,0,1,0,0,2,0,0,0,0,0,0,0,0,0,0,0,0,0,0,0,0,0,2,1,0,2,2,1,1,1,0,0,11
36,0,0,0,0,0,0,0,1,0,0,0,0,0,0,0,0,0,0,3,0,0,0,0,0,2,0,0,0,0,2,1,0,0,2,0,0,2,0,1,0,0,0,0,8,0,0,0,0,0,0,0,0,0,0,2,0,2,0,1,0,0,0,0,3,1,0,0,0,2,0,0,0,2,7,0,0,0,0,0,0,0,0,0,0,0,2,0,0,0,0,0,0,0,0,0,0,0,0,0,0,0,0,0,5,1,0,2,2,1,1,1,0,0,11
37,0,0,0,0,0,0,0,2,0,0,0,0,0,0,0,0,0,0,1,0,0,0,0,0,2,0,0,0,0,2,0,0,0,2,0,0,2,0,0,0,0,0,0,6,0,0,0,0,0,0,0,0,0,0,2,0,2,0,0,0,0,0,0,0,1,0,0,0,3,0,0,0,2,7,0,0,0,0,0,0,0,0,1,0,0,2,1,0,0,0,0,0,0,0,0,0,0,0,0,0,0,0,0,2,1,0,2,2,0,1,1,0,0,11
38,0,0,0,0,0,0,0,1,0,0,0,0,0,0,0,0,0,0,1,0,0,0,0,1,2,0,0,0,0,2,0,0,0,2,0,0,2,0,1,0,0,0,0,6,0,0,0,0,0,0,0,0,0,0,2,0,2,0,0,1,0,0,0,0,1,0,0,0,5,0,0,0,2,6,0,0,0,0,0,0,0,0,0,0,0,2,2,0,0,0,0,0,0,0,0,0,0,0,0,0,0,0,0,2,1,0,4,2,1,1,1,0,0,12
39,0,0,0,0,0,0,0,1,0,0,0,0,0,0,0,0,0,0,3,0,0,0,0,0,2,0,0,0,0,2,1,0,0,2,0,0,2,0,1,0,0,0,0,8,0,0,0,0,0,0,0,0,0,0,2,0,2,0,1,0,0,0,0,3,1,0,0,0,2,0,0,0,0,7,0,0,0,0,0,0,0,0,0,0,0,2,0,0,0,0,0,0,0,0,0,0,0,0,0,0,0,2,0,3,1,0,2,2,1,1,1,0,0,11
40,0,0,0,0,0,0,0,1,0,0,0,0,0,0,0,0,0,0,1,0,0,0,0,1,2,0,0,0,0,2,0,0,0,2,0,0,2,0,1,0,0,0,0,6,0,0,0,0,0,0,0,0,0,0,2,0,2,0,0,1,0,0,0,0,1,0,0,0,5,0,0,0,0,6,0,0,0,0,0,0,0,0,0,0,0,2,2,0,0,0,0,0,0,0,0,0,0,0,0,0,0,2,0,0,1,0,4,2,1,1,1,0,0,12
41,0,0,0,0,0,0,0,1,0,0,0,0,0,0,0,0,0,0,3,0,0,0,0,0,2,0,0,0,0,0,1,0,0,2,0,0,2,0,1,0,0,0,0,6,0,0,0,0,0,0,0,0,0,0,2,0,2,0,1,0,0,0,0,3,0,0,0,0,0,0,0,0,0,5,0,0,0,0,0,0,0,0,0,0,0,0,0,0,0,0,0,0,0,0,0,0,0,0,0,0,0,3,0,3,0,0,0,2,1,0,0,0,0,7
42,0,0,0,0,0,0,0,1,0,0,0,0,0,0,0,0,0,0,1,0,0,0,0,1,2,0,0,0,0,0,0,0,0,2,0,0,2,0,1,0,0,0,0,4,0,0,0,0,0,0,0,0,0,0,2,0,2,0,0,1,0,0,0,0,0,0,0,0,3,0,0,0,0,4,0,0,0,0,0,0,0,0,0,0,0,0,2,0,0,0,0,0,0,0,0,0,0,0,0,0,0,3,0,0,0,0,2,2,1,0,0,0,0,8
43,0,0,0,0,0,0,0,1,0,0,0,0,0,0,0,1,0,0,2,0,0,0,0,0,2,0,0,0,0,0,1,0,0,2,0,0,2,0,1,0,0,2,0,6,0,0,0,0,0,0,0,0,0,0,2,0,2,0,0,0,0,0,0,0,0,0,0,0,1,0,0,0,0,4,0,0,0,0,0,0,0,0,0,0,0,0,1,0,0,1,0,0,0,0,3,0,0,0,0,0,0,0,0,3,0,0,0,2,1,0,0,0,0,8
44,0,0,0,0,0,0,1,1,0,0,0,0,0,0,0,1,0,0,2,0,0,0,0,0,2,0,0,0,0,0,1,0,0,2,0,0,2,0,1,0,0,2,0,6,0,0,0,0,0,0,0,0,0,0,2,0,2,1,1,0,0,0,0,2,0,0,0,0,1,0,0,0,0,4,0,0,0,0,0,0,0,0,0,0,0,0,1,0,0,2,0,0,0,0,6,0,0,0,0,0,0,0,0,8,0,0,0,2,1,0,0,0,0,8
45,0,0,0,0,0,0,1,1,0,0,0,0,0,0,0,0,0,0,2,0,0,0,0,0,2,0,0,0,0,0,1,0,0,2,0,0,2,0,1,0,0,0,0,6,0,0,0,0,0,0,0,0,0,0,2,0,2,1,2,0,0,0,0,5,0,0,0,0,1,0,0,0,0,4,0,0,0,0,0,0,0,0,0,0,0,0,1,0,0,1,0,0,0,0,3,0,0,0,0,0,0,0,0,8,0,0,0,2,1,0,0,0,0,8
46,0,0,0,0,0,0,0,0,0,0,0,0,0,0,0,0,0,0,0,0,0,0,0,2,2,0,0,0,0,0,0,0,0,2,0,0,2,0,2,0,0,0,0,4,0,0,0,0,0,0,0,0,0,0,2,0,2,0,0,2,0,0,0,0,0,0,0,0,6,0,0,0,0,2,0,0,0,0,0,0,0,0,0,0,0,0,4,0,0,0,0,0,0,0,0,0,0,0,0,0,0,0,0,0,0,0,4,2,2,0,0,0,0,10
47,0,0,0,0,0,0,0,0,0,0,0,0,0,0,0,0,0,0,0,0,0,0,0,0,0,0,0,0,0,0,0,0,0,0,0,0,0,0,0,0,0,0,0,0,0,0,0,0,0,0,0,0,0,0,2,1,0,0,0,0,0,0,0,0,0,0,0,0,0,0,1,0,0,0,0,0,0,0,0,0,0,0,0,0,0,0,0,0,2,0,0,0,0,0,0,0,0,0,0,0,0,0,0,0,0,0,0,0,0,0,0,0,0,0
48,0,0,0,0,0,0,6,0,0,0,0,0,0,0,0,0,0,0,0,0,0,0,0,0,0,0,0,0,0,0,0,0,0,0,0,6,0,0,0,0,0,0,0,0,0,0,0,0,0,0,0,0,0,0,2,0,0,0,8,0,0,0,0,18,0,0,0,0,0,0,0,0,0,0,0,0,0,0,0,0,0,0,0,0,0,0,0,0,0,0,0,0,0,0,0,0,0,0,0,0,0,1,0,18,0,0,0,0,0,0,0,0,0,0
49,0,0,0,0,0,0,0,0,0,0,0,0,0,0,0,0,0,0,0,0,0,0,0,0,0,0,0,0,0,0,0,0,0,0,0,0,0,0,0,0,0,0,0,0,0,0,0,0,0,0,0,0,0,0,2,0,0,0,0,0,0,0,0,0,0,2,0,0,0,0,0,0,0,0,0,2,0,0,0,0,0,0,2,0,0,0,0,0,0,1,0,0,0,0,0,0,0,0,0,0,0,0,0,0,0,0,0,0,0,0,0,0,0,0
50,0,0,0,0,1,0,0,2,0,0,0,0,0,0,1,2,0,0,0,1,0,0,2,0,0,0,0,2,0,2,0,0,1,2,1,0,0,0,0,0,1,4,0,12,0,1,2,0,0,0,0,1,0,1,2,0,1,0,0,0,0,0,1,0,1,0,1,2,0,0,0,0,0,12,1,6,1,1,1,1,0,1,6,1,0,0,0,0,0,3,1,0,2,1,0,0,4,0,0,0,0,0,1,1,0,2,0,0,0,0,0,1,0,14
51,0,2,0,0,1,0,0,6,0,0,0,2,0,0,0,2,0,0,1,0,0,0,2,0,0,0,0,2,0,4,0,0,1,2,1,0,0,0,0,0,2,4,0,12,0,0,4,0,0,0,0,1,0,1,2,0,1,0,0,0,0,0,1,0,2,0,0,4,0,2,0,2,0,22,4,6,1,2,1,1,0,2,6,1,0,0,0,0,0,3,0,0,4,2,0,0,6,0,0,0,0,0,2,4,0,2,0,1,0,0,0,4,0,18
52,0,0,0,0,1,0,0,1,0,0,0,0,0,0,1,0,0,0,2,1,0,0,2,0,0,0,0,0,0,2,0,0,1,2,1,0,0,0,0,0,1,0,0,14,0,1,2,0,0,0,0,1,0,1,2,0,1,0,0,0,0,0,1,0,1,0,1,2,0,0,0,0,0,11,0,0,1,1,1,1,0,1,0,1,0,0,0,0,1,0,2,0,2,1,0,0,4,0,0,0,0,0,1,0,0,2,0,1,0,0,0,0,2,15
53,0,2,0,0,1,0,0,8,0,0,0,2,0,0,0,0,0,0,1,0,0,0,2,0,0,0,0,0,0,4,0,0,1,2,1,0,0,0,0,0,2,0,0,8,0,0,4,0,0,0,0,1,0,1,2,0,1,0,0,0,0,0,1,0,2,0,0,4,0,2,0,2,0,24,6,0,1,2,1,1,0,2,0,1,0,0,0,0,1,0,0,0,4,2,0,0,6,0,0,0,0,0,2,6,0,2,0,1,0,0,0,6,2,16
54,0,0,0,0,1,0,0,1,0,0,0,0,0,0,1,0,0,0,2,1,0,0,2,0,0,0,0,0,0,2,0,0,1,2,1,0,0,0,0,0,1,0,0,10,0,1,2,0,0,0,0,1,0,1,2,0,1,0,0,0,0,0,1,0,1,0,1,2,0,0,0,0,0,9,0,0,1,1,1,1,0,1,0,1,0,0,0,0,0,0,2,0,2,1,0,0,4,0,0,0,0,0,1,0,0,2,0,1,0,0,0,0,0,11
55,0,0,0,0,1,0,1,1,0,0,0,0,0,0,1,0,0,0,2,1,0,0,2,0,0,0,0,0,0,2,0,0,1,2,1,0,0,0,0,1,1,0,0,14,0,1,2,0,0,0,0,1,0,1,2,0,1,2,0,0,0,0,1,0,1,0,1,2,0,0,0,0,0,11,0,0,1,1,1,1,0,1,0,1,0,0,0,0,0,0,2,0,2,1,0,0,4,4,0,0,0,0,1,0,0,2,0,1,0,0,0,0,0,15
56,0,0,0,1,1,0,0,1,0,0,0,0,0,0,1,0,0,0,2,1,0,0,2,0,0,0,0,0,0,2,0,0,1,2,1,0,0,2,0,0,1,0,0,14,0,1,2,0,0,0,0,1,0,1,2,0,1,0,0,0,0,0,1,0,1,0,1,2,0,0,0,0,0,11,0,0,1,1,1,1,0,1,0,1,0,0,0,0,0,0,2,0,2,1,0,0,6,0,0,0,0,0,1,0,0,2,0,1,0,0,0,0,0,15
57,0,2,0,0,1,0,2,10,0,0,0,2,0,0,0,2,0,0,1,0,0,0,2,0,0,0,0,2,0,4,0,0,1,2,1,0,0,0,0,0,2,0,0,4,0,0,4,0,0,0,0,1,0,1,2,0,1,0,0,0,0,0,1,0,2,0,0,4,0,2,0,2,0,26,8,6,1,2,1,1,0,2,6,1,0,0,0,0,0,3,0,0,4,2,0,0,6,0,0,0,0,0,2,8,0,0,0,1,0,0,0,8,0,14
58,0,2,0,0,1,0,2,6,0,0,0,2,0,0,0,2,0,0,1,0,0,0,2,0,0,0,0,2,0,4,0,0,1,2,1,0,0,0,0,0,2,4,0,12,0,0,4,0,0,0,0,1,0,1,2,0,1,2,0,0,0,0,1,0,2,0,0,4,0,2,0,2,0,22,4,6,1,2,1,1,0,2,6,1,0,0,0,0,0,3,0,0,4,2,0,0,6,4,0,0,0,0,2,4,0,0,0,1,0,0,0,4,0,18
59,0,2,0,0,1,0,0,2,0,0,0,0,0,0,0,0,0,0,1,0,0,0,1,0,0,0,0,0,0,4,0,0,1,1,1,0,0,0,0,0,2,0,0,4,0,0,4,0,0,0,0,1,0,1,2,0,1,0,0,0,0,0,1,0,2,0,0,4,0,2,0,2,0,16,0,0,1,2,1,1,0,2,0,1,0,0,0,0,0,0,0,0,4,2,0,0,5,0,0,0,0,0,2,4,0,0,0,1,0,0,0,4,0,6
60,0,0,0,0,0,0,0,0,0,0,0,0,0,0,0,0,0,0,0,0,0,0,0,0,0,0,0,0,0,0,0,0,0,2,0,0,0,0,0,0,0,0,0,0,0,0,0,0,0,0,0,0,0,0,2,0,2,0,1,0,0,0,0,3,0,0,0,0,0,0,0,0,0,0,0,0,0,0,0,0,0,0,0,0,0,0,0,0,0,0,0,0,0,0,0,0,0,0,0,0,0,0,0,4,0,0,0,0,0,0,0,0,0,0
61,0,0,0,0,0,0,0,0,0,0,0,0,0,0,0,0,0,0,0,0,0,0,0,0,0,1,0,0,0,0,0,0,0,2,0,0,0,0,0,0,0,0,0,0,0,0,0,0,0,0,0,0,0,0,2,0,2,0,1,0,0,0,0,2,0,0,0,0,0,0,0,0,0,0,0,0,0,0,0,0,0,0,0,0,0,0,0,0,0,0,0,0,0,0,0,0,0,0,0,0,0,0,0,5,0,0,0,0,0,0,0,0,0,0
62,0,0,0,0,0,0,0,0,0,0,0,0,0,0,0,0,0,0,0,0,0,0,0,0,0,0,0,0,0,0,0,0,0,2,0,0,0,0,0,0,0,0,0,0,0,0,0,0,0,0,0,0,0,0,2,0,2,0,1,0,0,0,0,2,0,0,0,0,0,0,0,0,0,0,0,0,0,0,0,0,0,0,0,0,0,0,0,0,1,0,0,1,0,0,0,0,0,0,0,0,0,0,0,4,0,0,0,0,0,0,0,0,0,0
63,0,0,0,0,0,0,0,0,0,0,0,0,0,0,0,0,0,0,0,0,0,0,0,0,0,0,0,0,0,0,0,0,0,2,0,0,0,0,0,0,0,0,0,0,0,0,0,0,0,0,0,0,0,0,2,0,2,0,1,0,0,0,0,2,0,0,0,0,0,0,0,0,0,0,0,0,0,0,0,0,0,0,0,0,0,0,0,0,2,0,0,1,0,0,0,0,0,0,0,1,0,0,0,4,0,0,0,0,0,0,0,0,0,0
64,0,0,0,0,0,0,0,0,0,0,0,0,0,0,0,0,0,0,0,0,0,0,0,0,0,0,0,0,0,0,0,0,0,2,0,0,0,0,0,0,0,0,0,0,0,0,0,0,1,0,0,0,0,0,2,0,2,0,1,0,0,0,0,2,0,0,0,0,0,0,0,0,0,0,0,0,0,0,0,0,0,0,0,0,0,0,0,0,3,0,0,1,0,0,0,0,0,0,0,1,0,0,0,4,0,0,0,0,0,0,0,0,0,0
65,0,0,0,0,0,0,0,0,0,0,0,0,0,0,0,0,0,0,0,0,0,0,0,0,0,0,0,0,0,0,0,0,0,2,0,0,0,0,0,0,0,0,0,0,0,0,0,0,3,0,0,0,0,0,2,0,2,0,1,0,0,0,0,2,0,0,0,0,0,0,0,0,0,0,0,0,0,0,0,0,0,0,0,0,0,0,0,0,5,0,0,1,0,0,0,0,0,0,0,1,0,0,0,4,0,0,0,0,0,0,0,0,0,0
66,0,0,0,0,0,0,0,0,0,0,0,0,0,0,0,0,0,0,0,0,0,0,0,0,0,0,0,0,0,0,0,0,0,2,0,0,0,0,0,0,0,0,0,0,0,0,0,0,5,0,0,0,0,0,2,0,2,0,1,0,0,0,0,2,0,0,0,0,0,0,0,0,0,0,0,0,0,0,0,0,0,0,0,0,0,0,0,0,7,0,0,1,0,0,0,0,0,0,0,1,0,0,0,4,0,0,0,0,0,0,0,0,0,0
67,0,0,0,0,0,0,0,0,0,0,0,0,0,0,0,0,0,0,0,0,0,0,0,1,0,0,0,0,0,0,0,0,0,2,0,0,0,0,0,0,0,0,0,2,0,0,0,0,0,0,0,0,0,0,2,0,2,0,1,1,0,0,0,2,0,0,0,0,3,0,0,0,0,1,0,0,0,0,0,0,0,0,0,0,0,0,0,0,0,0,0,0,0,0,0,0,0,0,0,0,0,0,0,3,0,0,2,0,0,0,0,0,0,5
68,0,0,0,0,0,0,0,0,0,0,0,0,0,0,0,0,0,0,2,0,0,0,0,0,0,0,0,0,0,0,0,0,0,2,0,0,1,0,1,0,0,0,0,4,0,0,0,0,0,0,0,0,0,0,2,0,2,0,1,0,0,0,0,3,0,0,0,0,0,0,0,0,0,2,0,0,0,0,0,0,0,0,0,0,0,0,0,0,0,0,0,0,0,0,0,0,0,0,0,0,0,0,0,4,0,0,0,1,0,0,0,0,0,4
69,0,0,0,0,0,0,0,0,0,0,0,0,0,0,0,0,0,0,0,0,0,0,0,1,0,0,0,0,0,0,0,0,0,2,0,0,1,0,1,0,0,0,0,2,0,0,0,0,0,0,0,0,0,0,2,0,2,0,0,1,0,0,0,0,0,0,0,0,3,0,0,0,0,1,0,0,0,0,0,0,0,0,0,0,0,0,2,0,0,0,0,0,0,0,0,0,0,0,0,0,0,0,0,0,0,0,2,1,0,0,0,0,0,5
70,0,0,0,0,0,0,0,0,0,0,0,0,0,0,0,0,0,0,0,0,0,0,0,0,0,0,0,0,0,0,0,0,0,0,0,0,0,0,0,0,0,0,0,0,0,0,0,0,0,0,0,0,0,0,2,0,0,0,0,0,0,0,0,0,0,2,0,0,0,0,0,0,0,0,0,3,0,0,0,0,0,0,3,0,0,0,0,0,0,2,0,0,0,0,0,0,0,0,0,0,0,0,0,0,0,0,0,0,0,0,0,0,0,0
71,0,0,0,0,0,0,0,0,0,0,0,0,0,0,0,0,0,0,0,0,0,0,0,0,0,0,0,0,0,0,0,0,0,0,0,0,0,0,0,0,0,0,0,0,0,0,0,0,0,0,0,0,0,0,2,2,0,0,0,0,0,0,0,0,0,0,0,0,0,0,0,0,0,0,0,0,0,0,0,0,0,0,0,0,0,0,0,0,1,0,0,0,0,0,0,0,0,0,0,0,0,0,0,0,0,0,0,0,0,0,0,0,0,0
72,0,0,0,0,0,0,0,0,0,0,0,0,0,0,0,0,0,0,0,0,0,0,0,0,0,0,0,0,0,0,0,0,0,0,0,7,0,0,0,0,0,0,0,0,0,0,0,0,0,0,0,0,0,0,2,0,0,0,1,0,0,0,0,3,0,0,0,0,0,0,0,0,0,0,0,0,0,0,0,0,0,0,0,0,0,0,0,0,0,0,0,0,0,0,0,0,0,0,0,0,0,2,0,3,0,0,0,0,0,0,0,0,0,0
73,0,0,0,0,0,0,0,0,0,0,0,0,0,0,0,0,0,0,0,0,0,0,0,0,0,0,0,0,0,0,0,0,0,0,0,5,0,0,0,0,0,0,0,0,0,0,0,0,0,0,0,0,0,0,2,0,0,0,1,0,0,0,0,3,0,0,0,0,0,0,0,0,0,0,0,0,0,0,0,0,0,0,0,0,0,0,0,0,0,0,0,0,0,0,0,0,0,0,0,0,0,2,0,3,0,0,0,0,0,0,0,0,0,0
74,0,0,0,0,0,0,0,0,0,0,0,0,0,0,0,0,0,0,0,0,0,0,0,0,0,0,0,0,0,0,0,0,0,0,0,2,0,0,0,0,0,0,0,0,0,0,0,0,0,0,0,0,0,0,2,0,0,0,0,0,0,0,0,0,0,0,0,0,0,0,0,0,0,0,0,0,0,0,0,0,0,0,0,0,0,0,0,0,0,0,0,0,0,0,0,0,0,0,0,0,0,4,0,0,0,0,0,0,0,0,0,0,0,0
75,0,0,0,0,0,0,0,0,0,0,0,0,0,0,0,0,0,0,0,0,0,0,0,0,0,0,0,0,0,0,0,0,0,1,0,0,0,0,0,0,0,0,0,0,0,0,0,0,0,0,0,0,0,0,2,0,1,0,0,0,0,0,0,0,0,0,0,0,0,0,0,0,0,0,0,0,0,0,0,0,0,0,0,0,0,0,0,0,0,1,0,0,0,0,3,0,0,0,0,0,0,0,0,3,0,0,0,0,0,0,0,0,0,0
76,0,0,0,0,0,1,0,1,0,0,0,0,0,0,0,0,0,0,0,0,0,0,0,0,0,0,0,0,0,0,0,0,0,1,0,0,0,0,0,0,0,0,0,0,0,0,0,0,0,0,0,0,0,0,2,0,1,0,0,0,0,0,0,0,0,0,0,0,0,0,0,0,0,3,0,6,0,0,0,0,0,0,6,0,0,0,0,0,0,2,0,0,0,0,0,0,0,0,0,0,0,0,0,0,0,0,0,0,0,0,0,0,0,1
77,0,0,0,0,0,0,0,1,0,0,0,0,0,0,0,0,0,0,0,0,0,0,0,0,0,0,0,0,0,0,0,0,0,1,0,0,0,0,0,0,0,0,0,0,0,0,0,0,0,0,0,0,0,0,2,0,1,0,0,0,0,0,0,0,0,0,0,0,0,0,0,0,0,3,0,6,0,0,0,0,0,0,6,0,0,0,0,0,0,2,0,0,0,0,0,0,0,0,0,0,0,0,0,0,0,0,0,0,0,0,0,0,0,1
78,0,0,0,0,0,0,1,1,0,0,0,0,0,0,0,0,0,0,0,0,0,0,0,0,0,0,0,0,0,0,0,0,0,1,0,0,0,0,0,0,0,0,0,2,0,0,0,0,0,0,0,0,0,0,2,0,1,1,1,0,0,0,0,2,0,0,0,0,1,0,0,0,0,2,0,0,0,0,0,0,0,0,0,0,0,0,1,0,0,1,0,0,0,0,3,0,0,0,0,0,0,0,0,5,0,0,0,1,0,0,0,0,0,4
79,0,0,0,0,0,0,0,0,0,0,0,0,0,0,0,0,0,0,0,0,0,0,0,0,0,0,0,0,0,0,0,0,0,0,0,3,0,0,0,0,0,0,0,0,0,0,0,0,0,0,0,0,0,0,2,0,0,0,1,0,0,0,0,3,0,0,0,0,0,0,0,0,0,0,0,0,0,0,0,0,0,0,0,0,0,0,0,0,0,0,0,0,0,0,0,0,0,0,0,0,0,2,0,3,0,0,0,0,0,0,0,0,0,0
80,0,0,0,0,0,0,0,0,0,0,0,0,0,0,0,0,0,0,0,0,0,0,0,0,0,0,0,0,0,0,0,0,0,0,0,3,0,0,0,0,0,0,0,0,0,0,0,0,0,0,0,0,0,0,2,0,0,0,2,0,0,0,0,5,0,0,0,0,0,0,0,0,0,0,0,0,0,0,0,0,0,0,0,0,0,0,0,0,1,0,0,0,0,0,0,0,0,0,0,0,0,2,0,5,0,0,0,0,0,0,0,0,0,0
81,0,0,0,0,0,0,0,0,0,0,0,0,0,0,0,0,0,0,0,0,0,0,0,0,0,0,0,0,0,0,0,0,0,0,0,2,0,0,0,0,0,0,0,0,0,0,0,0,0,0,0,0,0,0,2,0,0,0,0,0,0,0,0,0,0,0,0,0,0,0,0,0,0,0,0,0,0,0,0,0,0,0,0,0,0,0,0,0,0,0,0,0,0,0,0,0,0,0,0,0,0,3,0,0,0,0,0,0,0,0,0,0,0,0
82,0,0,0,0,0,0,0,0,0,0,0,0,0,0,0,0,0,0,0,0,0,0,0,0,0,0,0,0,0,0,0,0,0,0,0,0,0,0,0,0,0,0,0,0,0,0,0,0,0,0,0,0,0,0,2,1,0,0,0,0,0,0,0,0,0,0,0,0,0,0,1,0,0,0,0,0,0,0,0,0,0,0,0,0,0,0,0,0,2,0,0,0,0,0,0,0,0,0,0,0,0,0,0,0,0,0,0,0,0,0,0,0,0,0
83,0,0,0,0,0,0,0,0,0,0,0,0,0,0,0,0,0,0,0,0,0,0,0,0,0,0,0,0,0,0,0,0,0,0,0,0,0,0,0,0,0,0,0,0,0,0,0,0,1,0,0,0,0,0,2,1,0,0,0,0,0,0,0,0,0,0,0,0,0,0,1,0,0,0,0,0,0,0,0,0,0,0,0,0,0,0,0,0,3,0,0,0,0,0,0,0,0,0,0,0,0,0,0,0,0,0,0,0,0,0,0,0,0,0
84,0,0,0,0,0,0,0,1,0,0,0,0,0,0,0,0,0,0,0,0,0,0,0,0,0,0,0,0,0,0,0,0,1,0,1,0,0,0,0,0,0,0,0,2,0,0,0,0,0,0,0,0,0,0,2,0,0,0,1,0,0,0,1,2,0,0,0,0,0,0,0,0,0,3,0,0,1,0,0,0,0,0,0,0,0,0,0,0,0,1,0,0,0,0,3,0,0,0,0,0,0,0,0,5,0,0,0,0,0,0,0,0,0,3
85,0,0,0,0,0,0,0,1,0,0,0,0,0,0,0,0,0,0,0,0,0,0,0,0,0,0,0,0,0,0,0,0,1,0,1,0,0,0,0,0,0,0,0,2,0,0,0,0,1,0,0,0,0,0,2,0,0,0,1,0,0,0,1,2,0,0,0,0,0,0,0,0,0,3,0,0,1,0,0,0,0,0,0,0,0,0,0,0,3,0,0,1,0,0,0,0,0,0,0,1,0,0,0,3,0,0,0,0,0,0,0,0,0,3
86,0,0,0,0,0,0,0,1,0,0,0,0,0,0,0,0,0,0,0,0,0,0,0,0,0,0,0,0,0,0,0,0,1,0,1,0,0,0,0,0,0,0,0,2,0,0,0,0,5,0,0,0,0,0,2,0,0,0,1,0,0,0,1,2,0,0,0,0,0,0,0,0,0,3,0,0,1,0,0,0,0,0,0,0,0,0,0,0,7,0,0,1,0,0,0,0,0,0,0,1,0,0,0,3,0,0,0,0,0,0,0,0,0,3
87,0,0,0,0,0,0,0,1,0,0,0,0,0,0,0,0,0,0,0,0,0,0,0,0,0,0,0,0,0,0,0,0,1,0,1,0,0,0,0,0,0,0,0,2,0,0,0,0,16,0,0,0,0,0,2,0,0,0,1,0,0,0,1,2,0,0,0,0,0,0,0,0,0,3,0,0,1,0,0,0,0,0,0,0,0,0,0,0,18,0,0,1,0,0,0,0,0,0,0,1,0,0,0,3,0,0,0,0,0,0,0,0,0,3
88,0,0,0,0,0,0,0,1,0,0,0,0,0,0,0,0,0,0,0,0,0,0,0,0,0,0,0,0,0,0,0,0,1,0,1,0,0,0,0,0,0,0,0,2,0,0,0,0,0,0,0,0,0,0,2,0,0,0,1,0,0,0,1,0,0,0,0,0,0,0,0,0,0,3,0,0,1,0,0,0,0,0,0,0,0,0,0,0,3,0,0,3,0,0,0,0,0,0,0,0,0,0,0,3,0,0,0,0,0,0,0,0,0,3
89,0,0,0,0,0,0,0,0,0,0,0,0,0,0,0,0,0,0,0,0,0,0,0,0,0,0,0,0,0,0,0,0,0,0,0,0,0,0,0,0,0,0,0,0,0,0,0,0,0,0,0,0,0,0,2,1,0,0,0,0,0,0,0,0,0,1,0,0,0,0,0,0,0,0,0,0,0,0,0,0,0,0,0,0,0,0,0,0,1,1,0,0,0,0,2,0,0,0,0,0,0,0,0,2,0,0,0,0,0,0,0,0,0,0
90,0,0,0,0,0,0,0,0,0,0,0,0,0,0,0,0,0,0,0,0,0,0,0,0,0,0,0,0,0,0,0,0,0,0,0,0,0,0,0,0,0,0,0,0,0,0,0,0,0,0,0,0,0,0,2,1,0,0,0,0,0,0,0,0,0,1,0,0,0,0,0,0,0,0,0,0,0,0,0,0,0,0,0,0,0,0,0,0,1,1,0,0,0,0,1,0,0,0,0,0,0,0,0,1,0,0,0,0,0,0,0,0,0,0
91,0,0,0,0,0,0,1,0,0,0,0,0,0,0,0,0,0,0,0,0,0,0,1,0,0,0,0,0,0,0,0,0,0,1,0,0,0,0,0,0,0,0,0,0,0,0,0,0,0,0,0,0,0,0,2,1,0,0,0,0,0,0,0,0,0,1,0,0,0,0,0,0,0,0,0,0,0,0,0,0,0,0,0,0,0,0,0,0,1,1,0,0,0,0,1,0,1,0,0,0,0,0,0,2,0,0,0,0,0,0,0,0,0,0
92,0,0,0,0,0,0,1,0,0,0,0,0,0,0,0,0,0,0,0,0,0,0,1,0,0,0,0,0,0,0,0,0,0,1,0,0,0,0,0,0,0,0,0,0,0,0,0,0,0,0,0,0,1,0,2,1,0,0,0,0,0,0,0,0,0,1,0,0,0,0,0,0,0,0,0,0,0,0,0,0,0,0,0,0,0,0,0,0,2,1,0,1,0,0,1,0,1,0,0,0,0,0,0,2,0,0,0,0,0,0,0,0,0,0
93,0,0,0,0,0,0,4,0,0,0,0,0,0,0,0,0,0,0,2,0,0,0,2,0,0,0,0,0,0,0,0,0,0,2,0,0,0,0,0,0,0,0,0,8,0,0,0,0,7,0,0,0,1,0,2,1,0,3,0,0,0,0,0,0,0,1,0,0,0,0,0,0,0,4,0,0,0,0,0,0,0,0,0,0,0,0,0,0,12,1,0,1,0,0,1,0,2,6,0,1,0,0,0,2,0,0,0,1,0,0,0,0,0,8
94,0,0,0,0,0,0,1,0,0,0,0,0,0,0,0,0,0,0,0,0,0,0,1,0,0,0,0,0,0,0,0,0,0,1,0,0,0,0,0,0,0,0,0,0,0,0,0,0,0,0,0,0,1,0,2,1,0,0,0,0,0,0,0,0,0,1,0,0,0,0,0,0,0,0,0,0,0,0,0,0,0,0,0,0,0,0,0,0,3,1,0,0,0,0,1,0,1,0,0,0,0,0,0,1,0,0,0,0,0,0,0,0,0,0
95,0,0,0,0,0,0,0,0,0,0,0,0,0,0,0,0,0,0,0,0,0,0,0,0,0,0,0,0,0,0,0,0,0,0,0,0,0,0,0,0,0,0,0,0,0,0,0,0,0,0,0,0,0,0,2,1,0,0,0,0,0,0,0,0,0,1,0,0,0,0,0,0,0,0,0,0,0,0,0,0,0,0,0,0,0,0,0,0,1,1,0,0,0,0,0,0,0,0,0,0,0,0,0,0,0,0,0,0,0,0,0,0,0,0
96,0,0,0,0,0,0,0,0,0,0,0,0,0,0,0,0,0,0,0,0,0,0,0,0,0,0,0,0,0,0,0,0,0,0,0,0,0,0,0,0,0,0,0,0,0,0,0,0,0,0,0,0,0,0,2,1,0,0,0,0,0,0,0,0,0,1,0,0,0,0,0,0,0,0,0,2,0,0,0,0,0,0,2,0,0,0,0,0,1,1,0,0,0,0,0,0,0,0,0,0,0,0,0,0,0,0,0,0,0,0,0,0,0,0
97,0,0,1,0,0,0,0,0,0,1,0,0,0,0,0,0,0,0,0,0,0,0,0,0,0,1,0,0,0,0,0,0,0,0,0,0,0,0,0,0,0,0,0,0,0,0,0,0,0,0,0,0,0,0,2,1,0,0,0,0,0,0,0,0,0,0,0,0,0,0,0,0,0,0,0,0,0,0,0,0,0,0,0,0,0,0,0,0,1,0,0,0,0,0,0,0,0,0,0,0,0,0,0,1,0,0,0,0,0,0,0,0,0,0
98,0,0,1,0,0,0,0,0,0,1,0,0,0,0,0,0,0,0,0,0,0,0,0,0,0,1,0,0,0,0,0,0,0,0,0,0,0,0,0,0,0,0,0,0,0,0,0,0,0,0,0,0,0,0,2,1,0,0,0,0,0,0,0,0,0,0,0,0,0,0,0,0,0,0,0,0,0,0,0,0,0,0,0,0,0,0,0,0,1,0,0,0,0,0,0,0,0,0,0,0,0,0,0,0,0,0,0,0,0,0,0,0,0,0
99,0,0,1,0,0,0,1,0,0,1,0,0,0,0,0,0,0,0,0,0,0,0,1,0,0,1,0,0,0,0,0,0,0,1,0,0,0,0,0,0,0,0,0,0,0,0,0,0,0,0,0,0,0,0,2,1,0,0,0,0,0,0,0,0,0,0,0,0,0,0,0,0,0,0,0,0,0,0,0,0,0,0,0,0,0,0,0,0,1,0,0,0,0,0,0,0,1,0,0,0,0,0,0,1,0,0,0,0,0,0,0,0,0,0
100,0,0,1,0,0,0,1,0,0,1,0,0,0,0,0,0,0,0,0,0,0,0,1,0,0,1,0,0,0,0,0,0,0,1,0,0,0,0,0,0,0,0,0,0,0,0,0,0,0,0,0,0,1,0,2,1,0,0,0,0,0,0,0,0,0,0,0,0,0,0,0,0,0,0,0,0,0,0,0,0,0,0,0,0,0,0,0,0,2,0,0,1,0,0,0,0,1,0,0,0,0,0,0,1,0,0,0,0,0,0,0,0,0,0
101,0,0,1,0,0,0,1,0,0,1,0,0,0,0,0,0,0,0,0,0,0,0,1,0,0,1,0,0,0,0,0,0,0,1,0,0,0,0,0,0,0,0,0,0,0,0,0,0,7,0,0,0,1,0,2,1,0,0,0,0,0,0,0,0,0,0,0,0,0,0,0,0,0,0,0,0,0,0,0,0,0,0,0,0,0,0,0,0,10,0,0,1,0,0,0,0,1,0,0,1,0,0,0,1,0,0,0,0,0,0,0,0,0,0
102,0,0,1,0,0,0,1,0,0,1,0,0,0,0,0,0,0,0,0,0,0,0,1,0,0,1,0,0,0,0,0,0,0,1,0,0,0,0,0,0,0,0,0,0,0,0,0,0,11,0,0,0,1,0,2,1,0,0,0,0,0,0,0,0,0,0,0,0,0,0,0,0,0,0,0,0,0,0,0,0,0,0,0,0,0,0,0,0,14,0,0,1,0,0,0,0,1,0,0,1,0,0,0,1,0,0,0,0,0,0,0,0,0,0
103,0,0,1,0,0,0,1,0,0,1,0,0,0,0,0,0,0,0,0,0,0,0,1,0,0,1,0,0,0,0,0,0,0,1,0,0,0,0,0,0,0,0,0,0,0,0,0,0,15,0,0,0,1,0,2,1,0,0,0,0,0,0,0,0,0,0,0,0,0,0,0,0,0,0,0,0,0,0,0,0,0,0,0,0,0,0,0,0,18,0,0,1,0,0,0,0,1,0,0,1,0,0,0,1,0,0,0,0,0,0,0,0,0,0
104,0,0,1,0,0,0,1,0,0,1,0,0,0,0,0,0,0,0,0,0,0,0,1,0,0,1,0,0,0,0,0,0,0,1,0,0,0,0,0,0,0,0,0,0,0,0,0,0,19,0,0,0,1,0,2,1,0,0,0,0,0,0,0,0,0,0,0,0,0,0,0,0,0,0,0,0,0,0,0,0,0,0,0,0,0,0,0,0,22,0,0,1,0,0,0,0,1,0,0,1,0,0,0,1,0,0,0,0,0,0,0,0,0,0
105,0,0,1,0,0,0,0,0,0,1,0,0,0,0,0,0,0,0,0,0,0,0,1,0,0,1,0,0,0,0,0,0,0,1,0,0,0,0,0,0,0,0,0,0,0,0,0,0,0,0,0,0,0,0,2,1,0,0,0,0,0,0,0,0,0,0,0,0,0,0,0,0,0,0,0,0,0,0,0,0,0,0,0,0,0,0,0,0,1,0,0,0,0,0,0,0,1,0,0,0,0,0,0,1,0,0,0,0,0,0,0,0,0,0
106,0,0,1,0,0,0,0,0,0,1,0,0,0,0,0,0,0,0,0,0,0,0,0,0,0,2,0,0,0,0,0,0,0,0,0,0,0,0,0,0,0,0,0,0,0,0,0,0,0,0,0,0,0,0,2,1,0,0,0,0,0,0,0,0,0,0,0,0,0,0,0,0,0,0,0,0,0,0,0,0,0,0,0,0,0,0,0,0,2,0,0,0,0,0,0,0,0,0,0,0,0,0,0,2,0,0,0,0,0,0,0,0,0,0
107,0,0,1,0,0,0,0,0,0,1,0,0,0,0,0,0,0,0,0,0,0,0,0,0,0,1,0,0,0,0,0,0,0,0,0,0,0,0,0,0,0,0,0,0,0,0,0,0,1,0,0,0,0,0,2,1,0,0,0,0,0,0,0,0,0,0,0,0,0,0,0,0,0,0,0,0,0,0,0,0,0,0,0,0,0,0,0,0,4,0,0,1,0,0,0,0,0,0,0,1,0,0,0,1,0,0,0,0,0,0,0,0,0,0
108,0,0,1,0,0,0,0,0,0,1,0,0,0,0,0,0,0,0,0,0,0,0,0,0,0,1,0,0,0,0,0,0,0,0,0,0,0,0,0,0,0,0,0,0,0,0,0,0,0,0,0,0,0,0,2,1,0,0,0,0,0,0,0,0,0,0,0,0,0,0,0,0,0,0,0,0,0,0,0,0,0,0,0,0,0,0,0,0,1,0,0,0,0,0,0,0,0,0,0,0,0,0,0,0,0,0,0,0,0,0,0,0,0,0
109,0,0,1,0,0,0,0,0,0,1,0,0,0,0,0,0,0,0,0,0,0,0,0,0,0,1,0,0,0,0,0,0,0,0,0,0,0,0,0,0,0,0,0,0,0,0,0,0,0,0,0,0,0,0,2,1,0,0,0,0,0,0,0,0,0,0,0,0,0,0,0,0,0,0,0,0,0,0,0,0,0,0,1,0,0,0,0,0,1,0,0,0,0,0,0,0,0,0,0,0,0,0,0,0,0,0,0,0,0,0,0,0,0,0
110,0,0,1,0,0,0,0,0,0,1,0,0,0,0,0,0,0,0,0,0,0,0,0,0,0,1,0,0,0,0,0,0,0,0,0,0,0,0,0,0,0,0,0,0,0,0,0,0,0,0,0,0,0,0,2,1,0,0,0,0,0,0,0,0,0,0,0,0,0,0,0,0,0,1,0,0,0,0,0,0,0,0,0,0,0,0,0,0,1,0,0,0,1,0,0,0,1,0,0,0,0,3,1,0,0,0,0,0,0,0,0,0,0,0
111,0,0,1,0,0,0,0,0,0,1,0,0,0,0,0,0,0,0,0,0,0,0,0,0,0,1,0,0,0,0,0,0,0,0,0,0,0,0,0,0,0,0,0,0,0,0,0,0,0,0,0,0,0,0,2,1,0,0,0,0,0,0,0,0,0,0,0,0,0,0,0,0,0,0,0,0,0,0,0,0,0,0,0,0,0,0,0,0,1,0,0,0,0,0,0,0,0,0,0,0,0,0,0,0,0,0,0,0,0,0,0,0,0,0
112,0,0,1,0,0,0,1,0,0,1,0,0,0,0,0,0,0,0,0,0,0,0,0,0,0,1,0,0,0,0,0,0,0,0,0,0,0,0,0,0,0,0,0,0,0,0,0,0,0,0,0,0,0,0,2,1,0,0,0,0,0,0,0,0,0,0,0,0,0,0,0,0,0,0,0,0,0,0,0,0,0,0,0,0,0,0,0,0,1,0,0,0,0,0,0,0,0,0,0,0,0,0,0,1,0,0,0,0,0,0,0,0,0,0
113,0,0,1,0,0,0,1,0,0,1,0,0,0,0,0,0,0,0,0,0,0,0,1,0,0,1,0,0,0,0,0,0,0,1,0,1,0,0,0,0,0,0,0,0,0,0,0,0,0,0,0,0,0,0,2,1,0,0,0,0,0,0,0,0,0,0,0,0,0,0,0,0,0,0,0,0,0,0,0,0,0,0,0,0,0,0,0,0,1,0,0,0,0,0,0,0,1,0,0,0,0,5,0,0,0,0,0,0,0,0,0,0,0,0
114,0,0,1,0,0,0,1,0,0,1,0,0,0,0,0,0,0,0,2,0,0,0,1,0,0,2,0,0,0,0,0,0,0,1,0,0,0,0,0,0,0,0,0,4,0,0,0,0,0,0,0,0,0,0,2,1,0,0,0,0,0,0,0,0,0,0,0,0,0,0,0,0,0,2,0,0,0,0,0,0,0,0,0,0,0,0,0,0,1,0,0,0,0,0,0,0,1,0,0,0,0,0,0,2,0,0,0,1,0,0,0,0,0,4
115,0,0,1,0,0,0,1,0,0,1,0,0,0,0,0,0,0,0,2,0,0,0,1,0,0,1,0,0,0,0,0,0,0,1,0,0,0,0,0,0,0,0,0,4,0,0,0,0,0,0,0,0,0,0,2,1,0,0,0,0,0,0,0,0,0,0,0,0,0,0,0,0,0,2,0,0,0,0,0,0,0,0,0,0,0,0,0,0,1,0,0,0,0,0,0,0,1,0,0,0,0,0,0,1,0,0,0,1,0,0,0,1,0,4
116,0,0,1,0,0,0,1,0,0,1,0,0,0,0,0,0,0,0,0,0,0,0,1,1,0,1,0,0,0,0,0,0,0,1,0,0,0,0,0,0,0,0,0,2,0,0,0,0,0,0,0,0,0,0,2,1,0,0,0,1,0,0,0,0,0,0,0,0,3,0,0,0,0,1,0,0,0,0,0,0,0,0,0,0,0,0,2,0,1,0,0,0,0,0,0,0,1,0,0,0,0,0,0,0,0,0,2,1,0,0,0,0,0,5
117,0,0,1,0,0,0,1,0,0,1,0,0,0,0,0,0,0,0,0,0,0,0,1,0,0,1,0,0,0,0,0,0,0,1,0,0,0,0,0,0,0,0,0,0,0,0,0,0,0,0,0,0,0,0,2,1,0,0,0,0,0,0,0,0,0,0,0,0,0,0,0,0,0,0,0,0,0,0,0,0,0,0,0,0,0,0,0,0,1,0,0,0,0,0,0,0,1,0,0,0,0,0,0,1,0,0,0,0,0,0,0,0,0,0
118,0,0,1,0,0,0,1,0,0,1,0,0,0,0,0,0,0,0,0,0,0,0,0,0,0,1,0,0,0,0,0,0,0,0,0,5,0,0,0,0,0,0,0,0,0,0,0,0,0,0,0,0,0,0,2,1,0,0,0,0,0,0,0,0,0,0,0,0,0,0,0,0,0,0,0,0,0,0,0,0,0,0,0,0,0,0,0,0,1,0,0,0,0,0,0,0,0,0,0,0,0,5,0,0,0,0,0,0,0,0,0,0,0,0
119,0,0,1,0,0,0,1,0,0,1,0,0,0,0,0,0,0,0,0,0,0,0,0,0,0,1,0,0,0,0,0,0,0,0,0,3,0,0,0,0,0,0,0,0,0,0,0,0,0,0,0,0,0,0,2,1,0,0,0,0,0,0,0,0,0,0,0,0,0,0,0,0,0,0,0,0,0,0,0,0,0,0,0,0,0,0,0,0,1,0,0,0,0,0,0,0,0,0,0,0,0,4,0,0,0,0,0,0,0,0,0,0,0,0
120,0,0,1,0,0,0,1,0,0,1,0,0,0,0,0,0,0,0,0,0,0,0,0,0,0,1,0,0,0,0,0,0,0,0,0,1,0,0,0,0,0,0,0,0,0,0,0,0,0,0,0,0,0,0,2,1,0,0,0,0,0,0,0,0,0,0,0,0,0,0,0,0,0,0,0,0,0,0,0,0,0,0,0,0,0,0,0,0,1,0,0,0,0,0,0,0,0,0,0,0,0,5,0,0,0,0,0,0,0,0,0,0,0,0
121,0,0,1,0,0,0,1,0,0,1,0,0,0,0,0,0,0,0,0,0,0,0,0,0,0,1,0,0,0,0,0,0,0,0,0,0,0,0,0,0,0,0,0,0,0,0,0,0,0,0,0,0,0,0,2,1,0,0,0,0,0,0,0,0,0,0,0,0,0,0,0,0,0,0,0,0,0,0,0,0,0,0,0,0,0,0,0,0,2,0,0,1,0,0,0,0,0,0,0,0,0,0,0,1,0,0,0,0,0,0,0,0,0,0
122,0,0,1,0,0,0,1,0,0,1,0,0,0,0,0,0,0,0,0,0,0,0,0,0,0,1,0,0,0,0,0,0,0,0,0,5,0,0,0,0,0,0,0,0,0,0,0,0,0,0,0,0,0,0,2,1,0,0,0,0,0,0,0,0,0,0,0,0,0,0,0,0,0,0,0,0,0,0,0,0,0,0,0,0,0,0,0,0,2,0,0,0,0,0,0,0,0,0,0,0,0,5,0,0,0,0,0,0,0,0,0,0,0,0
123,0,0,1,0,0,0,1,0,0,1,0,0,0,0,0,0,0,0,0,0,0,0,0,0,0,1,0,0,0,0,0,0,0,0,0,1,0,0,0,0,0,0,0,0,0,0,0,0,0,0,0,0,0,0,2,1,0,0,0,0,0,0,0,0,0,0,0,0,0,0,0,0,0,0,0,0,0,0,0,0,0,0,0,0,0,0,0,0,2,0,0,0,0,0,0,0,0,0,0,0,0,5,0,0,0,0,0,0,0,0,0,0,0,0
124,0,0,1,0,0,0,1,0,0,1,0,0,0,0,0,0,0,0,0,0,0,0,0,1,0,1,0,0,0,0,0,0,0,0,0,0,0,0,0,0,0,0,0,2,0,0,0,0,0,0,0,0,0,0,2,1,0,0,0,1,0,0,0,0,0,0,0,0,3,0,0,0,0,1,0,0,0,0,0,0,0,0,0,0,0,0,0,0,2,0,0,0,0,0,0,0,0,0,0,0,0,0,0,0,0,0,2,0,0,0,0,0,1,5
125,0,0,1,0,0,0,0,0,0,1,0,0,0,0,0,0,0,0,0,0,0,0,0,0,0,1,0,0,0,0,0,0,0,0,0,0,0,0,0,0,0,0,0,0,0,0,0,0,0,0,0,0,0,0,2,1,0,0,1,0,0,0,0,3,0,0,0,0,0,0,0,0,0,0,0,0,0,0,0,0,0,0,0,0,0,0,0,0,1,0,0,0,0,0,0,0,0,0,0,0,0,0,0,3,0,0,0,0,0,0,0,0,0,0
126,0,0,1,0,0,0,0,0,0,1,0,0,0,0,0,0,0,0,0,0,0,0,0,1,0,1,0,0,0,0,0,0,0,0,0,0,0,0,0,0,0,0,0,2,0,0,0,0,0,0,0,0,0,0,2,1,0,0,0,1,0,0,0,0,0,0,0,0,3,0,0,0,0,1,0,0,0,0,0,0,0,0,0,0,0,0,0,0,1,0,0,0,0,0,0,0,0,0,0,0,0,0,0,0,0,0,2,0,0,0,0,0,0,5
127,0,0,0,0,0,0,0,1,0,0,0,0,1,0,0,0,1,0,1,0,0,0,2,0,0,0,2,0,1,2,0,0,0,2,0,0,0,0,0,0,0,0,0,10,0,0,0,1,0,0,0,0,0,0,2,1,0,0,0,0,0,1,0,0,1,0,0,2,0,0,0,0,0,9,0,0,0,0,0,0,0,1,0,0,0,0,0,0,2,0,0,0,2,1,0,0,4,0,0,0,0,0,1,0,0,2,0,1,0,0,0,0,2,11
128,0,0,0,0,0,0,0,1,0,0,0,0,1,0,0,0,1,0,1,0,0,0,2,0,0,0,2,0,1,2,0,0,0,2,0,0,0,0,0,0,0,0,0,6,0,0,0,1,0,0,0,0,0,0,2,1,0,0,0,0,0,1,0,0,1,0,0,2,0,0,0,0,0,7,0,0,0,0,0,0,0,1,0,0,0,0,0,0,1,0,0,0,2,1,0,0,4,0,0,0,0,0,1,0,0,2,0,1,0,0,0,0,0,7
129,0,0,0,0,0,0,1,1,0,0,0,0,1,0,0,0,1,0,1,0,0,0,2,0,0,0,2,0,1,2,0,0,0,2,0,0,0,0,0,1,0,0,0,10,0,0,0,1,0,0,0,0,0,0,2,1,0,2,0,0,0,1,0,0,1,0,0,2,0,0,0,0,0,9,0,0,0,0,0,0,0,1,0,0,0,0,0,0,1,0,0,0,2,1,0,0,4,4,0,0,0,0,1,0,0,2,0,1,0,0,0,0,0,11
130,0,0,0,0,0,0,2,1,0,0,0,0,1,0,0,0,1,0,1,0,0,0,2,0,0,0,2,0,1,2,0,0,0,2,0,0,0,0,0,2,0,0,0,14,0,0,0,1,0,0,0,0,0,0,2,1,0,4,0,0,0,1,0,0,1,0,0,2,0,0,0,0,0,11,0,0,0,0,0,0,0,1,0,0,0,0,0,0,1,0,0,0,2,1,0,0,4,8,0,0,0,0,1,0,0,2,0,1,0,0,0,0,0,15
131,0,0,0,0,0,0,2,2,0,0,0,0,1,0,0,0,1,0,1,0,0,0,2,0,0,0,2,0,1,2,0,0,0,2,0,0,0,0,0,2,0,0,0,12,0,0,0,1,0,0,0,0,0,0,2,1,0,4,0,0,0,1,0,0,1,0,0,2,1,0,0,0,0,11,0,0,0,0,0,0,0,1,0,0,0,0,0,0,1,0,0,0,2,1,0,0,4,4,0,0,0,0,1,0,0,2,0,1,0,0,0,0,0,15
132,0,0,0,1,0,0,0,1,0,0,0,0,1,0,0,0,1,0,1,0,0,0,2,0,0,0,2,0,1,2,0,0,0,2,0,0,0,2,0,0,0,0,0,10,0,0,0,1,0,0,0,0,0,0,2,1,0,0,0,0,0,1,0,0,1,0,0,2,0,0,0,0,0,9,0,0,0,0,0,0,0,1,0,0,0,0,0,0,1,0,0,0,2,1,0,0,6,0,0,0,0,0,1,0,0,2,0,1,0,0,0,0,0,11
133,0,0,0,0,0,0,2,0,0,0,0,0,0,0,0,0,0,0,0,0,0,0,2,0,0,0,0,0,0,0,0,0,0,2,0,0,0,0,0,0,0,0,1,0,0,0,0,0,4,0,0,0,1,0,2,1,0,0,0,0,0,0,0,0,0,0,0,0,0,0,0,0,0,0,0,0,0,0,0,0,0,0,0,0,0,0,0,0,9,1,0,0,0,0,1,0,2,0,0,0,0,0,0,3,0,2,0,0,0,0,0,0,0,0
134,0,0,0,0,0,0,2,0,0,0,0,0,0,0,0,0,0,0,0,0,0,0,2,0,0,0,0,0,0,0,0,0,0,2,0,0,0,0,0,0,0,0,1,8,0,0,0,0,0,0,0,0,1,0,2,1,0,0,0,0,0,0,0,0,0,0,0,0,0,0,0,0,0,4,0,0,0,0,0,0,0,0,0,0,0,0,0,0,4,1,0,0,0,0,1,0,2,0,0,0,0,0,0,3,0,2,0,0,0,0,0,0,2,8
135,0,0,0,0,0,0,1,0,0,1,0,0,0,0,0,0,0,0,0,0,0,0,0,0,0,1,0,0,0,0,0,0,0,0,0,0,0,0,0,0,0,0,1,0,0,0,0,0,0,0,0,0,0,0,2,1,0,0,0,0,0,0,0,0,0,0,0,0,0,0,0,0,0,0,0,0,0,0,0,0,0,0,0,0,0,0,0,0,1,0,0,0,0,0,0,0,0,0,0,0,0,0,0,1,0,0,0,0,0,0,0,0,0,0
136,0,0,0,0,0,0,1,0,0,1,0,0,0,0,0,0,0,0,0,0,0,0,0,0,0,1,0,0,0,0,0,0,0,0,0,0,0,0,0,0,0,0,1,0,0,0,0,0,0,0,0,0,0,0,2,1,0,0,0,0,0,0,0,0,0,0,0,0,0,0,0,0,0,0,0,0,0,0,0,0,0,0,0,0,0,0,0,0,2,0,0,0,0,0,0,0,0,0,0,0,0,0,0,0,0,0,0,0,0,0,0,0,0,0
137,0,0,0,2,0,0,1,0,0,0,0,0,0,0,0,0,0,0,0,0,0,0,0,0,0,0,0,0,0,0,0,0,0,0,0,0,0,4,0,0,0,0,1,0,0,0,0,0,0,0,0,0,0,0,2,1,0,0,0,0,0,0,0,0,0,0,0,0,0,0,0,0,0,0,0,0,0,0,0,0,0,0,0,0,0,0,0,0,4,1,0,0,0,0,0,0,4,0,0,0,0,0,0,2,0,0,0,0,0,0,0,0,0,0
138,0,0,0,0,0,0,3,4,0,1,0,0,0,0,0,2,0,0,0,0,0,0,1,0,0,1,0,0,0,0,0,0,0,1,0,0,0,0,0,0,0,0,1,0,0,0,0,0,0,0,0,0,0,0,2,1,0,0,0,0,0,0,0,0,0,0,0,0,0,0,0,0,0,8,0,0,0,0,0,0,0,0,0,0,0,0,0,1,2,1,0,0,0,0,2,0,1,0,0,0,0,0,0,3,0,0,0,0,0,0,0,0,0,4
139,0,0,0,0,0,0,3,0,0,1,0,0,0,0,0,2,0,1,0,0,0,0,1,0,0,1,0,0,0,0,0,0,0,1,0,0,0,0,0,0,0,4,1,8,0,0,0,0,0,0,0,0,0,0,2,1,0,2,0,0,0,0,0,0,0,0,0,0,0,0,0,0,0,4,0,0,0,0,0,0,1,0,0,0,0,0,0,1,3,1,0,1,0,0,2,0,1,4,0,0,1,0,0,3,0,0,0,0,0,0,0,0,0,8
140,0,0,0,0,0,0,3,0,0,1,0,0,0,0,0,2,0,1,0,0,0,0,1,0,0,1,0,0,0,0,0,0,0,1,0,0,0,0,0,0,0,4,1,8,0,0,0,0,0,0,0,0,0,0,2,1,0,2,0,0,0,0,0,0,0,0,0,0,0,0,0,0,0,4,0,0,0,0,0,0,1,0,0,0,0,0,0,1,3,1,0,0,0,0,2,0,1,4,0,0,1,0,0,2,0,0,0,0,0,0,0,0,0,8
141,0,0,0,0,0,0,3,0,0,1,0,0,0,0,0,2,0,1,0,0,0,0,1,1,0,1,0,0,0,0,0,0,0,1,0,0,0,0,0,0,0,4,1,10,0,0,0,0,0,0,0,0,0,0,2,1,0,2,0,1,0,0,0,0,0,0,0,0,3,0,0,0,0,5,0,0,0,0,0,0,1,0,0,0,0,0,2,1,2,1,0,0,0,0,2,0,1,4,0,0,1,0,0,2,0,0,2,1,0,0,0,0,0,13
142,0,0,0,0,0,0,3,0,0,1,0,0,0,0,0,2,0,1,0,0,0,0,1,0,0,1,0,0,0,0,0,0,0,1,0,0,0,0,0,0,0,4,1,10,0,0,0,0,0,0,0,0,0,0,2,1,0,2,0,0,0,0,0,0,0,0,0,0,2,0,0,0,0,6,0,0,0,0,0,0,1,0,0,0,0,0,0,1,2,1,0,0,0,0,2,0,1,4,0,0,1,0,0,2,0,0,2,0,0,0,0,0,0,12
143,0,0,0,0,0,0,3,0,0,1,0,0,0,0,0,2,0,1,0,0,0,0,1,0,0,1,0,0,0,0,0,0,0,1,0,0,0,0,0,0,0,4,1,8,0,0,0,0,0,0,0,0,0,0,2,1,0,2,0,0,0,0,0,0,0,0,0,0,0,0,0,0,0,4,0,0,0,0,0,0,1,0,0,0,0,0,0,1,2,1,0,0,0,0,2,0,1,4,0,0,1,0,0,3,0,0,0,0,0,0,0,0,0,8
144,0,0,0,0,0,0,3,0,0,1,0,0,0,0,0,3,0,1,0,0,0,0,1,2,0,1,0,0,0,0,0,0,0,1,0,0,0,0,0,0,0,4,1,12,0,0,0,0,0,0,0,0,0,0,2,1,0,2,0,2,0,0,0,0,0,0,0,0,6,0,0,0,0,6,0,0,0,0,0,0,1,0,0,0,0,0,2,1,2,1,0,0,0,0,1,0,1,4,0,0,1,0,0,1,0,0,4,1,0,0,0,0,0,18
145,0,0,0,0,0,0,3,0,0,1,0,0,0,0,0,3,0,1,0,0,0,0,1,1,0,1,0,0,0,0,0,0,0,1,0,0,0,0,0,0,0,4,1,10,0,0,0,0,0,0,0,0,0,0,2,1,0,2,0,1,0,0,0,0,0,0,0,0,3,0,0,0,0,5,0,0,0,0,0,0,1,0,0,0,0,0,0,1,2,1,0,0,0,0,1,0,1,4,0,0,1,0,0,2,0,0,2,0,0,0,0,0,0,13
146,0,0,0,0,0,0,3,0,0,1,0,0,0,0,0,0,0,1,0,0,0,0,1,0,0,1,0,0,0,0,0,0,0,1,0,1,0,0,0,0,0,0,1,8,0,0,0,0,0,0,0,0,0,0,2,1,0,2,0,0,0,0,0,0,0,0,0,0,0,0,0,0,0,4,0,0,0,0,0,0,1,0,0,0,0,0,0,1,3,0,0,1,0,0,0,0,1,4,0,0,1,4,0,2,1,0,0,0,0,0,0,0,0,8
147,0,0,0,0,0,0,3,0,0,1,0,0,0,0,0,0,0,1,0,0,0,0,1,0,0,1,0,0,0,0,0,0,0,1,0,0,0,0,0,0,0,0,1,4,0,0,0,0,0,0,0,0,0,0,2,1,0,2,0,0,0,0,0,0,0,0,0,0,0,0,0,0,0,2,0,0,0,0,0,0,1,0,0,0,0,0,0,1,2,0,0,0,0,0,0,0,1,4,0,0,1,0,0,1,0,0,0,0,0,0,0,0,0,4
148,0,0,0,1,0,0,3,0,0,1,0,0,0,0,0,0,0,1,0,0,0,0,1,0,0,1,0,0,0,0,0,0,0,1,0,0,0,2,0,0,0,0,1,8,0,0,0,0,0,0,0,0,0,0,2,1,0,2,0,0,0,0,0,0,0,0,0,0,0,0,0,0,0,4,0,0,0,0,0,0,1,0,0,0,0,0,0,1,2,0,0,0,0,0,0,0,3,4,0,0,1,0,0,1,0,0,0,0,0,0,0,0,0,8
149,0,0,0,1,0,0,1,0,0,1,0,0,0,0,0,0,0,0,0,0,0,0,0,0,0,2,0,0,0,0,0,0,0,0,0,0,0,2,0,0,0,0,1,0,0,0,0,0,0,0,0,0,0,0,2,1,0,0,0,0,0,0,0,0,0,0,0,0,0,0,0,0,0,0,0,0,0,0,0,0,0,0,0,0,0,0,0,0,2,0,0,0,0,0,0,0,2,0,0,0,0,0,0,2,0,0,0,0,0,0,0,0,0,0
150,0,0,0,1,0,0,1,0,0,1,0,0,0,0,0,0,0,0,0,0,0,0,0,0,0,1,0,0,0,0,0,0,0,0,0,0,0,2,0,0,0,0,1,0,0,0,0,0,0,0,0,0,0,0,2,1,0,0,0,0,0,0,0,0,0,0,0,0,0,0,0,0,0,0,0,0,0,0,0,0,0,0,0,0,0,0,0,0,3,0,0,1,0,0,0,0,2,0,0,0,0,0,0,1,0,0,0,0,0,0,0,0,0,0
151,0,0,0,1,0,0,1,0,0,1,0,0,0,0,0,0,0,0,0,0,0,0,0,0,0,1,0,0,0,0,0,0,0,0,0,0,0,2,0,0,0,0,1,0,0,0,0,0,0,0,0,0,0,0,2,1,0,0,0,0,0,0,0,0,0,0,0,0,0,0,0,0,0,0,0,0,0,0,0,0,0,0,0,0,0,0,0,0,4,0,0,1,0,0,0,0,2,0,0,1,0,0,0,1,0,0,0,0,0,0,0,0,0,0
152,0,0,0,1,0,0,1,0,0,1,0,0,0,0,0,0,0,0,0,0,0,0,0,0,0,1,0,0,0,0,0,0,0,0,0,0,0,2,0,0,0,0,1,0,0,0,0,0,1,0,0,0,0,0,2,1,0,0,0,0,0,0,0,0,0,0,0,0,0,0,0,0,0,0,0,0,0,0,0,0,0,0,0,0,0,0,0,0,5,0,0,1,0,0,0,0,2,0,0,1,0,0,0,1,0,0,0,0,0,0,0,0,0,0
153,0,0,0,1,0,0,1,0,0,1,0,0,0,0,0,0,0,0,0,0,0,0,0,0,0,1,0,0,0,0,0,0,0,0,0,0,0,2,0,0,0,0,1,0,0,0,0,0,2,0,0,0,0,0,2,1,0,0,0,0,0,0,0,0,0,0,0,0,0,0,0,0,0,0,0,0,0,0,0,0,0,0,0,0,0,0,0,0,6,0,0,1,0,0,0,0,2,0,0,1,0,0,0,1,0,0,0,0,0,0,0,0,0,0
154,0,0,0,1,0,0,1,0,0,1,0,0,0,0,0,0,0,0,0,0,0,0,0,0,0,1,0,0,0,0,0,0,0,0,0,0,0,2,0,0,0,0,1,0,0,0,0,0,0,0,0,0,0,0,2,1,0,0,0,0,0,0,0,0,0,0,0,0,0,0,0,0,0,0,0,0,0,0,0,0,0,0,0,0,0,0,0,0,2,0,0,0,0,0,0,0,2,0,0,0,0,0,0,1,0,0,0,0,0,0,0,0,0,0
155,0,0,0,0,0,0,2,4,0,1,0,0,0,0,0,2,0,0,0,0,0,0,0,0,0,1,0,0,0,0,0,0,0,0,0,0,0,0,0,0,0,0,1,0,0,0,0,0,0,0,0,0,0,0,2,1,0,0,0,0,0,0,0,0,0,0,0,0,0,0,0,0,0,8,0,0,0,0,0,0,0,0,0,0,0,0,0,1,2,1,0,0,0,0,2,0,0,0,0,0,0,0,0,2,0,0,0,0,0,0,0,0,0,4
156,0,0,0,0,0,0,2,2,0,1,0,0,0,0,0,2,0,0,0,0,0,0,0,0,0,1,0,0,0,0,0,0,0,0,0,0,0,0,0,0,0,2,1,4,0,0,0,0,0,0,0,0,0,0,2,1,0,0,0,0,0,0,0,0,0,0,0,0,0,0,0,0,0,6,0,0,0,0,0,0,0,0,0,0,2,0,0,1,2,1,0,0,0,0,2,0,0,0,0,0,0,0,0,2,0,0,0,0,0,0,0,0,0,6
157,0,0,0,0,0,0,2,0,0,1,0,0,0,0,0,2,0,1,0,0,0,0,0,0,0,1,0,0,0,0,0,0,0,0,0,0,0,0,0,0,0,4,1,8,0,0,0,0,0,0,0,0,0,0,2,1,0,2,0,0,0,0,0,0,0,0,0,0,0,0,0,0,0,4,0,0,0,0,0,0,1,0,0,0,0,0,0,1,2,1,0,0,0,0,2,0,0,4,0,0,1,0,0,2,0,0,0,0,0,0,0,0,0,8
158,0,0,0,0,0,0,2,0,0,1,0,0,0,0,0,2,0,1,0,0,0,0,0,0,0,1,0,0,0,0,0,0,0,0,0,0,0,0,0,0,0,4,1,8,0,0,0,0,0,0,0,0,0,0,2,1,0,2,0,0,0,0,0,0,0,0,0,0,0,0,0,0,0,4,0,0,0,0,0,0,1,0,0,0,0,0,0,1,3,1,0,1,0,0,1,0,0,4,0,0,1,0,0,2,0,0,0,0,0,0,0,0,0,8
159,0,0,0,0,0,0,2,0,0,1,0,0,0,0,0,3,0,1,0,0,0,0,0,1,0,1,0,0,0,0,0,0,0,0,0,0,0,0,0,0,0,4,1,10,0,0,0,0,0,0,0,0,0,0,2,1,0,2,0,1,0,0,0,0,0,0,0,0,3,0,0,0,0,5,0,0,0,0,0,0,1,0,0,0,0,0,0,1,2,1,0,0,0,0,1,0,0,4,0,0,1,0,0,1,0,0,2,0,0,0,0,0,0,13
160,0,0,0,0,0,0,2,0,0,1,0,0,0,0,0,0,0,1,0,0,0,0,0,0,0,2,0,0,0,0,0,0,0,0,0,2,0,0,0,0,0,0,1,8,0,0,0,0,0,0,0,0,0,0,2,1,0,2,0,0,0,0,0,0,0,0,0,0,0,0,0,0,1,4,0,0,0,0,0,0,1,0,0,0,0,0,0,1,2,0,0,0,0,0,0,0,0,4,0,0,1,3,0,3,1,0,0,0,0,0,0,0,0,8
161,0,0,0,0,0,0,2,0,0,1,0,0,0,0,0,0,0,1,0,0,0,0,0,0,0,1,0,0,0,0,0,0,0,0,0,1,0,0,0,0,0,0,1,8,0,0,0,0,0,0,0,0,0,0,2,1,0,2,0,0,0,0,0,0,0,0,0,0,0,0,0,0,0,4,0,0,0,0,0,0,1,0,0,0,0,0,0,1,3,0,0,1,0,0,0,0,0,4,0,0,1,4,0,1,1,0,0,0,0,0,0,0,0,8
162,0,0,0,0,0,0,2,0,0,1,0,0,0,0,0,0,0,1,0,0,0,0,0,0,0,1,0,0,0,0,0,0,0,0,0,0,0,0,0,0,0,0,1,8,0,0,0,0,0,0,0,0,0,0,2,1,0,2,0,0,0,0,0,0,0,0,0,0,0,0,0,0,0,4,0,0,0,0,0,0,1,0,0,0,0,0,0,1,3,0,0,0,0,0,0,0,0,4,0,0,1,0,0,0,0,0,0,0,0,0,0,0,2,8
163,0,0,0,0,0,0,2,0,0,1,0,0,0,0,0,0,0,1,0,0,0,0,0,0,0,1,0,0,0,0,0,0,0,0,0,0,0,0,0,0,0,0,1,4,0,0,0,0,0,0,0,0,0,0,2,1,0,2,0,0,0,0,0,0,0,0,0,0,0,0,0,0,0,2,0,0,0,0,0,0,1,0,0,0,0,0,0,1,2,0,0,0,0,0,0,0,0,4,0,0,1,0,0,0,0,0,0,0,0,0,0,0,0,4
164,0,0,0,1,0,0,2,0,0,1,0,0,0,0,0,0,0,1,0,0,0,0,0,0,0,1,0,0,0,0,0,0,0,0,0,0,0,2,0,0,0,0,1,8,0,0,0,0,0,0,0,0,0,0,2,1,0,2,0,0,0,0,0,0,0,0,0,0,0,0,0,0,0,4,0,0,0,0,0,0,1,0,0,0,0,0,0,1,2,0,0,0,0,0,0,0,2,4,0,0,1,0,0,0,0,0,0,0,0,0,0,0,0,8
165,0,0,0,0,0,0,0,0,0,0,0,0,0,0,0,0,0,0,0,0,0,0,0,0,0,0,0,0,0,0,0,0,0,1,0,0,0,0,0,0,0,0,0,0,0,0,0,0,0,0,0,0,0,0,2,1,1,0,0,0,0,0,0,0,0,0,0,0,0,0,1,0,0,0,0,0,0,0,0,0,0,0,0,0,0,0,0,0,2,0,0,0,0,0,0,0,0,0,0,0,0,0,0,1,0,0,0,0,0,0,0,0,0,0
166,0,0,0,0,0,2,0,0,0,0,0,0,0,0,0,0,0,0,0,0,0,0,0,0,0,0,0,0,0,0,0,0,0,0,0,3,0,0,0,0,0,0,0,0,0,0,0,0,0,0,0,0,0,0,2,1,0,0,0,0,0,0,0,0,0,0,0,0,0,0,0,0,0,0,0,0,0,0,0,0,0,0,0,0,0,0,0,0,1,0,0,0,0,0,0,0,0,0,0,0,0,1,0,1,0,0,0,0,0,0,0,0,0,0
167,0,0,0,0,0,2,0,0,0,0,0,0,0,0,0,0,0,0,0,0,0,0,0,0,0,0,0,0,0,0,0,0,0,0,0,3,0,0,0,0,0,0,0,0,0,0,0,0,0,0,0,0,0,0,2,1,0,0,0,0,0,0,0,0,0,0,0,0,0,0,0,0,0,0,0,0,0,0,0,0,0,0,0,0,0,0,0,0,3,0,0,1,0,0,0,0,0,0,0,1,0,1,0,1,0,0,0,0,0,0,0,0,0,0
168,0,0,0,0,0,2,0,0,0,0,0,0,0,0,0,0,0,0,0,0,0,0,0,0,0,0,0,0,0,0,0,0,0,0,0,2,0,0,0,0,0,0,0,0,0,0,0,0,0,0,0,0,0,0,2,1,0,0,0,0,0,0,0,0,0,0,0,0,0,0,0,0,0,0,0,0,0,0,0,0,0,0,0,0,0,0,0,0,1,0,0,0,0,0,0,0,0,0,0,0,0,2,0,0,0,0,0,0,0,0,0,0,0,0
169,0,0,0,0,0,0,6,0,0,0,0,0,0,0,0,0,0,0,0,0,0,0,0,0,0,0,0,0,0,0,0,0,0,0,0,6,0,0,0,0,0,0,0,0,0,0,0,0,0,0,0,0,0,0,2,2,0,0,8,0,0,0,0,18,0,0,0,0,0,0,0,0,0,0,0,0,0,0,0,0,0,0,0,0,0,0,0,0,2,0,0,0,0,0,0,0,0,0,0,0,0,1,0,18,0,0,0,0,0,0,0,0,0,0
170,0,0,0,0,0,0,2,0,0,0,0,0,0,0,0,0,0,0,4,0,0,0,2,0,0,0,0,0,0,0,0,0,0,2,0,2,0,0,0,0,0,0,1,4,0,0,0,0,0,0,0,0,1,0,2,1,0,0,0,0,0,0,0,0,0,0,0,0,0,0,0,0,0,2,0,0,0,0,0,0,0,0,0,0,0,0,0,0,2,0,0,0,0,0,0,0,2,0,0,0,0,4,0,0,0,0,0,2,0,0,0,0,0,4
171,0,0,0,0,0,0,0,0,0,0,0,0,0,0,0,0,1,0,0,0,0,0,0,0,0,0,0,0,0,0,0,0,0,0,0,1,0,0,0,0,0,0,0,0,0,0,0,1,0,0,0,0,0,0,2,1,0,0,0,0,0,0,0,0,0,0,0,0,0,0,1,0,0,2,0,0,0,0,0,0,0,0,0,0,0,0,0,0,2,0,0,0,2,0,0,0,2,0,0,0,0,1,1,0,0,0,0,0,0,0,0,0,0,0
172,0,0,0,0,0,0,0,0,0,0,0,0,0,0,0,0,0,0,0,0,0,0,0,0,0,0,0,0,0,0,0,0,0,1,0,0,0,0,0,0,0,0,0,0,0,0,0,0,0,0,0,0,0,0,2,1,1,0,0,0,0,0,0,0,0,0,0,0,0,0,1,0,0,0,0,0,0,0,0,0,0,0,0,0,0,0,0,0,2,0,0,0,0,0,0,0,0,0,0,0,0,0,0,0,0,0,0,0,0,0,0,0,0,0
173,0,0,0,0,0,0,0,0,0,0,0,0,0,0,0,0,0,0,0,0,0,0,1,0,0,0,0,0,0,0,0,0,0,1,0,0,0,0,0,0,0,0,0,0,0,0,0,0,3,0,0,0,0,0,2,1,0,0,0,0,0,0,0,0,0,0,0,0,0,0,1,0,0,0,0,0,0,0,0,0,0,0,0,0,0,0,0,0,5,0,0,0,0,0,0,0,1,0,0,0,0,0,0,0,0,1,0,0,0,0,0,0,0,0
174,0,0,0,0,0,0,1,0,0,0,0,0,0,0,0,0,0,0,0,0,0,0,1,0,0,0,0,0,0,0,0,0,0,1,0,0,0,0,0,0,0,0,1,0,0,0,0,0,3,0,0,0,0,0,2,1,0,0,0,0,0,0,0,0,0,0,0,0,0,0,1,0,0,0,0,0,0,0,0,0,0,0,0,0,0,0,0,0,5,0,0,0,0,0,0,0,1,0,0,0,0,0,0,0,0,0,0,0,0,0,0,0,0,0
175,0,0,0,0,0,0,0,0,0,0,0,0,0,0,0,0,0,0,0,0,0,0,1,0,0,0,0,0,0,0,0,0,0,1,0,0,0,0,0,0,0,0,0,0,0,0,0,0,5,0,0,0,0,0,2,1,0,0,0,0,0,0,0,0,0,0,0,0,0,0,1,0,0,0,0,0,0,0,0,0,0,0,0,0,0,0,0,0,7,0,0,0,0,0,0,0,1,0,0,0,0,0,0,0,0,1,0,0,0,0,0,0,0,0
176,0,0,0,0,0,0,0,0,0,0,0,0,0,0,0,0,0,0,0,0,0,0,1,0,0,0,0,0,0,0,0,0,0,1,0,0,0,0,0,0,0,0,0,0,0,0,0,0,9,0,0,0,0,0,2,1,0,0,0,0,0,0,0,0,0,0,0,0,0,0,1,0,0,0,0,0,0,0,0,0,0,0,0,0,0,0,0,0,11,0,0,0,0,0,0,0,1,0,0,0,0,0,0,0,0,1,0,0,0,0,0,0,0,0
177,0,0,0,0,0,0,2,0,0,0,0,0,0,0,0,0,0,0,0,0,0,0,1,0,0,0,0,0,0,0,0,0,0,1,0,0,0,0,0,0,0,0,1,0,0,0,0,0,8,0,0,0,1,0,2,1,0,0,0,0,0,0,0,0,0,0,0,0,0,0,1,0,0,0,0,0,0,0,0,0,0,0,0,0,0,0,0,0,10,0,0,0,0,0,0,0,1,0,0,0,0,0,0,0,0,0,0,0,0,0,0,0,0,0
178,0,0,0,0,0,0,0,0,0,0,0,0,0,0,0,0,0,0,0,0,0,0,2,0,0,0,0,0,0,0,0,0,0,2,0,0,0,0,0,0,0,0,0,0,0,0,0,0,5,0,0,0,0,0,2,1,0,0,0,0,0,0,0,0,0,0,0,0,0,0,1,0,0,0,0,0,0,0,0,0,0,0,0,0,0,0,0,0,9,0,0,0,0,0,0,0,2,0,0,0,0,0,0,0,0,2,0,0,0,0,0,0,0,0
179,0,0,0,0,0,0,2,0,0,0,0,0,0,0,0,0,0,0,4,0,0,0,2,0,0,0,0,0,0,0,0,0,0,2,0,0,0,0,0,0,0,0,1,4,0,0,0,0,2,0,0,0,1,0,2,1,0,0,0,0,0,0,0,0,0,0,0,0,0,0,1,0,0,2,0,0,0,0,0,0,0,0,0,0,0,0,0,0,4,0,0,0,0,0,0,0,2,0,0,0,0,0,0,0,0,0,0,2,0,0,0,0,0,4
180,0,0,0,2,0,0,2,0,0,0,0,0,0,0,0,0,0,0,0,0,0,0,1,0,0,0,0,0,0,0,0,0,0,1,0,0,0,4,0,0,0,0,1,0,0,0,0,0,4,0,0,0,1,0,2,1,0,0,0,0,0,0,0,0,0,0,0,0,0,0,1,0,0,0,0,0,0,0,0,0,0,0,0,0,0,0,0,0,10,0,0,0,0,0,0,0,5,0,0,0,0,0,0,0,0,0,0,0,0,0,0,0,0,0
181,0,0,0,2,0,0,2,1,0,0,0,0,0,0,0,0,0,0,0,0,0,0,2,0,0,0,0,0,0,0,0,0,0,2,0,0,0,4,0,0,0,0,1,2,0,0,0,0,4,0,0,0,1,0,2,1,0,0,0,0,0,0,0,0,0,0,0,0,1,0,1,0,0,2,0,0,0,0,0,0,0,0,0,0,0,0,2,0,10,0,0,0,0,0,0,0,6,0,0,0,0,0,0,0,0,0,0,2,0,0,0,0,0,4
182,0,0,0,2,0,0,2,0,0,0,0,0,0,0,0,0,0,0,0,0,0,0,2,0,0,0,0,0,0,0,0,0,0,2,0,0,0,4,0,0,0,0,1,2,0,0,0,0,4,0,0,0,1,0,2,1,0,0,0,0,0,0,0,0,0,0,0,0,2,0,1,0,0,2,0,0,0,0,0,0,0,0,0,0,0,0,0,0,10,0,0,0,0,0,0,0,6,0,0,0,0,0,0,0,0,0,2,0,0,0,0,0,0,4
183,0,0,0,2,0,0,2,1,0,0,0,0,0,0,0,0,0,0,0,0,0,0,2,0,0,0,0,0,0,0,0,0,0,2,0,0,0,4,0,0,0,0,1,2,0,0,0,0,3,0,0,0,1,0,2,1,0,0,0,0,0,0,0,0,0,0,0,0,1,0,1,0,0,2,0,0,0,0,0,0,0,0,0,0,0,0,2,0,9,0,0,0,0,0,0,0,6,0,0,0,0,0,0,0,0,0,0,2,0,0,0,0,0,4
184,0,0,0,2,0,0,2,0,0,0,0,0,0,0,0,0,0,0,0,0,0,0,2,0,0,0,0,0,0,0,0,0,0,2,0,0,0,4,0,0,0,0,1,2,0,0,0,0,3,0,0,0,1,0,2,1,0,0,0,0,0,0,0,0,0,0,0,0,2,0,1,0,0,2,0,0,0,0,0,0,0,0,0,0,0,0,0,0,9,0,0,0,0,0,0,0,6,0,0,0,0,0,0,0,0,0,2,0,0,0,0,0,0,4
185,0,0,0,0,0,0,0,0,0,0,0,0,0,0,0,0,0,0,0,0,0,0,0,0,0,0,0,0,0,0,0,0,0,0,0,0,0,0,0,0,0,0,0,0,0,0,0,0,1,0,0,0,0,0,2,1,0,0,1,0,0,0,0,2,0,0,0,0,0,0,1,0,0,0,0,0,0,0,0,0,0,0,0,0,0,0,0,0,3,0,0,0,0,0,0,0,0,0,0,0,0,0,0,2,0,0,0,0,0,0,0,0,0,0
186,0,0,0,0,0,0,1,2,0,0,0,0,1,0,0,0,1,0,2,0,0,0,1,0,0,0,2,0,1,4,0,0,0,1,0,0,0,0,0,0,0,0,0,4,0,0,0,1,2,0,0,0,0,0,2,1,0,0,2,0,0,1,0,4,2,0,0,4,0,0,1,0,0,10,0,0,0,0,0,0,0,2,0,0,0,0,0,0,6,0,0,0,4,2,0,0,5,0,0,0,0,0,2,4,0,0,0,2,0,0,0,0,0,6
187,0,0,0,0,0,0,2,0,0,0,0,0,0,0,0,0,0,0,4,0,0,0,2,0,0,0,0,0,0,0,0,0,0,2,0,0,0,0,0,0,0,0,1,4,0,0,0,0,0,0,0,0,1,0,2,1,0,0,0,0,0,0,0,0,0,0,0,0,0,0,1,0,0,2,0,0,0,0,0,0,0,0,0,0,0,0,0,0,2,0,0,0,0,0,0,0,2,0,0,0,0,0,0,0,0,0,0,2,0,0,0,0,0,4
188,0,0,0,0,0,0,2,0,0,0,0,0,0,0,0,0,0,1,2,0,0,0,1,0,0,0,0,0,0,0,0,0,0,1,0,0,0,0,0,0,0,0,1,4,0,0,0,0,0,0,0,0,1,0,2,1,0,1,0,0,0,0,0,0,0,0,0,0,0,0,1,0,0,2,0,0,0,0,0,0,1,0,0,0,0,0,0,1,2,0,0,0,0,0,0,0,1,2,0,0,1,0,0,0,0,0,0,1,0,0,0,0,0,4
189,0,0,0,0,0,0,2,2,0,0,0,0,0,0,0,0,0,0,2,0,0,0,2,0,0,0,0,0,0,0,0,0,0,2,0,0,0,0,0,0,0,0,1,4,0,0,0,0,0,0,0,0,1,0,2,1,0,0,0,0,0,0,0,0,0,0,0,0,0,0,1,0,0,4,0,0,0,0,0,0,0,0,0,0,0,0,0,0,2,0,0,0,0,0,0,0,2,0,0,0,0,0,0,0,0,0,0,2,0,0,0,0,0,6
190,0,0,0,0,0,0,2,1,0,0,0,0,0,0,0,0,0,0,0,0,0,0,2,0,0,0,0,0,0,0,0,0,0,2,0,0,0,0,0,0,0,0,1,2,0,0,0,0,0,0,0,0,1,0,2,1,0,0,0,0,0,0,0,0,0,0,0,0,1,0,1,0,0,2,0,0,0,0,0,0,0,0,0,0,0,0,2,0,2,0,0,0,0,0,0,0,2,0,0,0,0,0,0,0,0,0,0,2,0,0,0,0,0,4
191,0,0,0,0,0,0,3,0,0,0,0,2,0,0,0,0,0,0,4,0,0,0,2,0,0,0,0,0,0,0,0,0,0,2,0,0,0,0,0,0,0,0,1,8,0,0,0,0,0,0,0,0,1,0,2,1,0,0,0,0,0,0,0,0,0,0,0,0,0,0,1,0,0,4,0,0,0,0,0,0,0,0,0,0,0,0,0,0,4,0,0,0,0,0,0,0,2,0,0,0,0,0,0,0,0,0,0,2,0,0,0,0,0,8
192,0,0,0,0,0,0,3,1,0,0,0,0,0,0,0,0,0,0,0,0,0,0,2,0,0,0,0,0,0,0,0,0,0,2,0,0,0,0,0,0,0,0,1,2,0,0,0,0,0,0,0,0,1,0,2,1,0,0,0,0,0,0,0,0,0,0,0,0,1,0,1,0,0,2,0,0,0,0,0,0,0,0,0,0,0,0,2,0,4,0,0,0,0,0,0,0,2,0,0,0,0,0,0,0,0,0,0,2,0,0,0,0,0,4
193,0,0,0,0,0,0,0,2,0,0,0,0,0,0,0,0,0,0,0,0,0,0,0,0,0,0,0,0,0,0,0,0,0,0,0,0,0,0,0,0,0,0,0,0,0,0,0,0,0,0,0,0,0,0,2,1,0,0,0,0,0,0,1,0,0,0,0,0,0,0,1,0,0,4,0,0,0,0,0,0,0,0,0,0,0,0,0,0,2,0,0,0,0,0,0,0,0,0,0,0,0,0,0,0,0,0,0,0,0,0,0,0,1,2
194,0,0,0,0,0,0,0,1,0,0,0,0,0,0,0,0,0,0,0,0,0,0,0,0,0,0,0,0,0,0,0,0,0,0,0,0,0,0,0,0,0,0,0,2,0,0,0,0,0,0,0,0,0,0,2,1,0,0,0,0,0,0,1,0,0,0,0,0,0,0,1,0,0,3,0,0,0,0,0,0,0,0,0,0,0,0,0,0,2,0,0,0,0,0,0,0,0,0,0,0,0,0,0,0,0,0,0,0,0,0,0,0,1,3
195,0,0,0,0,0,0,0,1,0,0,0,0,0,0,0,0,0,0,0,0,0,0,0,0,0,0,0,0,0,0,0,0,0,0,0,0,0,0,0,0,0,0,0,2,0,0,0,0,0,0,0,0,0,0,2,1,0,0,0,0,0,0,1,0,0,0,0,0,0,0,1,0,0,3,0,0,0,0,0,0,0,0,0,0,0,0,0,0,2,0,0,0,0,0,0,0,0,0,0,0,0,0,0,0,0,0,0,0,0,0,0,0,1,3
196,0,0,0,0,0,0,0,1,0,0,0,0,0,0,0,0,0,0,0,0,0,0,0,0,0,0,0,0,0,0,0,0,0,0,0,0,0,0,0,0,0,0,0,2,0,0,0,0,0,0,0,0,0,0,2,1,0,0,0,0,0,0,1,0,0,0,0,0,0,0,1,0,0,3,1,0,0,0,0,0,0,0,0,0,0,0,0,0,2,0,0,0,0,0,0,0,0,0,0,0,0,0,0,1,0,0,0,0,0,0,0,1,1,3
197,0,0,0,0,0,0,0,1,0,0,0,0,0,0,0,0,0,0,0,0,0,0,0,0,0,0,0,0,0,0,0,0,0,0,0,0,0,0,0,0,0,0,0,2,0,0,0,0,0,0,0,0,0,0,2,1,0,0,0,0,0,0,1,0,0,0,0,0,0,0,1,0,0,3,0,0,0,0,0,0,0,0,0,0,0,0,0,0,3,0,0,1,0,0,0,0,0,0,0,0,0,0,0,1,0,0,0,0,0,0,0,0,1,3
198,0,0,0,0,0,0,0,1,0,0,0,0,0,0,0,0,0,0,0,0,0,0,0,0,0,0,0,0,0,0,0,0,0,0,0,0,0,0,0,0,0,0,0,2,0,0,0,0,0,0,0,0,0,0,2,1,0,0,0,0,0,0,1,0,0,0,0,0,0,0,1,0,0,3,0,0,0,0,0,0,0,0,0,0,0,0,0,0,2,0,0,0,0,0,0,0,0,0,0,0,0,0,0,0,0,0,0,0,0,0,0,0,1,3
199,0,0,0,0,0,0,0,0,0,0,0,0,0,0,0,0,0,0,0,0,0,0,0,0,0,0,0,0,0,0,0,0,0,0,2,0,0,0,0,0,0,0,0,4,0,0,0,0,0,0,0,0,0,0,2,1,0,0,0,0,0,0,1,0,0,0,0,0,0,0,1,0,0,2,0,0,1,0,0,0,0,0,0,0,0,0,0,0,2,0,0,0,0,0,0,0,0,0,0,0,0,0,0,0,0,0,0,0,0,0,0,0,1,4
200,0,1,0,0,0,0,0,4,0,0,0,0,0,0,0,0,1,0,0,0,0,0,0,0,0,0,0,0,0,0,0,0,0,0,0,4,0,0,0,0,0,0,0,0,0,0,0,0,0,0,0,0,0,0,4,1,0,0,0,0,0,0,2,0,0,0,0,0,0,0,0,0,0,8,2,0,0,0,0,0,0,0,0,0,0,0,0,0,1,0,0,0,0,0,0,0,0,0,0,0,0,7,2,2,1,0,0,0,0,0,0,2,0,4
201,0,0,0,0,0,0,0,4,0,0,0,0,0,0,0,0,1,0,0,0,0,0,0,0,0,0,0,0,0,0,0,0,0,0,0,0,0,0,0,0,0,0,0,0,0,0,0,0,0,0,0,0,0,0,4,1,0,0,0,0,0,0,2,0,0,0,0,0,0,0,0,0,2,8,0,0,0,0,0,0,0,0,0,0,0,4,0,0,1,0,0,0,0,0,0,0,0,0,0,0,0,4,2,2,2,0,0,0,0,0,0,0,0,4
202,0,0,0,0,0,0,0,4,2,0,0,0,0,0,0,0,1,0,0,0,0,0,0,0,0,0,0,0,0,0,0,0,0,0,0,0,0,0,0,0,0,0,0,0,0,0,0,0,0,0,0,0,0,0,4,1,0,0,0,0,2,0,2,0,0,0,0,0,0,0,0,0,4,8,0,0,0,0,0,0,0,0,0,0,0,4,0,0,1,0,0,0,0,0,0,0,0,0,0,0,0,4,2,4,3,0,0,0,0,0,0,0,0,4
203,0,0,0,0,0,0,0,4,0,0,0,0,0,0,0,0,1,0,0,0,0,0,0,0,0,0,0,0,0,0,0,0,0,0,0,2,0,0,0,0,0,0,0,2,0,0,0,0,0,0,0,0,0,0,4,1,0,0,0,0,0,0,2,0,0,0,0,0,2,0,0,0,0,10,0,0,0,0,0,0,0,0,0,0,0,0,0,0,1,0,0,0,0,0,0,0,0,0,0,0,0,2,2,0,0,0,2,0,0,0,0,0,0,8
204,0,0,0,0,0,0,0,8,0,0,0,0,0,0,0,0,2,0,0,0,0,0,0,0,0,0,0,0,0,0,0,0,0,0,0,2,0,0,0,0,0,0,0,0,0,0,0,0,0,0,0,0,0,0,4,2,0,0,0,0,0,0,0,0,0,0,0,0,0,0,0,0,0,12,0,0,0,0,0,0,0,0,0,0,0,0,0,0,2,0,0,0,0,0,0,0,0,0,0,0,0,5,4,0,0,0,0,0,0,0,0,0,0,8
205,0,0,0,0,0,0,0,8,2,0,0,0,0,0,0,0,1,0,0,0,0,0,0,0,0,0,0,0,0,0,0,0,0,0,0,2,0,0,0,0,0,0,0,0,0,0,0,0,0,0,0,0,0,0,4,1,0,0,0,0,0,0,2,0,0,0,0,0,0,0,0,0,4,14,0,0,0,0,0,0,0,0,0,0,0,2,0,0,1,0,0,0,0,0,0,0,0,0,0,0,0,4,2,4,2,0,0,0,0,0,0,0,0,8
206,0,0,0,0,0,0,1,0,0,0,0,0,0,0,0,0,0,0,0,0,0,0,0,0,0,0,0,0,0,0,0,0,0,0,0,0,0,0,0,0,0,0,1,0,0,0,0,0,0,0,0,0,0,0,2,1,0,0,0,0,0,0,0,0,0,0,0,0,0,0,0,0,0,0,0,0,0,0,0,0,0,0,0,0,0,0,0,0,1,0,0,0,0,0,0,0,0,0,0,0,0,0,0,0,0,0,0,0,0,0,0,0,0,0
207,0,0,0,0,0,0,2,0,0,0,0,0,0,0,0,0,0,0,0,0,0,0,2,0,0,0,0,0,0,0,0,0,0,2,0,0,0,0,0,0,0,0,0,2,0,0,0,0,4,0,0,0,2,0,2,1,0,0,0,0,0,0,1,0,0,0,0,0,1,0,0,0,0,2,0,0,0,0,0,0,0,0,0,0,0,0,0,0,8,0,0,0,0,0,0,0,2,0,0,0,0,0,0,0,0,2,0,0,0,0,0,0,0,3
208,0,0,0,0,0,0,2,0,0,0,0,0,0,0,0,0,0,0,0,0,0,0,2,0,0,0,0,0,0,0,0,0,0,2,0,0,0,0,0,0,0,0,0,10,0,0,0,0,0,0,0,0,2,0,2,1,0,0,0,0,0,0,1,0,0,0,0,0,1,0,0,0,0,6,0,0,0,0,0,0,0,0,0,0,0,0,0,0,3,0,0,0,0,0,0,0,2,0,0,0,0,0,0,0,0,2,0,0,0,0,0,0,2,11
209,0,0,0,0,0,0,0,0,0,0,0,0,0,0,0,0,0,0,0,0,0,0,0,0,0,0,0,0,0,0,0,0,0,0,0,0,0,0,0,0,0,0,0,0,0,0,0,0,0,0,0,0,0,0,2,1,0,0,1,0,0,0,0,2,0,0,0,0,0,0,0,0,0,0,0,0,0,0,0,0,0,0,0,0,0,0,0,0,1,0,0,0,0,0,0,0,0,0,0,0,0,0,0,2,0,0,0,0,0,0,0,0,0,0
210,0,0,0,0,0,0,0,1,0,0,0,0,0,0,0,0,0,0,0,0,0,0,0,0,0,0,0,0,0,0,0,0,0,0,0,0,0,0,0,0,0,0,0,2,0,0,0,0,0,0,0,0,0,0,2,2,0,0,0,0,0,0,0,0,0,0,0,0,0,0,0,0,0,3,0,0,0,0,0,0,0,0,0,0,0,0,0,0,2,0,0,0,0,0,0,0,0,0,0,0,0,0,0,0,0,0,0,0,0,0,0,0,1,3
211,0,0,0,0,0,0,0,0,0,0,0,0,0,0,0,0,0,0,0,0,0,0,0,0,0,0,0,0,0,0,0,0,0,0,0,0,0,0,0,0,0,0,0,4,0,0,0,0,0,0,0,0,0,0,2,2,0,0,0,0,0,0,0,0,0,0,0,0,0,0,0,0,0,2,0,0,0,0,0,0,0,0,0,0,0,0,0,0,2,0,0,0,0,0,0,0,0,0,0,0,0,0,0,0,0,0,0,0,0,0,0,0,2,4
212,0,0,0,0,0,0,2,0,0,0,0,0,0,0,0,0,0,0,0,0,0,0,0,2,0,0,0,0,0,0,0,0,0,0,0,0,0,0,0,0,0,0,0,4,0,0,0,0,0,0,0,0,0,0,2,0,0,2,0,2,0,0,0,0,0,0,0,0,6,0,0,0,0,2,0,0,0,0,0,0,0,0,0,0,0,0,0,0,0,0,0,0,0,0,0,0,0,0,0,0,0,0,0,0,0,0,4,0,0,0,0,0,0,10
213,0,0,0,1,0,0,0,0,0,0,0,0,0,0,0,0,0,0,0,0,0,0,0,0,0,0,0,0,0,0,0,0,0,0,0,0,0,1,0,0,0,0,0,0,0,0,0,0,0,0,0,0,0,0,2,0,0,0,0,0,0,0,0,0,0,0,0,0,0,0,0,0,0,0,0,0,0,0,0,0,0,0,0,0,0,0,0,0,5,0,0,5,0,0,0,0,1,0,0,0,0,0,0,5,0,5,0,0,0,0,0,0,0,0
214,0,0,0,1,0,0,0,0,0,0,0,0,0,0,0,0,0,0,0,0,0,0,0,0,0,0,0,0,0,0,0,0,0,0,0,0,0,1,0,0,0,0,0,0,0,0,0,0,0,0,0,0,0,0,2,0,0,0,0,0,0,0,0,0,0,0,0,0,0,0,0,0,0,0,0,0,0,0,0,0,0,0,0,0,0,0,0,0,10,0,0,5,0,0,0,0,1,0,0,5,0,0,0,5,0,5,0,0,0,0,0,0,0,0
215,0,0,0,1,0,0,0,0,0,0,0,0,0,0,0,0,0,0,0,0,0,0,0,0,0,0,0,0,0,0,0,0,0,0,0,0,0,1,0,0,0,0,0,0,0,0,0,0,5,0,0,0,0,0,2,0,0,0,0,0,0,0,0,0,0,0,0,0,0,0,0,0,0,0,0,0,0,0,0,0,0,0,0,0,0,0,0,0,15,0,0,5,0,0,0,0,1,0,0,5,0,0,0,5,0,5,0,0,0,0,0,0,0,0
216,0,0,0,1,0,0,0,0,0,0,0,0,0,0,0,0,0,0,0,0,0,0,0,0,0,0,0,0,0,0,0,0,0,0,0,0,0,1,0,0,0,0,0,0,0,0,0,0,15,0,0,0,0,0,2,0,0,0,0,0,0,0,0,0,0,0,0,0,0,0,0,0,0,0,0,0,0,0,0,0,0,0,0,0,0,0,0,0,25,0,0,5,0,0,0,0,1,0,0,5,0,0,0,5,0,5,0,0,0,0,0,0,0,0
217,0,0,0,1,0,0,0,0,0,0,0,0,0,0,0,0,0,0,0,0,0,0,0,0,0,0,0,0,0,0,0,0,0,0,0,0,0,1,0,0,0,0,0,0,0,0,0,0,20,0,0,0,0,0,2,0,0,0,0,0,0,0,0,0,0,0,0,0,0,0,0,0,0,0,0,0,0,0,0,0,0,0,0,0,0,0,0,0,30,0,0,5,0,0,0,0,1,0,0,5,0,0,0,5,0,5,0,0,0,0,0,0,0,0
218,0,0,0,0,0,0,0,0,0,0,0,0,0,0,0,0,0,0,0,0,0,0,1,0,0,2,0,0,0,0,0,0,0,1,0,0,0,0,0,0,0,0,0,0,0,0,0,0,0,0,0,0,0,0,2,0,1,0,0,0,0,0,0,0,0,0,0,0,0,0,0,0,0,0,0,0,0,0,0,0,0,0,0,0,0,0,0,0,1,0,0,0,0,0,0,0,1,0,0,0,0,0,0,2,0,1,0,0,0,0,0,0,0,0
219,0,0,0,0,0,0,0,0,0,0,0,0,0,0,0,0,0,0,0,0,0,0,2,0,0,1,0,0,0,0,0,0,0,2,0,0,0,0,0,0,0,0,0,0,0,0,0,0,0,0,0,0,0,0,2,0,1,0,0,0,0,0,0,0,0,0,0,0,0,0,0,0,0,0,0,0,0,0,0,0,0,0,0,0,0,0,0,0,2,0,0,0,0,0,0,0,2,0,0,0,0,0,0,0,0,1,0,0,0,0,0,0,0,0
220,0,0,0,0,0,0,1,0,0,0,0,0,0,0,0,0,0,0,0,0,0,0,2,0,0,1,0,0,0,0,0,0,0,2,0,0,0,0,0,0,0,0,0,0,0,0,0,0,0,0,0,0,0,0,2,0,1,0,0,0,0,0,0,0,0,0,0,0,0,0,0,0,0,0,0,0,0,0,0,0,0,0,0,0,0,0,0,0,2,0,0,0,0,0,0,0,2,0,0,0,0,0,0,1,0,1,0,0,0,0,0,0,0,0
221,0,0,0,0,0,0,1,0,0,0,0,0,0,0,0,0,0,0,0,0,0,0,2,1,0,1,0,0,0,0,0,0,0,2,0,0,0,0,0,0,0,0,0,2,0,0,0,0,0,0,0,0,1,0,2,0,1,0,0,1,0,0,0,0,0,0,0,0,3,0,0,0,0,1,0,0,0,0,0,0,0,0,0,0,0,0,0,0,3,0,0,0,0,0,0,0,2,0,0,0,0,0,0,0,0,1,2,0,0,0,0,0,1,5
222,0,0,0,0,0,0,1,0,0,0,0,0,0,0,0,0,0,0,0,0,0,0,2,1,0,1,0,0,0,0,0,0,0,2,0,0,0,0,0,0,0,0,0,2,0,0,0,0,2,0,0,0,1,0,2,0,1,0,0,1,0,0,0,0,0,0,0,0,3,0,0,0,0,1,0,0,0,0,0,0,0,0,0,0,0,0,0,0,5,0,0,0,0,0,0,0,2,0,0,0,0,0,0,0,0,2,2,0,0,0,0,0,1,5
223,0,0,0,0,0,0,0,0,0,0,0,0,0,0,0,0,0,0,0,0,0,0,1,0,0,1,0,0,0,0,0,0,0,1,0,0,0,0,0,0,0,0,0,0,0,0,0,0,2,0,0,0,0,0,2,0,1,0,0,0,0,0,0,0,0,0,0,0,0,0,0,0,0,0,0,0,0,0,0,0,0,0,0,0,0,0,0,0,4,0,0,0,0,0,0,0,1,0,0,0,0,0,0,1,0,1,0,0,0,0,0,0,0,0
224,0,0,0,0,0,0,0,0,0,0,0,0,0,0,0,0,0,0,0,0,0,0,0,0,0,0,0,0,0,0,0,0,0,0,2,0,0,0,0,0,0,0,0,4,0,0,0,0,0,0,0,0,0,0,2,0,0,0,0,0,0,0,1,0,0,0,0,0,0,0,0,0,0,2,0,0,1,0,0,0,0,0,0,0,0,0,0,0,0,0,0,0,0,0,0,0,0,0,0,0,0,0,0,0,0,1,0,0,0,0,0,0,0,4
225,0,0,0,0,0,0,1,1,0,0,0,0,0,0,0,0,0,0,0,0,0,0,0,0,0,0,0,0,0,0,0,0,1,0,1,0,0,0,0,0,0,0,0,2,0,0,0,0,0,0,0,0,0,0,2,0,0,0,0,0,0,0,1,0,0,0,0,0,0,0,0,0,0,3,0,0,1,0,0,0,0,0,0,0,1,0,0,0,0,0,0,0,0,0,0,0,0,0,0,0,0,0,0,1,0,1,0,0,0,0,0,0,0,3
226,0,0,0,0,0,0,1,1,0,0,0,0,0,0,0,0,0,0,0,0,0,0,0,0,0,0,0,0,0,0,0,0,1,0,1,0,0,0,0,0,0,0,0,2,0,0,0,0,0,0,0,0,0,0,2,0,0,0,0,0,0,0,1,0,0,0,0,0,0,0,0,0,0,3,0,0,1,0,0,0,0,0,0,0,1,0,0,0,1,0,0,1,0,0,0,0,0,0,0,0,0,0,0,1,0,1,0,0,0,0,0,0,0,3
227,0,0,1,0,0,0,1,0,0,0,0,0,0,0,0,0,0,0,0,0,0,0,1,0,0,1,0,0,0,0,0,0,0,1,0,0,0,0,0,0,0,0,1,0,0,0,0,0,0,0,0,0,0,0,2,0,0,0,0,0,0,0,0,0,0,0,0,0,0,0,0,0,0,0,0,0,0,0,0,0,0,0,0,0,0,0,0,0,0,0,0,0,0,0,0,0,1,0,0,0,0,0,0,1,0,0,0,0,0,0,0,0,0,0
228,0,0,0,0,0,0,1,0,0,0,0,0,0,0,0,0,0,0,0,0,0,0,1,0,0,1,0,0,0,0,0,0,0,1,0,0,0,0,0,0,0,0,1,0,0,0,0,0,0,0,0,0,0,0,2,0,1,0,0,0,0,0,0,0,0,0,0,0,0,0,0,0,0,0,0,0,0,0,0,0,0,0,0,0,0,0,0,0,1,0,0,0,0,0,0,0,1,0,0,0,0,0,0,1,0,0,0,0,0,0,0,0,0,0
229,0,0,0,0,0,0,2,0,0,0,0,0,0,0,0,0,0,0,0,0,0,0,1,0,0,0,0,0,0,0,0,0,0,1,0,2,0,0,0,0,0,0,1,0,0,0,0,0,0,0,0,0,0,0,2,0,1,0,0,0,0,0,0,0,0,0,0,0,0,0,0,0,4,0,0,0,0,0,0,0,0,0,0,0,0,0,0,0,0,0,0,0,0,0,0,0,1,0,0,0,0,0,0,4,2,0,0,0,0,0,0,0,0,0
230,0,0,0,0,0,1,1,0,0,0,0,0,0,0,0,0,0,0,0,0,0,0,0,0,0,0,0,0,0,0,0,0,0,0,0,5,0,0,0,0,0,0,1,0,0,0,0,0,0,0,0,0,0,0,2,0,0,0,0,0,0,0,0,0,0,0,0,0,0,0,0,0,0,0,0,0,0,0,0,0,0,0,0,0,0,0,0,0,1,0,0,0,0,0,0,0,0,0,0,0,0,0,0,0,0,0,0,0,0,0,0,0,0,0
231,0,0,0,0,0,1,4,0,0,0,0,0,0,0,0,0,0,0,0,0,0,0,3,0,0,0,0,0,0,0,0,0,0,3,0,5,0,0,0,0,0,0,1,0,0,0,0,0,0,0,0,0,1,0,2,0,0,0,0,0,0,0,0,0,0,0,0,0,0,0,0,0,0,0,0,0,0,0,0,0,0,0,0,0,0,0,0,0,1,0,0,0,0,0,0,0,3,0,0,0,0,0,0,3,0,0,0,0,0,0,0,0,0,0
232,0,0,0,0,0,1,4,0,0,0,0,0,0,0,0,0,0,0,0,0,0,0,0,0,0,0,0,0,0,0,0,0,0,0,0,5,0,0,0,0,0,0,1,0,0,0,0,0,0,0,0,0,0,0,2,0,0,0,0,0,0,0,0,0,0,0,0,0,0,0,0,0,0,0,0,0,0,0,0,0,0,0,0,0,0,0,0,0,1,0,0,0,0,0,0,0,0,0,0,0,0,0,0,3,0,0,0,0,0,0,0,0,0,0
233,0,0,0,0,0,1,4,0,0,0,0,0,0,0,0,0,0,0,0,0,0,0,0,0,0,0,0,0,0,0,0,0,0,0,0,5,0,0,0,0,0,0,1,0,0,0,0,0,0,0,0,0,0,0,2,0,0,0,0,0,0,0,0,0,0,0,0,0,0,0,0,0,0,0,0,0,0,0,0,0,0,0,0,0,0,0,0,0,4,0,0,3,0,0,0,0,0,0,0,0,0,0,0,3,0,0,0,0,0,0,0,0,0,0
234,0,0,0,0,0,1,4,0,0,0,0,0,0,0,0,0,0,0,0,0,0,0,3,0,0,0,0,0,0,0,0,0,0,3,0,5,0,0,0,0,0,0,1,0,0,0,0,0,0,0,0,0,0,0,2,0,0,0,0,0,0,0,0,0,0,0,0,0,0,0,0,0,0,0,0,0,0,0,0,0,0,0,0,0,0,0,0,0,0,0,0,0,0,0,0,0,3,0,0,0,0,0,0,3,0,0,0,0,0,0,0,0,0,0
235,0,0,0,0,0,1,4,0,0,0,0,0,0,0,0,0,0,0,0,0,0,0,0,0,0,0,0,0,0,0,0,0,0,0,0,5,0,0,0,0,0,0,1,0,0,0,0,0,0,0,0,0,0,0,2,0,0,0,0,0,0,0,0,0,0,0,0,0,0,0,0,0,0,0,0,0,0,0,0,0,0,0,0,0,0,0,0,0,3,0,0,3,0,0,0,0,0,0,0,0,0,0,0,3,0,0,0,0,0,0,0,0,0,0
236,0,0,0,0,0,0,1,0,0,0,0,0,0,0,0,0,0,0,0,0,0,0,0,0,0,0,0,0,0,0,0,0,0,0,0,0,0,0,0,0,0,0,1,0,0,0,0,0,0,0,0,0,0,0,2,0,0,0,1,0,0,0,0,2,0,0,0,0,0,0,0,0,0,0,0,0,0,0,0,0,0,0,0,0,0,0,0,0,0,0,0,0,0,0,0,0,0,0,0,0,0,0,0,2,0,0,0,0,0,0,0,0,0,0
237,0,0,0,0,2,0,1,2,0,0,0,2,0,0,0,0,0,0,0,0,0,0,0,2,0,0,0,0,0,2,0,0,0,0,0,0,0,0,0,0,0,0,1,4,0,0,0,0,0,0,0,0,0,0,2,0,0,0,0,2,0,0,1,0,0,0,0,0,6,0,0,0,0,6,0,0,1,0,0,0,0,0,0,0,0,0,0,1,0,0,0,0,0,0,0,0,0,0,0,0,0,0,0,0,0,0,4,0,0,0,0,0,0,12
238,0,0,0,0,0,0,2,7,0,0,0,0,0,0,0,1,0,0,0,0,0,0,2,0,0,0,0,0,0,0,0,0,0,2,0,1,0,0,0,0,0,0,1,0,0,0,0,0,0,0,0,0,0,0,2,0,1,0,0,0,1,0,0,0,0,0,0,0,0,0,0,0,2,11,0,0,0,0,0,0,0,0,0,0,0,0,0,1,0,1,0,0,0,0,3,0,2,0,0,0,0,3,0,6,2,0,0,2,0,0,0,0,0,7
239,0,0,0,0,0,2,2,8,0,0,0,0,0,0,0,0,0,0,0,0,0,0,0,0,0,0,0,0,0,4,0,0,0,0,0,0,0,0,0,0,0,0,2,0,0,0,0,0,0,0,0,0,0,0,4,0,0,0,0,0,0,0,2,0,0,0,0,0,0,0,0,0,0,22,4,0,0,0,0,0,0,0,0,0,0,4,0,2,0,0,0,0,0,0,0,0,0,0,0,0,0,0,0,4,1,0,0,0,0,0,0,4,0,8
240,0,0,0,0,0,2,2,8,4,0,0,0,0,0,0,0,0,0,0,0,0,0,0,0,0,0,0,0,0,4,0,0,0,0,0,0,0,0,0,0,0,0,2,0,0,0,0,0,0,0,0,0,0,0,4,0,0,0,0,0,0,0,2,0,0,0,0,0,0,0,0,0,8,22,0,0,0,0,0,0,0,0,0,0,0,8,0,2,0,0,0,0,0,0,0,0,0,0,0,0,0,4,0,8,5,0,0,0,0,0,0,0,0,8
241,0,0,0,0,0,2,2,6,0,0,0,0,0,0,0,2,0,0,0,0,0,0,0,0,0,0,0,0,0,4,0,0,0,0,0,0,0,0,0,0,0,2,2,4,0,0,0,0,0,0,0,0,0,0,4,0,0,0,0,0,0,0,2,0,2,0,0,0,0,0,0,0,0,20,0,0,0,0,0,0,0,0,0,0,0,4,0,2,0,2,0,0,0,0,6,0,0,0,0,0,0,0,0,6,1,0,0,0,0,0,0,0,0,10
242,0,0,0,0,0,2,2,6,0,0,0,0,0,0,0,0,0,0,0,0,0,0,0,0,0,0,0,0,0,4,0,0,0,0,0,0,0,0,0,0,0,0,2,4,0,0,0,0,0,0,0,0,0,0,4,0,0,0,0,0,0,0,2,0,2,0,0,0,0,0,0,0,0,20,0,0,0,0,0,0,0,0,0,0,0,4,0,2,0,0,0,0,0,0,0,0,0,0,0,0,0,0,0,2,1,0,0,0,0,0,0,2,0,10
243,0,0,0,0,0,2,2,6,0,0,0,0,0,0,0,0,0,0,0,0,0,0,0,0,0,0,0,0,0,4,0,0,0,0,0,0,0,0,0,0,0,0,2,2,0,0,0,0,0,0,0,0,0,0,4,0,0,0,0,0,0,0,2,0,0,0,0,0,2,0,0,0,0,20,2,0,0,0,0,0,0,0,0,0,0,4,0,2,0,0,0,0,0,0,0,0,0,0,0,0,0,0,0,2,1,0,2,0,0,1,1,2,0,10
244,0,0,0,0,0,2,2,4,0,0,0,0,0,0,0,0,0,0,0,0,0,0,0,0,0,0,0,0,0,4,0,0,0,0,0,0,0,0,0,0,0,0,2,4,0,0,0,0,0,0,0,0,0,0,4,0,0,0,0,0,0,0,2,0,0,0,0,0,4,0,0,0,0,18,0,0,0,0,0,0,0,0,0,0,0,4,0,2,0,0,0,0,0,0,0,0,0,0,0,0,0,0,0,0,1,0,4,0,0,2,2,0,0,12
245,0,0,0,0,0,0,1,2,0,0,0,0,0,0,0,0,0,0,0,0,0,0,0,0,0,0,0,0,0,0,0,0,0,0,0,0,0,0,0,0,0,0,1,0,0,0,0,0,0,0,0,0,0,0,2,0,0,0,0,0,0,0,1,0,0,0,0,0,0,0,0,0,0,4,2,0,1,0,0,0,0,0,0,0,0,0,0,1,0,0,0,0,0,0,0,0,0,0,0,0,0,0,0,2,0,0,0,0,0,0,0,2,0,2
246,0,0,0,2,0,0,2,6,0,0,0,2,0,0,0,0,0,0,2,0,0,0,1,0,0,0,0,0,0,0,0,0,0,1,0,0,0,4,0,1,0,0,1,4,0,0,0,0,0,0,0,0,0,0,2,0,0,0,0,0,0,0,1,0,0,0,0,0,0,0,0,0,0,14,4,0,0,0,0,0,0,0,0,0,1,0,0,1,0,0,0,0,0,0,0,0,5,0,0,0,0,0,0,4,0,0,0,2,0,0,0,4,0,10
247,0,0,0,0,0,0,2,4,0,0,0,0,0,0,0,2,0,0,0,0,0,0,1,0,0,0,0,0,0,0,0,0,0,1,0,0,0,0,0,0,0,0,1,0,0,0,0,0,0,0,0,0,0,0,2,0,1,0,0,0,0,0,0,0,0,0,0,0,0,0,0,0,0,8,4,0,0,0,0,0,0,0,0,0,0,0,0,1,0,1,0,0,0,0,2,0,1,0,0,0,0,0,0,6,0,0,0,0,0,0,0,4,0,4
248,0,0,0,0,0,0,2,4,0,0,0,0,0,0,0,2,0,0,4,0,0,0,2,0,0,0,0,0,0,0,0,0,0,2,0,0,0,0,0,0,0,0,1,4,0,0,0,0,0,0,0,0,0,0,2,0,1,0,0,0,0,0,0,0,0,0,0,0,0,0,0,0,0,10,4,0,0,0,0,0,0,0,0,0,0,0,0,1,0,1,0,0,0,0,2,0,2,0,0,0,0,0,0,6,0,0,0,2,0,0,0,4,0,8
249,0,0,0,0,0,0,2,5,0,0,0,0,0,0,0,2,0,0,0,0,0,0,2,0,0,0,0,0,0,0,0,0,0,2,0,0,0,0,0,0,0,0,1,2,0,0,0,0,0,0,0,0,0,0,2,0,1,0,0,0,0,0,0,0,0,0,0,0,1,0,0,0,0,10,4,0,0,0,0,0,0,0,0,0,0,0,2,1,0,1,0,0,0,0,2,0,2,0,0,0,0,0,0,6,0,0,0,2,0,0,0,4,0,8
250,0,0,0,0,0,0,2,7,0,0,0,0,0,0,0,1,0,0,0,0,0,0,2,0,0,0,0,0,0,0,0,0,0,2,0,1,0,0,0,0,0,0,1,0,0,0,0,0,0,0,0,0,0,0,2,0,1,0,0,0,1,0,0,0,0,0,0,0,0,0,0,0,2,11,4,0,0,0,0,0,0,0,0,0,0,0,0,1,0,1,0,0,0,0,3,0,2,0,0,0,0,3,0,10,2,0,0,2,0,0,0,4,0,7
251,0,0,0,0,0,0,2,4,0,0,0,0,0,0,0,1,0,0,4,0,0,0,2,0,0,0,0,0,0,0,0,0,0,2,0,3,0,0,0,0,0,0,1,4,0,0,0,0,0,0,0,0,0,0,2,0,1,0,0,0,0,0,0,0,0,0,0,0,0,0,0,0,0,10,4,0,0,0,0,0,0,0,0,0,0,0,0,1,0,1,0,0,0,0,2,0,2,0,0,0,0,3,0,7,0,0,0,2,0,0,0,4,0,8
252,0,2,0,0,0,2,2,8,0,0,0,0,0,0,0,0,0,0,0,0,0,0,0,0,0,2,0,0,0,2,0,0,0,0,0,0,0,0,0,0,0,0,2,2,0,0,2,0,0,0,0,0,0,0,4,0,0,0,0,0,0,0,2,0,0,0,0,2,2,2,0,1,0,28,0,0,0,1,0,0,0,0,0,0,2,6,0,2,0,0,0,0,4,2,0,0,4,0,0,0,0,0,2,8,2,0,2,0,0,2,2,4,0,12
253,0,0,0,0,0,4,2,4,2,0,0,0,0,0,0,0,0,0,0,0,0,0,0,0,0,0,0,0,0,0,0,0,0,0,0,0,0,0,0,0,0,0,2,0,0,0,0,0,0,0,0,0,0,0,4,0,0,0,0,0,2,0,2,0,0,0,0,0,0,0,0,0,4,14,0,0,0,0,0,0,0,0,0,0,2,2,0,2,0,0,0,0,0,0,0,0,0,0,0,0,0,2,0,4,3,0,0,0,0,0,0,0,0,4
254,0,0,0,0,0,2,2,8,2,0,0,0,0,0,0,0,0,0,0,0,0,0,0,0,0,0,0,0,0,0,0,0,0,0,0,0,0,0,0,0,0,0,2,0,0,0,0,0,0,0,0,0,0,0,4,0,0,0,0,0,0,0,2,0,0,0,0,0,0,0,0,0,6,20,0,0,0,0,0,0,0,0,0,0,2,8,0,2,0,0,0,0,0,0,0,0,0,0,0,0,0,2,0,6,4,0,0,0,0,0,0,0,0,8
255,0,0,0,0,0,2,2,4,2,0,0,0,0,0,0,0,0,0,0,0,0,0,0,0,0,0,0,0,0,0,0,0,0,0,0,0,0,0,0,0,0,0,2,0,0,0,0,0,0,0,0,0,0,0,4,0,0,0,0,0,2,0,2,0,0,0,0,0,0,0,0,0,4,14,0,0,0,0,0,0,0,0,0,0,2,4,0,2,0,0,0,0,0,0,0,0,0,0,0,0,0,2,0,4,3,0,0,0,0,0,0,0,0,4
256,0,0,0,0,0,2,2,4,2,0,0,0,0,0,0,0,0,0,0,0,0,0,0,0,0,0,0,0,0,0,0,0,0,0,0,0,0,0,0,0,0,0,2,0,0,0,0,0,0,0,0,0,0,0,4,0,0,0,0,0,2,0,2,0,0,0,0,0,0,0,0,0,4,14,0,0,0,0,0,0,0,0,0,0,2,4,0,2,2,0,0,0,0,0,0,0,0,0,0,0,0,2,0,4,3,0,0,0,0,0,0,0,0,4
257,0,0,0,0,0,2,2,12,4,0,0,0,0,0,0,0,0,0,0,0,0,0,0,0,0,0,0,0,0,0,0,0,0,0,0,0,0,0,0,0,0,0,2,0,0,0,0,0,0,0,0,0,0,0,4,0,0,0,0,0,4,0,2,0,0,0,0,0,0,0,0,0,8,24,0,0,0,0,0,0,0,0,0,0,2,8,0,2,0,0,0,0,0,0,0,0,0,0,0,0,0,4,0,8,6,0,0,0,0,0,0,0,0,12
258,0,2,0,0,0,2,2,8,2,0,0,0,0,0,0,0,0,0,0,0,0,0,0,0,0,0,0,0,0,2,0,0,0,0,0,0,0,0,0,0,0,0,2,0,0,0,2,0,0,0,0,0,0,0,4,0,0,0,0,0,2,0,2,0,0,0,0,2,0,2,0,1,4,26,0,0,0,1,0,0,0,0,0,0,2,4,0,2,0,0,0,0,4,2,0,0,4,0,0,0,0,2,2,8,3,0,0,0,0,0,0,4,0,8
259,0,2,0,0,0,2,2,10,2,0,0,0,0,0,0,0,0,0,0,0,0,0,0,0,0,0,0,0,0,4,0,0,0,0,0,0,0,0,0,0,0,0,2,4,0,0,2,0,0,0,0,0,0,0,4,0,0,0,0,0,2,0,2,0,0,0,0,2,4,2,0,1,4,30,2,0,0,1,0,0,0,0,0,0,2,4,0,2,0,0,0,0,4,2,0,0,4,0,0,0,0,2,2,6,3,0,4,0,0,0,0,2,0,18
260,0,0,0,0,0,2,2,8,2,0,0,0,0,0,2,2,0,0,0,1,0,0,0,0,0,0,0,2,0,2,0,0,0,0,0,0,0,0,0,0,0,4,2,8,0,2,2,0,0,0,0,0,0,0,4,0,0,0,0,0,2,0,2,0,0,0,0,2,0,0,0,0,4,24,0,6,0,1,0,0,0,0,6,0,2,4,0,2,0,3,4,0,4,2,0,0,4,0,0,0,0,2,2,4,3,0,0,0,0,0,0,0,0,16
261,0,0,0,0,0,2,2,4,0,0,0,0,0,0,0,0,0,0,0,0,0,0,0,0,0,0,0,0,0,0,0,0,0,0,0,1,0,0,0,0,0,0,2,0,0,0,0,0,0,0,0,0,0,0,4,0,0,0,0,0,1,0,2,0,0,0,0,0,0,0,0,0,2,14,0,0,0,0,0,0,0,0,0,0,2,4,0,2,2,0,0,2,0,0,0,0,0,0,0,0,0,1,0,5,3,0,0,0,0,0,0,0,0,4
262,0,0,0,0,0,0,1,0,0,0,0,0,0,0,0,0,0,1,0,0,0,0,0,0,0,0,0,0,0,0,0,0,0,0,2,0,0,0,0,0,0,0,1,4,0,0,0,0,0,0,0,0,0,0,2,0,0,1,0,0,0,0,1,0,0,0,0,0,0,0,0,0,0,2,0,0,1,0,0,0,1,0,0,0,0,0,0,1,0,0,0,0,0,0,0,0,0,2,0,0,1,0,0,0,0,0,0,0,0,0,0,0,0,4
263,0,0,0,0,0,2,2,2,0,0,0,6,0,0,0,0,0,0,0,0,0,0,0,0,0,0,0,0,0,0,0,0,0,0,0,0,0,0,0,0,0,0,2,20,0,0,0,0,0,0,0,0,0,0,4,0,0,0,0,0,0,0,2,0,0,0,0,0,0,0,0,0,0,26,0,0,0,0,0,0,0,0,0,0,2,0,0,2,0,0,0,0,0,0,0,0,0,0,0,0,0,0,0,0,0,0,0,0,0,0,0,0,0,22
264,0,0,0,0,0,2,2,2,0,0,0,6,0,0,0,0,0,0,0,0,0,0,0,0,0,0,0,0,0,0,0,0,0,0,0,0,0,0,0,0,0,0,2,20,0,0,0,0,0,0,0,0,0,0,4,0,0,0,0,0,0,0,2,0,0,0,0,0,0,0,0,0,0,26,0,0,0,0,0,0,0,0,0,0,2,0,0,2,0,0,0,0,0,0,0,0,0,0,0,0,0,0,0,0,0,0,0,0,0,0,0,0,0,22
265,0,0,0,0,0,2,2,2,0,0,0,6,0,0,0,0,0,0,0,0,0,0,0,0,0,0,0,0,0,0,0,0,0,0,0,0,0,0,0,0,0,0,2,20,0,0,0,0,0,0,0,0,0,0,4,0,0,0,0,0,0,0,2,0,0,0,0,0,0,0,0,0,0,26,0,0,0,0,0,0,0,0,0,0,2,0,0,2,0,0,0,0,0,0,0,0,0,0,0,0,0,0,0,4,0,0,0,0,0,0,0,4,0,22
266,0,0,0,0,0,2,2,2,0,0,0,6,0,0,0,0,0,0,0,0,0,0,0,4,0,0,0,0,0,0,0,0,0,0,0,0,0,0,0,0,0,0,2,12,0,0,0,0,0,0,0,0,0,0,4,0,0,0,0,4,0,0,2,0,0,0,0,0,12,0,0,0,0,22,0,0,0,0,0,0,0,0,0,0,2,0,0,2,0,0,0,0,0,0,0,0,0,0,0,0,0,0,0,0,0,0,8,0,0,0,0,0,0,26
267,0,0,0,0,0,0,2,0,0,0,0,0,0,0,0,0,0,1,4,0,0,0,1,0,0,0,0,0,0,0,0,0,0,3,0,0,0,0,0,0,0,0,1,8,0,0,0,0,0,0,0,0,0,0,2,0,1,2,0,0,0,0,0,0,0,0,0,0,0,0,0,0,0,4,0,0,0,0,0,0,1,0,0,0,0,0,0,1,0,0,0,0,0,0,0,0,1,4,0,0,1,0,0,0,0,0,0,2,0,0,0,0,0,8
268,0,0,0,0,0,0,2,2,0,0,0,0,0,0,0,2,0,0,0,0,0,0,1,0,0,2,0,0,0,0,0,0,0,1,0,0,0,0,0,0,0,2,1,4,0,0,0,0,0,0,0,0,0,0,2,0,1,0,0,0,0,0,0,0,0,0,0,0,0,0,0,0,0,6,0,0,0,0,0,0,0,0,0,0,2,0,0,1,0,1,0,0,0,0,2,0,1,0,0,0,0,0,0,6,0,0,0,0,0,0,0,0,0,6
269,0,0,0,0,0,0,2,2,0,0,0,0,0,0,0,2,0,0,0,0,0,0,1,0,0,0,0,0,0,0,0,0,0,1,0,0,0,0,0,0,0,2,1,4,0,0,0,0,0,0,0,0,0,0,2,0,1,0,0,0,0,0,0,0,0,0,0,0,0,0,0,0,0,6,2,0,0,0,0,0,0,0,0,0,2,0,0,1,0,1,0,0,0,0,2,0,1,0,0,0,0,0,0,4,0,0,0,0,0,0,0,2,0,6
270,0,0,0,0,0,0,2,2,0,0,0,0,0,0,0,2,0,0,0,0,0,0,1,0,0,0,0,0,0,0,0,0,0,1,0,0,0,0,0,0,0,2,1,4,0,0,0,0,0,0,0,0,0,0,2,0,1,0,0,0,0,0,0,0,0,0,0,0,0,0,0,0,0,6,0,0,0,0,0,0,0,0,0,0,2,0,0,1,2,1,0,2,0,0,2,0,1,0,0,0,0,0,0,4,0,0,0,0,0,0,0,0,0,6
271,0,0,0,0,0,0,2,0,0,0,0,0,0,0,0,2,0,1,0,0,0,0,1,0,0,0,0,0,0,0,0,0,0,1,0,0,0,0,0,0,0,4,1,8,0,0,0,0,0,0,0,0,0,0,2,0,1,2,0,0,0,0,0,0,0,0,0,0,0,0,0,0,0,4,0,0,0,0,0,0,1,0,0,0,0,0,0,1,0,1,0,0,0,0,2,0,1,4,0,0,1,0,0,2,0,0,0,0,0,0,0,0,0,8
272,0,0,0,1,0,0,2,0,0,0,0,0,0,0,0,2,0,1,0,0,0,0,2,0,0,0,0,0,0,0,0,0,0,2,0,0,0,2,0,0,0,4,1,16,0,0,0,0,0,0,0,0,0,0,2,0,1,2,0,0,0,0,0,0,0,0,0,0,0,0,0,0,0,8,0,0,0,0,0,0,1,0,0,0,0,0,0,1,0,1,0,0,0,0,2,0,4,4,0,0,1,0,0,4,0,0,0,0,0,0,0,0,0,16
273,0,0,0,0,0,0,2,2,0,0,0,0,0,0,0,2,0,0,0,0,0,0,1,0,0,0,0,0,0,0,0,0,0,1,0,0,0,0,0,0,0,2,1,4,0,0,0,0,0,0,0,0,0,0,2,0,1,0,0,0,0,0,0,0,0,0,0,0,0,0,0,0,0,6,2,0,0,0,0,0,0,0,0,0,2,0,0,1,4,1,0,2,0,0,0,0,1,0,0,2,0,0,0,4,0,0,0,0,0,0,0,2,0,6
274,0,0,0,0,0,0,2,0,0,0,0,0,0,0,0,2,0,1,0,0,0,0,1,0,0,0,0,0,0,0,0,0,0,1,0,0,0,0,0,0,0,4,1,8,0,0,0,0,4,0,0,0,0,0,2,0,1,2,0,0,0,0,0,0,0,0,0,0,0,0,0,0,0,4,0,0,0,0,0,0,1,0,0,0,0,0,0,1,8,1,0,2,0,0,0,0,1,4,0,2,1,0,0,2,0,0,0,0,0,0,0,0,0,8
275,0,0,0,0,0,0,2,2,0,0,0,0,0,0,0,0,0,0,0,0,0,0,1,0,0,0,0,0,0,0,0,0,0,1,0,0,0,0,0,0,0,0,1,4,0,0,0,0,0,0,0,0,0,0,2,0,1,0,0,0,0,0,0,0,0,0,0,0,0,0,0,0,0,6,2,0,0,0,0,0,0,0,0,0,2,0,0,1,0,0,0,0,0,0,0,0,1,0,0,0,0,5,0,2,1,0,0,0,0,0,0,2,0,6
276,0,0,0,0,0,0,2,2,0,0,0,0,0,0,0,0,0,0,4,0,0,0,2,0,0,0,0,0,0,0,0,0,0,2,0,0,0,0,0,0,0,0,1,8,0,0,0,0,0,0,0,0,0,0,2,0,1,0,0,0,0,0,0,0,0,0,0,0,0,0,0,0,0,8,2,0,0,0,0,0,0,0,0,0,2,0,0,1,0,0,0,0,0,0,0,0,2,0,0,0,0,5,0,2,1,0,0,2,0,0,0,2,0,10
277,0,0,0,0,0,2,2,10,2,0,0,0,0,0,0,0,0,0,0,0,0,0,0,0,0,0,0,0,0,2,0,0,0,0,0,0,0,0,0,0,0,0,2,8,0,0,0,0,0,0,0,0,0,0,4,0,0,0,0,0,2,0,2,0,0,0,0,0,4,0,0,0,4,26,0,0,0,0,0,0,0,0,0,0,2,6,0,2,0,0,0,0,0,0,0,0,0,0,0,0,0,2,0,4,4,0,4,0,0,2,2,0,0,22
278,0,0,0,0,0,0,2,0,0,0,0,0,0,0,0,0,0,1,4,0,0,0,1,0,0,0,0,0,0,0,0,0,0,1,2,0,0,0,0,1,0,0,1,12,0,0,0,0,0,0,0,0,0,0,2,0,0,3,0,0,0,0,1,0,0,0,0,0,0,0,0,0,0,6,0,0,1,0,0,0,1,0,0,0,0,0,0,1,0,0,0,0,0,0,0,0,1,6,0,0,1,0,0,0,0,0,0,2,0,0,0,0,0,12
279,0,0,0,1,0,0,2,4,0,0,0,0,0,0,0,2,0,1,0,0,0,0,0,0,0,4,0,0,0,0,0,0,0,0,0,0,0,2,0,1,0,0,1,8,0,0,0,0,0,0,0,0,0,0,2,0,0,2,0,0,0,0,1,0,0,0,0,0,0,0,0,0,0,12,0,0,0,0,0,0,1,0,0,0,0,0,0,1,0,1,0,0,0,0,2,0,2,4,0,0,1,0,0,10,0,0,0,0,0,0,0,0,0,12
280,0,0,0,1,0,0,2,4,0,0,0,0,0,0,0,2,0,1,0,0,0,0,0,0,0,0,0,0,0,0,0,0,0,0,0,0,0,2,0,1,0,0,1,8,0,0,0,0,0,0,0,0,0,0,2,0,0,2,0,0,0,0,1,0,0,0,0,0,0,0,0,0,0,12,4,0,0,0,0,0,1,0,0,0,0,0,0,1,0,1,0,0,0,0,2,0,2,4,0,0,1,0,0,6,0,0,0,0,0,0,0,4,0,12
281,0,0,0,1,0,0,2,4,0,0,0,0,0,0,0,1,0,1,0,0,0,0,0,0,0,0,0,0,0,0,0,0,0,0,0,3,0,2,0,1,0,0,1,8,0,0,0,0,0,0,0,0,0,0,2,0,0,2,0,0,0,0,1,0,0,0,0,0,0,0,0,0,0,12,4,0,0,0,0,0,1,0,0,0,0,0,0,1,0,1,0,0,0,0,2,0,2,4,0,0,1,3,0,7,0,0,0,0,0,0,0,4,0,12
282,0,0,0,1,0,0,2,0,0,0,0,0,0,0,0,2,0,1,0,0,0,0,0,0,0,0,0,0,0,0,0,0,0,0,2,0,0,2,0,1,0,4,1,16,0,0,0,0,0,0,0,0,0,0,2,0,0,3,0,0,0,0,1,0,0,0,0,0,0,0,0,0,0,8,0,0,1,0,0,0,1,0,0,0,0,0,0,1,0,1,0,0,0,0,2,0,2,6,0,0,1,0,0,2,0,0,0,0,0,0,0,0,0,16
283,0,0,0,0,0,0,2,2,2,0,0,0,0,0,0,0,0,0,0,0,0,0,1,0,0,0,0,0,0,0,0,0,0,1,0,0,0,0,0,0,0,0,1,4,0,0,0,0,0,0,0,0,0,0,2,0,1,2,0,0,2,0,0,0,0,0,0,0,0,0,0,0,4,6,0,0,0,0,0,0,0,0,0,0,0,4,0,1,0,0,0,0,0,0,0,0,1,2,0,0,1,2,0,4,3,0,0,0,0,0,0,0,0,6
284,0,1,0,0,0,0,0,4,2,0,0,0,1,0,0,0,1,0,0,0,0,0,0,0,0,0,2,0,2,4,0,0,0,0,0,0,0,0,0,0,0,0,0,0,0,0,2,1,0,0,0,0,0,0,2,0,0,0,0,0,2,1,1,0,0,0,0,4,0,2,0,1,4,18,0,0,0,1,0,0,0,0,0,0,0,4,0,0,0,0,0,0,4,4,0,0,4,0,0,0,0,2,2,8,3,0,0,0,0,0,0,4,0,4
285,0,1,0,0,0,0,0,6,0,0,0,0,1,0,0,0,1,0,0,0,0,0,0,0,0,2,2,0,2,6,0,0,0,0,0,0,0,0,0,0,0,0,0,6,0,0,2,1,0,0,0,0,0,0,2,0,0,0,0,0,0,1,1,0,0,0,0,4,6,2,0,1,0,24,2,0,0,1,0,0,0,0,0,0,0,6,0,0,0,0,0,0,4,4,0,0,4,0,0,0,0,0,2,6,2,0,6,0,0,2,2,2,0,18
286,0,1,0,0,0,0,0,6,0,0,0,0,1,0,0,0,1,0,0,0,0,0,0,0,0,0,2,0,2,6,0,0,0,0,0,0,0,0,0,0,0,0,0,4,0,0,2,1,0,0,0,0,0,0,2,0,0,0,0,0,0,1,1,0,0,0,0,4,4,2,0,1,2,22,2,0,0,1,0,0,0,0,0,0,0,4,0,0,0,0,0,0,4,4,0,0,4,0,0,0,0,2,2,4,2,0,4,0,0,0,0,2,0,14
287,0,1,0,0,0,0,0,6,0,0,0,0,1,0,0,0,1,0,0,0,0,0,0,0,0,0,2,0,2,6,0,0,0,0,0,0,0,0,0,0,0,0,0,6,0,0,2,1,0,0,0,0,0,0,2,0,0,0,0,0,0,1,1,0,0,0,0,4,6,2,0,1,2,24,2,0,0,1,0,0,0,0,0,0,0,6,0,0,0,0,0,0,4,4,0,0,4,0,0,0,0,0,2,4,2,0,6,0,0,2,2,2,0,18
288,0,1,0,0,0,0,0,6,2,0,0,0,1,0,0,0,1,0,0,0,0,0,0,0,0,0,2,0,2,6,0,0,0,0,0,0,0,0,0,0,0,0,0,4,0,0,2,1,0,0,0,0,0,0,2,0,0,0,0,0,2,1,1,0,0,0,0,4,4,2,0,1,4,22,2,0,0,1,0,0,0,0,0,0,0,4,0,0,0,0,0,0,4,4,0,0,4,0,0,0,0,2,2,6,3,0,4,0,0,0,0,2,0,14
289,0,1,0,0,0,0,0,3,0,0,0,0,0,0,0,0,1,0,0,0,0,0,0,0,0,0,0,0,0,0,0,0,0,0,0,0,0,0,0,0,0,0,0,0,0,0,0,0,0,0,0,0,0,0,2,0,0,0,0,0,0,0,1,0,0,0,0,0,0,0,0,0,0,13,2,0,0,0,0,0,0,0,0,0,0,0,0,0,0,0,0,0,4,0,0,0,4,0,0,0,0,0,2,3,0,0,0,0,0,0,0,3,0,3
290,0,1,0,0,0,0,2,3,0,0,0,0,1,0,0,0,1,0,0,0,0,0,0,0,0,0,2,0,1,4,0,0,0,0,0,0,0,0,0,2,1,0,0,8,0,0,2,1,0,0,0,0,0,0,2,0,0,4,0,0,0,1,1,0,2,0,0,4,0,1,0,1,0,17,2,0,0,1,0,0,0,2,0,0,0,0,0,0,0,0,0,0,4,2,0,0,4,6,0,0,0,0,2,3,0,0,0,0,0,0,0,3,0,11
291,0,0,0,0,0,4,0,10,2,0,0,0,0,0,0,2,1,0,0,0,0,0,0,0,0,0,0,2,0,0,0,0,0,0,0,0,0,0,0,0,0,2,0,4,0,0,0,0,0,0,0,0,0,0,2,0,0,0,0,0,2,0,1,0,0,0,0,0,0,0,0,0,4,26,2,6,0,0,0,0,0,0,6,0,0,4,0,0,0,3,0,0,4,0,0,0,4,0,0,0,0,2,2,6,3,0,0,0,0,0,0,2,0,14
292,0,0,0,0,0,0,0,6,0,0,0,0,1,0,0,2,1,0,0,0,0,0,0,0,0,0,2,2,2,4,0,0,0,0,0,0,0,0,0,0,0,2,0,6,0,0,2,1,0,0,0,0,0,0,2,0,0,0,0,0,0,1,1,0,0,0,0,4,2,0,0,0,2,20,0,6,0,1,0,0,0,0,6,0,0,6,0,0,0,3,0,0,4,4,0,0,4,0,0,0,0,0,2,2,2,0,2,0,0,2,2,0,0,14
293,0,0,0,0,0,0,0,1,0,0,0,0,0,0,0,0,0,0,0,0,0,0,0,0,0,0,0,0,0,0,0,0,0,0,0,0,0,0,0,0,0,0,0,0,0,0,0,0,3,0,0,0,0,0,2,0,0,0,0,0,0,0,2,0,0,0,0,0,0,0,0,0,0,3,0,0,0,0,0,0,0,0,0,0,0,0,0,0,5,0,0,1,0,0,0,0,0,0,0,1,0,0,0,1,0,0,0,0,0,0,0,0,0,1
294,0,0,0,0,0,2,0,6,0,0,0,0,0,0,0,0,0,0,0,0,0,0,0,0,0,2,0,0,0,0,0,0,0,0,0,0,0,0,0,0,0,0,0,2,0,0,0,0,0,0,0,0,0,0,4,0,0,0,0,0,0,0,4,0,0,0,0,0,2,0,0,0,0,16,0,0,0,0,0,0,0,0,0,0,0,6,0,0,0,0,0,0,0,0,0,0,0,0,0,0,0,0,0,4,2,0,2,0,0,2,2,0,0,10
295,0,0,0,0,0,4,0,10,2,0,0,0,0,0,0,0,1,0,0,0,0,0,0,0,0,0,0,0,0,2,0,0,1,0,1,0,0,0,0,0,0,0,0,4,0,1,0,0,0,0,0,0,0,1,2,0,0,0,0,0,2,0,1,0,2,0,0,0,0,0,0,0,4,26,0,6,1,0,0,0,0,0,6,0,0,4,0,0,0,2,1,0,4,0,0,0,4,0,0,0,0,2,2,4,3,0,0,0,0,0,0,0,0,14
296,0,0,0,0,0,0,2,4,0,0,0,4,0,0,0,0,1,0,0,0,0,0,0,1,0,0,0,0,0,1,0,0,0,0,2,0,0,0,0,2,0,0,0,24,0,2,0,0,0,0,0,0,0,0,2,0,0,2,0,1,0,0,1,0,0,0,0,1,5,0,0,0,0,26,0,6,1,0,0,0,0,0,6,0,2,1,0,0,0,2,2,0,5,0,0,0,5,4,0,0,0,0,3,0,1,0,4,0,0,1,1,0,0,33
297,0,0,0,0,0,0,2,4,0,0,0,4,1,0,1,0,1,0,2,1,0,0,1,1,0,0,2,0,1,5,0,0,0,1,2,0,0,0,0,2,1,0,0,28,0,2,2,1,0,0,0,0,0,0,2,0,0,2,0,1,0,1,1,0,2,0,1,5,5,0,0,0,0,28,0,6,1,1,0,0,0,2,6,0,2,1,0,0,0,2,2,0,5,2,0,0,6,4,0,0,0,0,3,0,1,0,4,2,0,1,1,0,0,37
298,1,0,0,0,0,0,2,4,0,0,0,4,1,2,1,2,1,0,0,1,0,0,0,1,0,0,2,2,1,5,0,0,0,0,2,0,0,0,0,2,1,2,0,28,0,2,2,1,0,2,0,0,0,0,2,0,0,2,0,1,0,1,1,0,2,0,1,5,5,0,0,0,0,28,0,12,1,1,0,0,0,2,12,0,2,1,0,0,0,5,2,0,5,2,0,0,5,4,0,0,0,0,3,0,1,0,4,0,0,1,1,0,0,37
299,0,0,0,0,0,0,3,4,0,0,0,4,1,0,1,0,1,0,0,1,0,0,0,1,0,0,2,0,1,5,0,0,0,0,2,0,0,0,0,3,1,0,0,28,0,2,2,1,0,0,0,0,0,0,2,0,0,4,0,1,0,1,1,0,2,0,1,5,5,0,0,0,0,28,0,6,1,1,0,0,0,2,6,0,2,1,0,0,0,2,2,0,5,2,0,0,5,6,0,0,0,0,3,0,1,0,4,0,0,1,1,0,0,37
300,1,0,0,0,0,0,2,6,2,0,0,4,1,2,1,2,1,0,0,1,0,0,0,0,0,0,2,2,1,4,0,0,0,0,2,0,0,0,0,2,1,2,0,20,0,1,2,1,0,2,0,0,0,0,2,0,0,2,0,0,2,1,1,0,2,0,1,4,0,0,0,0,4,26,0,12,1,1,0,0,0,2,12,0,2,4,0,0,0,5,2,0,4,2,0,0,4,2,0,0,0,2,2,4,3,0,0,0,0,0,0,0,0,26
301,0,0,0,0,0,0,3,6,2,0,0,4,1,0,1,0,1,0,0,1,0,0,0,0,0,0,2,0,1,4,0,0,0,0,2,0,0,0,0,3,1,0,0,20,0,1,2,1,0,0,0,0,0,0,2,0,0,4,0,0,2,1,1,0,2,0,1,4,0,0,0,0,4,26,0,6,1,1,0,0,0,2,6,0,2,4,0,0,0,2,2,0,4,2,0,0,4,4,0,0,0,2,2,4,3,0,0,0,0,0,0,0,0,26
302,0,0,0,0,0,0,4,6,2,0,0,4,1,0,1,2,1,0,0,1,0,0,0,0,0,0,2,0,1,4,0,0,0,0,2,0,0,0,0,4,1,4,0,28,0,1,2,1,0,0,0,0,0,0,2,0,0,6,0,0,2,1,1,0,2,0,1,4,0,0,0,0,4,30,0,6,1,1,0,0,0,2,6,0,2,4,0,0,0,3,2,0,4,2,2,0,4,8,0,0,0,2,2,6,3,0,0,0,0,0,0,0,0,34
303,0,0,0,0,0,0,2,0,0,0,0,0,0,0,0,1,0,0,0,0,0,0,2,0,0,0,0,0,0,0,0,0,0,2,2,0,0,0,0,0,0,2,0,4,0,0,0,0,2,0,0,0,2,0,2,0,0,0,0,0,0,0,1,0,0,1,0,0,0,0,0,0,0,2,0,0,1,0,0,0,0,0,0,0,0,0,0,0,6,2,0,2,0,0,0,0,2,0,0,2,0,0,0,2,0,0,0,0,0,0,0,0,0,4
304,0,0,0,0,0,0,1,2,0,0,0,0,1,0,1,0,1,0,2,1,0,0,2,0,0,0,2,0,1,4,0,0,0,2,2,0,0,0,0,1,1,0,0,16,0,1,2,1,0,0,0,0,0,0,2,0,0,2,0,0,0,1,1,0,2,0,1,4,0,0,0,0,0,16,0,0,1,1,0,0,0,2,0,0,0,0,0,0,0,0,2,0,4,2,0,0,6,4,0,0,0,0,2,0,0,2,0,2,0,0,0,0,0,18
305,0,0,0,0,0,0,2,4,0,0,0,3,0,0,0,0,0,0,0,0,0,0,0,2,0,0,0,0,0,2,0,0,0,0,2,0,0,0,0,2,0,0,0,16,0,0,0,0,0,0,0,0,0,0,2,0,0,4,0,2,0,0,2,0,0,0,0,0,6,0,0,0,0,16,0,0,1,0,0,0,0,0,0,0,0,0,0,0,0,0,0,0,0,0,0,0,0,6,0,0,0,0,0,0,0,0,4,0,0,0,0,0,0,26
306,1,0,0,0,0,0,2,4,0,0,0,6,1,2,1,2,1,0,0,1,0,0,0,0,0,0,2,2,1,4,0,0,0,0,2,0,0,0,0,2,1,2,0,24,0,1,2,1,0,2,0,0,0,0,2,0,0,2,0,0,0,1,1,0,2,0,1,4,0,0,0,0,0,24,0,12,1,1,0,0,0,2,12,0,2,0,0,0,0,5,2,0,4,2,0,0,4,4,0,0,0,0,2,0,0,0,0,0,0,0,0,0,0,28
307,1,0,0,0,0,0,2,4,0,0,0,4,1,2,1,2,1,0,0,1,0,0,0,0,0,0,2,2,1,4,0,0,0,0,2,0,0,0,0,2,1,2,0,20,0,1,2,1,0,2,0,0,0,0,2,0,0,2,0,0,0,1,1,0,2,0,1,4,0,0,0,0,0,22,0,12,1,1,0,0,0,2,12,0,2,0,0,0,0,5,2,0,4,2,0,0,4,4,0,0,0,0,2,0,0,0,0,0,0,0,0,0,0,24
308,1,0,0,0,0,0,2,4,0,0,0,2,1,2,1,2,1,0,0,1,0,0,0,0,0,0,2,2,1,4,0,0,0,0,2,0,0,0,0,2,1,2,0,18,0,1,2,1,0,2,0,0,0,0,2,0,0,2,0,0,0,1,1,0,2,0,1,4,0,0,0,0,0,22,0,12,1,1,0,0,0,2,12,0,2,0,0,0,0,5,2,0,4,2,0,0,4,4,0,0,0,0,2,0,0,0,0,0,0,0,0,0,0,22
309,0,0,0,0,0,0,4,6,0,0,0,0,1,0,1,2,1,0,0,1,0,0,0,0,0,0,2,0,1,6,0,0,0,0,2,0,0,0,0,4,1,0,0,20,0,1,2,1,0,0,0,0,0,0,2,0,0,8,0,0,0,1,1,0,4,0,1,4,2,0,0,0,0,24,2,0,1,1,0,0,0,2,0,0,0,0,0,0,0,1,2,0,4,2,2,0,4,8,0,0,0,0,2,4,0,0,0,0,0,0,0,2,0,28
310,1,0,0,0,0,0,2,4,0,0,0,2,1,2,1,2,1,0,0,1,0,0,0,0,0,0,2,2,1,4,0,0,0,0,2,0,0,0,0,2,1,2,0,18,0,1,2,1,0,2,0,0,0,0,2,0,0,2,0,0,0,1,1,0,2,0,1,4,1,0,0,0,0,22,0,12,1,1,0,0,0,2,12,0,2,0,0,0,0,5,2,0,4,2,0,0,4,4,0,0,0,0,2,0,0,0,0,0,0,0,0,0,0,23
311,0,0,0,0,0,0,1,2,0,0,0,0,0,0,0,0,1,0,0,0,0,0,0,0,0,0,0,0,0,0,0,0,0,0,2,0,0,0,0,1,0,0,0,8,0,1,0,0,0,0,0,0,0,0,2,0,0,2,0,0,0,0,1,0,0,0,0,0,0,0,0,0,0,12,0,0,1,0,0,0,0,0,0,0,0,0,0,0,0,0,2,0,4,0,0,0,4,4,0,0,0,0,2,0,0,0,0,0,0,0,0,0,0,10
312,0,0,0,0,0,1,2,0,0,0,0,0,0,0,0,0,0,0,4,0,0,0,1,0,0,0,0,0,0,1,0,0,0,1,2,0,0,0,0,2,0,0,0,18,0,0,0,0,0,0,0,0,0,0,2,0,0,4,0,0,0,0,1,0,0,0,0,0,2,0,0,0,0,11,0,0,1,0,0,0,0,0,0,0,0,1,0,0,0,0,0,0,1,0,0,0,2,8,0,0,0,0,0,0,1,0,2,2,0,1,1,0,0,20
313,0,0,0,0,0,0,1,2,0,0,0,2,1,0,1,0,1,0,0,1,0,0,0,0,0,0,2,0,1,4,0,0,0,0,2,0,0,0,0,1,1,0,0,12,0,1,2,1,0,0,0,0,0,0,2,0,0,2,0,0,0,1,1,0,2,0,1,4,0,0,0,0,0,14,0,0,1,1,0,0,0,2,0,0,0,0,0,0,0,0,2,0,4,2,0,0,4,4,0,0,0,0,2,0,0,0,0,0,0,0,0,0,0,14
314,0,0,0,0,0,0,3,2,0,0,0,0,1,0,1,2,1,0,0,1,0,0,0,0,0,0,2,0,1,4,0,0,0,0,2,0,0,0,0,3,1,4,0,20,0,1,2,1,0,0,0,0,0,0,2,0,0,6,0,0,0,1,1,0,2,0,1,4,0,0,0,0,0,18,0,0,1,1,0,0,0,2,0,0,0,0,0,0,0,1,2,0,4,2,2,0,4,10,0,0,0,0,2,2,0,0,0,0,0,0,0,0,0,22
315,0,0,0,1,0,1,2,0,0,0,0,0,0,0,0,0,0,0,0,0,0,0,0,0,0,0,0,0,0,1,0,0,0,0,2,0,0,2,0,2,0,0,0,18,0,0,0,0,0,0,0,0,0,0,2,0,0,4,0,0,0,0,1,0,0,0,0,0,2,0,0,0,0,11,0,0,1,0,0,0,0,0,0,0,0,1,0,0,0,0,0,0,1,0,0,0,3,8,0,0,0,0,0,0,1,0,2,0,0,1,1,0,0,20
316,1,2,0,0,1,0,0,6,0,0,1,0,0,1,0,4,0,0,0,0,1,1,0,1,0,4,0,3,0,4,0,1,1,0,1,0,0,0,0,0,2,1,0,6,2,0,4,0,0,1,1,1,0,1,2,0,0,0,0,1,0,0,1,0,2,1,0,4,3,2,0,2,0,19,0,9,1,2,1,1,0,2,9,1,0,0,0,0,0,5,0,0,4,2,0,1,4,0,1,0,0,0,2,8,0,0,2,0,0,0,0,0,0,15
317,1,2,0,0,1,0,0,6,0,0,1,0,0,1,0,1,0,0,0,0,1,1,0,0,0,4,0,2,0,4,0,1,1,0,1,0,0,0,0,0,2,1,0,4,2,0,4,0,0,1,1,1,0,1,2,0,0,0,0,0,0,0,1,0,2,1,0,4,0,2,0,2,0,18,0,6,1,2,1,1,0,2,6,1,0,0,0,0,1,3,0,0,4,2,0,1,4,0,1,0,0,0,2,8,0,0,0,0,0,0,0,0,2,10
318,1,2,0,0,1,0,0,2,0,0,1,0,0,1,0,1,0,0,0,0,1,1,0,0,0,0,0,2,0,4,0,1,1,0,1,0,0,0,0,0,2,1,0,4,2,0,4,0,0,1,1,1,0,1,2,0,0,0,0,0,0,0,1,0,2,1,0,4,0,2,0,2,0,16,0,6,1,2,1,1,0,2,6,1,0,0,0,0,0,3,0,0,4,2,0,1,4,0,1,0,0,0,2,4,0,0,0,0,0,0,0,4,0,6
319,1,2,0,0,1,0,0,8,0,0,1,2,0,1,0,1,0,0,0,0,1,1,0,0,0,0,0,2,0,6,0,1,1,0,1,0,0,0,0,0,2,1,0,4,2,0,4,0,0,1,1,1,0,1,2,0,0,0,0,0,0,0,1,0,2,1,0,4,0,2,0,2,0,22,6,6,1,2,1,1,0,2,6,1,0,0,0,0,0,3,0,0,4,2,0,1,4,0,1,0,0,0,2,6,0,0,0,0,0,0,0,6,0,12
320,1,2,0,0,1,0,0,6,0,0,1,2,0,1,0,1,0,0,0,0,1,1,0,0,0,2,0,2,0,4,0,1,1,0,1,0,0,0,0,0,2,1,0,4,2,0,4,0,0,1,1,1,0,1,2,0,0,0,0,0,0,0,1,0,2,1,0,4,0,2,0,2,0,18,2,6,1,2,1,1,0,2,6,1,0,0,0,0,0,3,0,0,4,2,0,1,4,0,1,0,0,0,2,6,0,0,0,0,0,0,0,2,0,10
321,1,2,0,0,1,0,0,6,0,0,1,2,0,1,0,1,0,0,0,0,1,1,0,0,0,0,0,2,0,4,0,1,1,0,1,0,0,0,0,0,2,1,0,4,2,0,4,0,0,1,1,1,0,1,2,0,0,0,0,0,0,0,1,0,2,1,0,4,0,2,0,2,0,18,4,6,1,2,1,1,0,2,6,1,0,0,0,0,0,3,0,0,4,2,0,1,4,0,1,0,0,0,2,4,0,0,0,0,0,0,0,4,0,10
322,1,2,0,0,1,0,0,4,0,0,1,0,0,1,0,1,0,0,0,0,1,1,0,0,0,0,0,2,0,6,0,1,1,0,1,0,0,0,0,0,2,1,0,8,2,0,4,0,0,1,1,1,0,1,2,0,0,0,0,0,0,0,1,0,2,1,0,4,4,2,0,2,0,20,2,6,1,2,1,1,0,2,6,1,0,0,0,0,0,3,0,0,4,2,0,1,4,0,1,0,0,0,2,2,0,0,4,0,0,0,0,2,0,16
323,1,2,0,0,1,0,0,6,0,0,1,0,0,1,0,4,0,0,0,0,1,1,0,1,0,2,0,3,0,4,0,1,1,0,1,0,0,0,0,0,2,1,0,6,2,0,4,0,0,1,1,1,0,1,2,0,0,0,0,1,0,0,1,0,2,1,0,4,3,2,0,2,0,19,2,9,1,2,1,1,0,2,9,1,0,0,0,0,0,5,0,0,4,2,0,1,4,0,1,0,0,0,2,6,0,0,2,0,0,0,0,2,0,15
324,1,2,0,0,1,0,0,6,0,0,1,0,0,1,0,4,0,0,0,0,1,1,0,1,0,0,0,3,0,4,0,1,1,0,1,0,0,0,0,0,2,1,0,6,2,0,4,0,0,1,1,1,0,1,2,0,0,0,0,1,0,0,1,0,2,1,0,4,3,2,0,2,0,19,4,9,1,2,1,1,0,2,9,1,0,0,0,0,0,5,0,0,4,2,0,1,4,0,1,0,0,0,2,4,0,0,2,0,0,0,0,4,0,15
325,1,2,0,0,1,0,0,3,0,0,1,0,0,1,0,1,0,0,0,0,1,1,0,0,0,0,0,2,0,4,0,1,1,0,1,0,0,0,0,0,2,1,0,4,2,0,4,0,0,1,1,1,0,1,2,0,0,0,0,0,0,0,1,0,2,1,0,4,0,2,0,2,0,15,2,6,1,2,1,1,0,2,6,1,0,0,0,0,0,3,0,0,4,2,0,1,4,0,1,0,0,0,2,3,0,0,0,0,0,0,0,3,0,7
326,1,2,0,0,1,0,0,6,0,0,1,0,0,1,0,1,0,0,0,0,1,1,0,0,0,2,0,2,0,6,0,1,1,0,1,0,0,0,0,0,2,1,0,8,2,0,4,0,0,1,1,1,0,1,2,0,0,0,0,0,0,0,1,0,2,1,0,4,4,2,0,2,0,22,2,6,1,2,1,1,0,2,6,1,0,2,0,0,0,3,0,0,4,2,0,1,4,0,1,0,0,0,2,6,1,0,4,0,0,2,2,2,0,18
327,1,2,0,0,1,0,0,6,0,0,1,0,0,1,0,1,0,0,0,0,1,1,0,0,0,0,0,2,0,6,0,1,1,0,1,0,0,0,0,0,2,1,0,8,2,0,4,0,0,1,1,1,0,1,2,0,0,0,0,0,0,0,1,0,2,1,0,4,4,2,0,2,0,22,4,6,1,2,1,1,0,2,6,1,0,2,0,0,0,3,0,0,4,2,0,1,4,0,1,0,0,0,2,4,1,0,4,0,0,2,2,4,0,18
328,1,2,0,0,1,0,0,6,0,0,1,0,0,1,0,1,0,0,0,0,1,1,0,0,0,2,0,2,0,4,0,1,1,0,1,0,0,0,0,0,2,1,0,4,2,0,4,0,0,1,1,1,0,1,2,0,0,0,0,0,0,0,1,0,2,1,0,4,0,2,0,2,0,18,2,6,1,2,1,1,0,2,6,1,0,0,0,0,1,3,0,0,4,2,0,1,4,0,1,0,0,0,2,6,0,0,0,0,0,0,0,2,2,10
329,1,2,0,0,1,0,0,6,0,0,1,0,0,1,0,1,0,0,0,0,1,1,0,0,0,0,0,2,0,4,0,1,1,0,1,0,0,0,0,0,2,1,0,4,2,0,4,0,0,1,1,1,0,1,2,0,0,0,0,0,0,0,1,0,2,1,0,4,0,2,0,2,0,18,4,6,1,2,1,1,0,2,6,1,0,0,0,0,1,3,0,0,4,2,0,1,4,0,1,0,0,0,2,4,0,0,0,0,0,0,0,4,2,10
330,1,2,0,0,1,0,0,6,0,0,1,0,0,1,0,1,0,0,0,0,1,1,0,0,0,0,0,2,0,4,0,1,1,0,1,0,0,0,0,0,2,1,0,4,2,0,4,0,0,1,1,1,0,1,2,0,0,0,0,0,0,0,1,0,2,1,0,4,0,2,0,2,0,18,0,6,1,2,1,1,0,2,6,1,0,0,0,0,5,3,0,4,4,2,0,1,4,0,1,0,0,0,2,4,0,0,0,0,0,0,0,0,2,10
331,1,0,0,0,1,0,0,4,0,0,1,0,0,1,0,3,0,0,2,0,1,1,2,0,0,0,0,4,0,4,0,1,1,2,1,0,0,0,0,0,2,5,0,16,2,0,4,0,0,1,1,1,0,1,2,0,0,0,0,0,0,0,1,0,2,1,0,4,0,0,0,0,0,20,2,12,1,2,1,1,0,2,12,1,0,0,0,0,0,6,0,0,4,2,0,1,6,0,1,0,0,0,2,2,0,2,0,2,0,0,0,2,0,20
332,1,0,0,0,1,0,2,4,0,0,1,0,0,1,0,3,0,0,2,0,1,1,2,0,0,0,0,4,0,4,0,1,1,2,1,0,0,0,0,0,2,5,0,16,2,0,4,0,0,1,1,1,0,1,2,0,0,2,0,0,0,0,1,0,2,1,0,4,0,0,0,0,0,20,2,12,1,2,1,1,0,2,12,1,0,0,0,0,0,6,0,0,4,2,0,1,6,4,1,0,0,0,2,2,0,0,0,2,0,0,0,2,0,20
333,1,0,0,0,1,0,0,4,0,0,1,2,0,1,0,1,0,0,0,0,1,1,0,0,0,0,0,2,0,4,0,1,1,0,1,0,0,0,0,0,2,1,0,8,2,0,4,0,0,1,1,1,0,1,2,0,0,0,0,0,0,0,1,0,2,1,0,4,0,0,0,0,0,16,2,6,1,2,1,1,0,2,6,1,0,0,0,0,0,3,0,0,4,2,0,1,4,0,1,0,0,0,2,2,0,0,0,0,0,0,0,2,0,12
334,1,0,0,0,1,0,0,4,0,0,1,0,0,1,0,3,0,0,2,0,1,1,2,0,0,0,0,4,0,4,0,1,1,2,1,0,0,0,0,0,2,5,0,16,2,0,4,0,0,1,1,1,0,1,2,0,0,0,0,0,0,0,1,0,2,1,0,4,0,0,0,0,0,20,2,12,1,2,1,1,0,2,12,1,0,0,0,0,0,6,0,0,4,2,0,1,6,0,1,0,0,0,2,2,0,2,0,2,0,0,0,2,0,20
335,1,0,0,0,1,0,0,2,0,0,1,0,0,1,2,3,0,0,4,2,1,1,2,0,0,0,0,4,0,4,0,1,1,2,1,0,0,0,0,0,2,5,0,20,2,2,4,0,0,1,1,1,0,1,2,0,0,0,0,0,0,0,1,0,2,1,2,4,0,0,0,0,0,18,0,12,1,2,1,1,0,2,12,1,0,0,0,0,0,6,4,0,4,2,0,1,6,0,1,0,0,0,2,0,0,2,0,2,0,0,0,0,0,22
336,1,0,0,0,1,0,0,2,0,0,1,0,0,1,2,3,0,0,0,2,1,1,0,0,0,0,0,2,0,4,0,1,1,0,1,0,0,0,0,0,2,5,0,12,2,2,4,0,0,1,1,1,0,1,2,0,0,0,0,0,0,0,1,0,2,1,2,4,0,0,0,0,0,14,0,6,1,2,1,1,0,2,6,1,0,0,0,0,0,4,4,0,4,2,2,1,4,0,1,0,0,0,2,2,0,0,0,0,0,0,0,0,0,14
337,1,0,0,0,1,0,0,2,0,0,1,0,0,1,2,4,0,0,0,2,1,1,0,1,0,0,0,3,0,4,0,1,1,0,1,0,0,0,0,0,2,5,0,14,2,2,4,0,0,1,1,1,0,1,2,0,0,0,0,1,0,0,1,0,2,1,2,4,3,0,0,0,0,15,0,9,1,2,1,1,0,2,9,1,0,0,0,0,0,5,4,0,4,2,0,1,4,0,1,0,0,0,2,0,0,0,2,0,0,0,0,0,0,19
338,1,0,0,0,1,0,0,4,0,0,1,0,0,1,0,1,0,0,0,0,1,1,0,0,0,2,0,2,0,6,0,1,1,0,1,0,0,0,0,0,2,1,0,12,2,0,4,0,0,1,1,1,0,1,2,0,0,0,0,0,0,0,1,0,2,1,0,4,4,0,0,0,0,20,0,6,1,2,1,1,0,2,6,1,0,2,0,0,0,3,0,0,4,2,0,1,4,0,1,0,0,0,2,4,1,0,4,0,0,2,2,0,0,20
339,1,0,0,0,1,0,0,4,0,0,1,0,0,1,0,1,0,0,0,0,1,1,0,0,0,0,0,2,0,6,0,1,1,0,1,0,0,0,0,0,2,1,0,12,2,0,4,0,0,1,1,1,0,1,2,0,0,0,0,0,0,0,1,0,2,1,0,4,4,0,0,0,0,20,0,6,1,2,1,1,0,2,8,1,0,2,0,0,0,3,0,0,4,2,0,1,4,0,1,0,0,0,2,0,1,0,4,0,0,2,2,0,0,20
340,1,0,0,0,1,0,0,2,0,0,1,0,0,1,2,1,0,0,0,2,1,1,0,0,0,0,0,2,0,6,0,1,1,0,1,0,0,0,0,0,2,1,0,16,2,2,4,0,0,1,1,1,0,1,2,0,0,0,0,0,0,0,1,0,2,1,2,4,4,0,0,0,0,18,0,6,1,2,1,1,0,2,6,1,0,2,0,0,0,3,4,0,4,2,0,1,4,0,1,0,0,0,2,0,1,0,4,0,0,2,2,0,0,22
341,1,0,0,0,1,0,0,4,0,0,1,0,0,1,0,1,0,0,0,0,1,1,0,0,0,0,0,2,0,4,0,1,1,0,1,0,0,0,0,0,2,1,0,8,2,0,4,0,0,1,1,1,0,1,2,0,0,0,0,0,0,0,1,0,2,1,0,4,0,0,0,0,0,16,0,6,1,2,1,1,0,2,6,1,0,0,0,0,1,5,0,0,4,2,6,1,4,0,1,0,0,0,2,6,0,0,0,0,0,0,0,0,2,12
342,1,0,0,0,1,0,0,4,0,0,1,0,0,1,0,1,0,0,0,0,1,1,0,0,0,2,0,2,0,4,0,1,1,0,1,0,0,0,0,0,2,1,0,8,2,0,4,0,0,1,1,1,0,1,2,0,0,0,0,0,0,0,1,0,2,1,0,4,0,0,0,0,0,16,0,6,1,2,1,1,0,2,6,1,0,0,0,0,1,3,0,0,4,2,0,1,4,0,1,0,0,0,2,4,0,0,0,0,0,0,0,0,2,12
343,1,0,0,0,1,0,0,4,0,0,1,0,0,1,0,1,0,0,0,0,1,1,0,0,0,0,0,2,0,4,0,1,1,0,1,0,0,0,0,0,2,1,0,8,2,0,4,0,0,1,1,1,0,1,2,0,0,0,0,0,0,0,1,0,2,1,0,4,0,0,0,0,0,16,0,12,1,2,1,1,0,2,12,1,0,0,0,0,1,5,0,0,4,2,0,1,4,0,1,0,0,0,2,0,0,0,0,0,0,0,0,0,2,12
344,1,0,0,0,1,0,0,2,0,0,1,0,0,1,2,1,0,0,0,2,1,1,0,0,0,0,0,2,0,4,0,1,1,0,1,0,0,0,0,0,2,1,0,12,2,2,4,0,0,1,1,1,0,1,2,0,0,0,0,0,0,0,1,0,2,1,2,4,0,0,0,0,0,14,0,6,1,2,1,1,0,2,6,1,0,0,0,0,1,3,4,0,4,2,0,1,4,0,1,0,0,0,2,0,0,0,0,0,0,0,0,0,2,14
345,1,0,0,1,1,0,0,2,0,0,1,0,0,1,2,1,0,0,0,2,1,1,0,0,0,0,0,2,0,4,0,1,1,0,1,0,0,2,0,0,2,1,0,12,2,2,4,0,0,1,1,1,0,1,2,0,0,0,0,0,0,0,1,0,2,1,2,4,0,0,0,0,0,14,0,6,1,2,1,1,0,2,6,1,0,0,0,0,0,3,4,0,4,2,0,1,6,0,1,0,0,0,2,0,0,0,0,0,0,0,0,0,0,14
346,1,0,0,0,1,0,0,4,0,0,1,0,0,1,2,3,0,0,0,2,1,1,2,0,0,0,0,4,0,4,0,1,1,2,1,0,0,0,0,0,2,5,0,16,2,2,4,0,0,1,1,1,0,1,2,0,0,0,0,0,0,0,1,0,2,1,2,4,2,0,0,0,0,18,0,12,1,2,1,1,0,2,12,1,0,0,2,0,0,6,0,0,4,2,0,1,6,0,1,0,0,0,2,0,0,2,0,2,0,0,0,0,0,22
347,1,0,0,1,1,0,0,4,0,0,1,0,0,1,2,1,0,0,0,2,1,1,0,0,0,0,0,2,0,4,0,1,1,0,1,0,0,2,0,0,2,1,0,8,2,2,4,0,0,1,1,1,0,1,2,0,0,0,0,0,0,0,1,0,2,1,2,4,2,0,0,0,0,14,0,6,1,2,1,1,0,2,6,1,0,0,0,0,0,3,0,0,4,2,0,1,6,0,1,0,0,0,2,0,0,0,0,0,0,0,0,0,0,14
348,0,0,0,0,0,0,0,6,4,0,0,0,1,0,2,0,1,0,0,1,0,0,0,0,0,0,2,0,2,4,0,0,1,0,1,0,0,0,0,0,0,0,0,4,0,1,2,1,0,0,0,0,0,0,2,0,0,0,0,0,4,1,1,0,0,0,0,4,0,0,0,0,8,18,0,0,1,1,0,0,0,0,0,0,0,8,0,0,0,0,1,0,4,4,0,0,4,0,0,0,0,4,2,8,6,0,0,0,0,0,0,0,0,10
349,0,0,0,0,0,0,2,3,0,0,0,0,1,0,1,2,1,0,0,1,0,0,0,0,0,0,2,0,1,4,0,0,1,0,0,0,0,0,0,2,1,4,0,14,0,1,2,1,0,0,0,0,0,0,2,0,0,4,0,0,0,1,1,0,2,0,1,4,1,0,0,0,0,16,0,0,1,1,0,0,0,2,0,0,0,0,0,0,0,1,0,0,4,2,2,0,4,6,0,0,0,0,2,2,0,0,0,0,0,0,0,0,0,18
350,0,0,0,0,0,0,2,5,0,0,0,0,1,0,1,0,1,0,0,1,0,0,0,0,0,0,2,0,1,4,0,0,1,0,0,0,0,0,0,2,1,0,0,10,0,1,2,1,0,0,0,0,0,0,2,0,0,2,0,0,0,1,1,0,2,0,1,4,1,0,0,0,0,18,2,0,1,1,0,0,0,2,0,0,2,0,0,0,0,0,0,0,4,2,0,0,4,2,0,0,0,5,2,2,1,0,0,0,0,0,0,2,0,16
351,0,0,0,0,0,0,2,5,2,0,0,0,1,0,1,0,1,0,0,1,0,0,0,0,0,0,2,0,1,4,0,0,1,0,0,0,0,0,0,2,1,0,0,10,0,1,2,1,0,0,0,0,0,0,2,0,0,4,0,0,2,1,1,0,2,0,1,4,1,0,0,0,4,18,0,0,1,1,0,0,0,2,0,0,0,4,0,0,0,0,0,0,4,2,0,0,4,4,0,0,0,2,2,4,3,0,0,0,0,0,0,0,0,16
352,0,0,0,0,0,4,0,8,2,0,0,0,0,0,0,0,1,0,0,0,0,0,0,0,0,0,0,0,0,0,0,0,0,0,0,0,0,0,0,0,0,0,0,4,0,0,0,0,0,0,0,0,0,0,2,0,0,0,0,0,2,0,1,0,0,0,0,0,2,0,0,0,4,24,0,0,0,0,0,0,0,0,0,0,0,4,0,0,0,0,0,0,4,0,0,0,4,0,0,0,0,2,2,4,3,0,0,0,0,0,0,0,0,14
