1.686132654451755641e+00,1.890346956703635062e+00,1.531202636836006326e+00,1.099371052566575635e+00,2.248298355564255058e+00,1.473030306735162442e+00
2.993236911102874931e+00,3.383287167162564391e+00,2.871945711591637362e+00,2.345926699464035980e+00,3.464939329452912276e+00,2.592321193987927153e+00
1.856097840253110753e+00,2.062682662962046276e+00,1.328463019299990222e+00,7.736353431417755111e-01,1.955003096220045755e+00,9.208777729437369608e-01
-6.442923226182701857e-01,-7.679453332761427831e-01,-2.092622809350921820e+00,-2.906513100467798427e+00,-1.542439428876692276e+00,-2.993260581698353295e+00
1.024115770167500994e+00,1.125291037337356581e+00,2.814531027860283086e-01,-3.010515183893420765e-01,9.096871912094766088e-01,-1.541763776819235487e-01
1.343302323084839989e+00,1.505397443908062849e+00,6.294461081069293584e-01,1.809664816772102447e-02,1.348370847691152452e+00,1.336034698172915702e-01
1.965859996938524423e+00,2.187767916379188549e+00,1.523319545817006126e+00,1.031901352414688500e+00,2.155716135059894789e+00,1.216372330775857824e+00
1.750659268351186570e+00,1.903314101486568433e+00,1.421612369863546554e+00,1.095920519518378100e+00,2.066135208583303573e+00,1.158913382361115518e+00
-6.386870745204198396e-01,-7.609777665768411303e-01,-2.085392824661870037e+00,-2.898123844494594703e+00,-1.532941367027271795e+00,-2.984248580375782556e+00
2.045736709054284841e+00,2.282149714688181064e+00,1.636798891227106090e+00,1.136884271452869744e+00,2.284574645042426688e+00,1.352545981257005758e+00
5.992703474179790213e-01,5.394952130842889382e-01,-4.203893299599552602e-01,-1.048861790650809311e+00,1.665663079011068248e-01,-9.831930851081234213e-01
7.431574795670923272e-01,8.139151857934184831e-01,-1.490835137024564272e-01,-7.402976462940096258e-01,4.844315258674356528e-01,-6.507507899601641110e-01
1.645719560983166740e+00,1.820570108295417322e+00,1.030057874932161388e+00,4.480406451466215634e-01,1.656546571557786063e+00,5.692491102041147277e-01
5.566195261852470155e-01,6.328923429155428604e-01,-4.610592542306553021e-01,-1.186866372112033385e+00,1.305585429775486528e-01,-1.181804384741173664e+00
1.705943580141949578e+00,1.889986818406764524e+00,1.120578277862173122e+00,5.482805873183347334e-01,1.745302937753854478e+00,6.810628703979387799e-01
1.493119240700204076e+00,1.682125060106564707e+00,8.696747796970445421e-01,2.856868494665369962e-01,1.580068744873455389e+00,4.352484280400563121e-01
7.180582153712705695e-01,8.000365682226839859e-01,-2.833526685138654244e-01,-1.026307849525805338e+00,3.059909432667258233e-01,-1.013893099594593616e+00
2.064310129467868293e+00,2.125224869472657208e+00,1.090849454187864609e+00,3.398716395179696148e-01,1.538369673044239327e+00,1.057363726214602950e-01
2.932723707431265758e+00,3.275122651773886062e+00,2.861483994610549253e+00,2.486011368244331887e+00,3.551478216551766653e+00,2.788239312017021909e+00
1.220735206859738353e+00,1.314220269662303098e+00,3.775179982561802650e-01,-3.255690068661029057e-01,9.792439258987813977e-01,-2.780291273165596544e-01
1.661259075455840950e+00,1.830094733894928494e+00,1.032131834073953813e+00,4.428164714311512151e-01,1.643099413545832554e+00,5.534072592691643422e-01
1.126329484411215720e+00,1.304257835027545998e+00,4.603301875317274416e-01,-1.741769645593791993e-01,1.208789826571735393e+00,1.249794867020553868e-02
2.778130895567146652e+00,3.095311641355094956e+00,2.570480403723213847e+00,2.018541466642032489e+00,3.347267402300254879e+00,2.189455277045734949e+00
1.488536684389735187e+00,1.648414163418426170e+00,8.040503961400576882e-01,1.784374523861408934e-01,1.418084453926379940e+00,2.719355113779851063e-01
1.924589902089972382e+00,2.143977161441518842e+00,1.478107413551122740e+00,9.889815769748749874e-01,2.121393906863471290e+00,1.171510555531469100e+00
-1.443295251869527451e-01,-1.989760958332087437e-01,-1.416731643345638281e+00,-2.200833587231664890e+00,-8.369869934870033390e-01,-2.245786217917149941e+00
4.141370368216430897e+00,4.462455369561226348e+00,4.177209643506955672e+00,4.107226156956281571e+00,4.570604374209995768e+00,4.447366291396753546e+00
1.811001186114379546e+00,1.940195813398478686e+00,1.011582327644364288e+00,2.266337716789458834e-01,1.590119116265275245e+00,1.695092090266747953e-01
1.024124729153217839e+00,1.123100394615716091e+00,2.076745877741342783e-01,-4.180068205380886859e-01,8.374211831022038144e-01,-3.284701796937684048e-01
2.679220578220490978e+00,3.033049786336800224e+00,2.351262408024306527e+00,1.668548045906553146e+00,2.945741599077178030e+00,1.768555541250395935e+00
6.668468618116029090e-01,7.205846749591191536e-01,-2.816343148139159869e-01,-9.508521826871222382e-01,3.234214649238862371e-01,-9.007775571042484497e-01
6.181274152580051862e-01,7.087875487023341803e-01,-2.603633990031706258e-01,-9.037937165906150261e-01,4.942772591621027445e-01,-7.765323489235265164e-01
1.460611317871980175e+00,1.636436044636579323e+00,7.413144818594764596e-01,7.700378112645042683e-02,1.346020694216918834e+00,1.300089953196800485e-01
2.983685489970991256e+00,3.363815320345658666e+00,2.901189168871820101e+00,2.407865407091515753e+00,3.642878996454287588e+00,2.623800590510572572e+00
6.654148418439642665e-01,6.926505413400161348e-01,-2.864806856597810203e-01,-9.095578237374485342e-01,3.201211742966860729e-01,-8.405776449050017529e-01
2.462304581729298114e+00,2.783343797592002566e+00,2.243960712474262209e+00,1.708800361399531731e+00,3.058126737796752703e+00,1.940249741147652918e+00
-4.080557331651946118e-01,-4.923569354113168650e-01,-1.766417024285945603e+00,-2.562251975424188366e+00,-1.186754873056621751e+00,-2.622408635413104427e+00
6.922496854266037003e-01,7.488552761841182903e-01,-2.501448677489164218e-01,-9.190181035521204356e-01,3.544218985038858349e-01,-8.686189602842480095e-01
3.814972377735289299e+00,4.170381488786329527e+00,3.892566433202381049e+00,3.762377695690874102e+00,4.362452005774162700e+00,4.151032424863215553e+00
6.916659876390629513e-01,7.657220250782880155e-01,-1.540086303497746334e-01,-8.071144103403929959e-01,5.436589175925613526e-01,-6.778919250319075385e-01
1.945480972857249746e+00,2.236858059568799906e+00,1.609219921308286061e+00,1.062966094476193835e+00,2.657370669162500754e+00,1.366800478091283466e+00
1.366736264377024890e+00,1.474525963845453536e+00,5.447750574296505999e-01,-1.106441711308572273e-01,1.161834557421817182e+00,-8.556683738764897518e-02
2.097654746029756101e+00,2.350012676271842516e+00,1.719354834477045069e+00,1.246141481776480653e+00,2.390746414264488973e+00,1.469814961185379909e+00
1.470587349302904245e+00,1.610564027950109667e+00,7.700176519984816004e-01,1.626126997836821186e-01,1.380002326939629764e+00,2.583379815375074773e-01
1.746561817838341746e+00,1.987854834913104440e+00,1.654279710576440188e+00,1.259991494995938321e+00,2.378295713184157556e+00,1.654578170622544420e+00
6.298490974269659315e-01,8.343039437329454744e-01,-2.604729577963977860e-01,-9.783077335519042572e-01,3.516946154831681604e-01,-9.258033714614910537e-01
3.440252679420582549e+00,3.806664541956167991e+00,3.541209347897778414e+00,3.356861010033810988e+00,4.079236056435351365e+00,3.738574038952701795e+00
2.983944559687807363e+00,3.326764882738913798e+00,3.000714518621668603e+00,2.706290076904887432e+00,3.596531079400613784e+00,3.120558475260484244e+00
-6.320704777978554123e-01,-7.524430288818870771e-01,-2.074568962521803783e+00,-2.888453079380248756e+00,-1.520525022418597327e+00,-2.972906628505164850e+00
1.363316619416656383e+00,1.490584312337132067e+00,6.235672585765060782e-01,5.993995498410759071e-03,1.235188724302696661e+00,9.474905970648994646e-02
1.627211715870073405e+00,1.783901710257943307e+00,7.471667149013243581e-01,3.671469029813911877e-03,1.420104478129985637e+00,-8.619069648215987867e-02
3.000978645016278090e+00,3.408830546572214626e+00,2.863836982471100967e+00,2.253702870871983510e+00,3.599254431465525705e+00,2.399746084381682465e+00
1.175570610453065434e+00,1.302020746418942609e+00,4.820328126847311934e-01,-5.795364708599126669e-02,1.142035432061847988e+00,1.019873098026425062e-01
8.925553695351984285e-01,1.192225640214164883e+00,7.952895198440634861e-02,-6.184931443053970357e-01,6.899103486515983930e-01,-6.583541879622041293e-01
1.515294317263579993e+00,1.701739720457728477e+00,7.822641965706069733e-01,1.588767462196397640e-01,1.415911466131982710e+00,2.165886483985628164e-01
8.341871777550350364e-01,8.880862550207759831e-01,-1.407306104828571769e-01,-8.286220233146216474e-01,5.031234690823763733e-01,-7.754140178251900384e-01
1.940670036224823036e+00,2.143274979813914793e+00,1.418541440473176429e+00,8.670098580438111435e-01,2.027540146844585500e+00,1.007027413397246107e+00
6.654148418439642665e-01,6.926505413400161348e-01,-2.864806856597810203e-01,-9.095578237374485342e-01,3.201211742966860729e-01,-8.405776449050017529e-01
1.597073386728961930e+00,1.672658861540524011e+00,7.138064108633881411e-01,1.656661018447114220e-02,1.338548129629456129e+00,-1.207792999825896274e-02
2.594891825671026275e+00,2.895910584900109441e+00,2.422026700067943850e+00,2.064337344773156335e+00,3.044324056606046547e+00,2.354324449682154263e+00
3.002671512089900574e+00,3.378955314954932732e+00,2.890464837620659644e+00,2.329345686614224142e+00,3.463118997775542329e+00,2.503905225496887876e+00
9.774855737636175546e-01,1.006266639868937940e+00,-3.610722258157561537e-02,-7.001880533560276287e-01,6.778452700230594985e-01,-6.212003550997953205e-01
2.180168410920481747e+00,2.472899141279494728e+00,1.860319532120808805e+00,1.306042521151466573e+00,2.667780609521648749e+00,1.574768221334327034e+00
2.036234005452331353e+00,2.131441946307779833e+00,1.192540118816894923e+00,4.486657754962707356e-01,1.867347909389777572e+00,2.599133252125060967e-01
3.367997041891419130e+00,3.768319325656067864e+00,3.348711227607872765e+00,2.808529205605682311e+00,4.042918530104612884e+00,3.012632725306537029e+00
1.513123241684121822e+00,1.697064549479685880e+00,9.037818495852705247e-01,3.694093157247758663e-01,1.600295263674351265e+00,5.348731211132059515e-01
1.739349277888209144e-01,1.058116807781144253e-01,-8.333288267261123039e-01,-1.520666896110836941e+00,-3.782539330100054276e-01,-1.451215250428123049e+00
5.183285208708133807e-01,5.631254304366291041e-01,-4.377372054946655489e-01,-1.075928065961822444e+00,2.104532798629330514e-01,-9.897381018693145460e-01
8.677531404088223432e-02,-1.022412482949093260e-01,-8.650591213891951625e-01,-1.623036958236416361e+00,-6.910139734350169149e-01,-1.544952738599191688e+00
7.598304977487271294e-01,8.229258664861548445e-01,-1.747860859686223289e-01,-8.143079695797089679e-01,5.203358379590169447e-01,-7.166472735124131965e-01
2.142615535031783924e+00,2.389111495316655898e+00,1.723195694340750705e+00,1.194204295684483608e+00,2.374887912111972366e+00,1.367333888492250793e+00
2.280052885236722560e+00,2.467384737080649870e+00,1.777538328043370974e+00,1.168759459656711019e+00,2.556530341747141666e+00,1.262686079190706856e+00
9.212086044457056255e-01,9.892263312104003781e-01,8.482613398424665441e-02,-5.924947791911980843e-01,7.109344805690062108e-01,-5.031694909241581914e-01
1.497213130275826920e+00,1.648544652533985744e+00,9.124993484049861436e-01,3.170200506259128748e-01,1.676011083902976040e+00,4.915746937125321514e-01
1.295115869494060989e+00,1.464507850964384961e+00,6.398304739423178455e-01,5.916358945389491031e-02,1.329484441424942265e+00,2.343945731573813807e-01
5.064357835269168717e-01,5.057033201549563373e-01,-5.111350912077348152e-01,-1.173033933765119663e+00,8.178381782284427359e-02,-1.128388005978628872e+00
2.938057135084772842e-01,2.997656130866301893e-01,-8.047640626220817772e-01,-1.523421761783704032e+00,-2.102654861937864883e-01,-1.517103422411285818e+00
1.409065009396357926e+00,1.586460740532309233e+00,6.625449228130193546e-01,2.089869080716100225e-02,1.280369703907749068e+00,8.208949234061685418e-02
8.537761765544494841e-01,9.060098450342400911e-01,-3.939710486576841753e-02,-6.531668267751665757e-01,5.681253211280072879e-01,-5.755265989064457521e-01
1.627405757266528363e+00,1.796378157568366607e+00,9.823767715809794687e-01,3.876947026389313544e-01,1.616902077850779662e+00,4.936402874619765235e-01
2.419227380220542400e+00,2.695344251019606840e+00,2.280804783549253756e+00,1.868885654451841738e+00,2.923109220691378241e+00,2.152971104613498277e+00
3.933319977348580743e+00,4.280439523975912763e+00,4.020901819067253413e+00,3.913666333030240807e+00,4.490348620175335981e+00,4.300604350685413024e+00
3.560523458558713550e+00,3.934348024990547810e+00,3.692386875578199223e+00,3.533427397739858922e+00,4.203766549685552079e+00,3.936850277125829578e+00
2.137938921210988941e-01,2.145319439328972067e-01,-9.077109329664327930e-01,-1.630396604178011355e+00,-3.117123535529078282e-01,-1.628750520072546282e+00
9.038261952883831496e-01,9.701037430824319685e-01,1.791561802158747607e-02,-6.386023046394733171e-01,6.101875205425113524e-01,-5.776478079676758970e-01
1.682402325646376706e+00,1.933192836957516869e+00,1.397545594924192613e+00,8.873396637919540586e-01,2.204518613726644816e+00,1.091169148890005713e+00
1.067585344027360383e+00,1.156499757711248799e+00,1.697181147674926560e-01,-5.319304191631057943e-01,7.607804817913467188e-01,-5.148798953931839062e-01
1.467752767276177428e+00,1.694084474276349894e+00,1.048735828857234598e+00,5.258997588639201526e-01,1.824938831131681649e+00,8.396998099775654367e-01
1.642526131331640382e+00,1.823776978254346259e+00,1.077967164769931596e+00,5.169663734829557100e-01,1.793389762410012134e+00,7.085609086343205298e-01
3.352550046683413498e-01,3.457421470130135344e-01,-7.439739450324449610e-01,-1.456041010107739453e+00,-1.452491582999382302e-01,-1.443133416549499337e+00
5.630921120552304648e-01,6.091967477232673733e-01,-4.282517022854710476e-01,-1.062756206010769588e+00,1.797503153169575096e-01,-1.017080228792903052e+00
1.478279286580354901e+00,1.658281842193944033e+00,8.908514912569973632e-01,3.853873345968648056e-01,1.563437910898326511e+00,5.550077597151343856e-01
1.963602168584725582e+00,2.061807570257442102e+00,9.887921759669814348e-01,2.316661637903157933e-01,1.600080862209507071e+00,2.474125470247251490e-02
1.052046351042702721e+00,1.162248679868201906e+00,3.212389702438375738e-01,-2.443809581052506230e-01,9.677430624308701601e-01,-9.427731459095045619e-02
1.480440978613282832e+00,1.601394999508326977e+00,5.688134244713112242e-01,-1.413270204145998243e-01,1.135258587415076903e+00,-2.295902366291099894e-01
7.828642206751798005e-01,8.263191170908159577e-01,-1.635327279838379999e-01,-8.234182584602552923e-01,4.165965631906938249e-01,-7.820808272852317611e-01
9.794452529192154699e-01,1.078238478337088413e+00,1.286456820798805856e-01,-5.226405825347774092e-01,7.646031973135177795e-01,-4.477388179564396054e-01
7.288667029594808611e-02,8.666076478868167676e-02,-1.058429989916199743e+00,-1.801048160364944195e+00,-3.793327447116898732e-01,-1.781224449283850486e+00
1.509185281355641672e+00,1.635808684739640917e+00,7.861392662594332004e-01,1.721867768723602254e-01,1.369537894720903815e+00,2.479405418074540068e-01
8.802426639901014260e-01,9.444368652861030444e-01,9.483193902547515375e-02,-5.468213102161192385e-01,6.811356052425064922e-01,-4.351136148455804764e-01
1.419731420076418615e+00,1.545343054723250509e+00,6.844909509754609767e-01,5.903085169495037032e-02,1.295534915179324731e+00,1.519194728475431189e-01
4.239659002117244224e-01,4.454931745390353637e-01,-6.405776700596601536e-01,-1.348843053549242832e+00,-6.761274605886380407e-02,-1.341586828704135703e+00
3.394726550702769963e+00,3.769293327969789331e+00,3.492045788705303799e+00,3.303626583733713318e+00,4.036352284186460082e+00,3.706719079780744774e+00
1.455490807775797313e+00,1.667154373597141692e+00,7.930691566529022296e-01,-1.191211782056428303e-02,1.646106821371103202e+00,1.177753970682306195e-01
5.866866131500234616e-01,6.376604665921544735e-01,-3.756030572339812412e-01,-1.049670039306486391e+00,2.664364966566781234e-01,-9.862031251971921098e-01
1.590744166175010132e+00,1.724553575200147071e+00,8.884102763025157889e-01,2.790474922645455602e-01,1.465483243969170069e+00,3.536825905171603890e-01
8.467164666626059155e-01,8.966855423263861979e-01,-6.564207349010986459e-02,-6.798379332045509926e-01,5.412681807068954187e-01,-6.133365991083719049e-01
7.459262376363062774e-01,8.084174140485087534e-01,-1.847907706062434929e-01,-8.538145975037633173e-01,4.575764780688712507e-01,-7.886687326637764617e-01
1.939951077976176608e+00,2.156200746534907786e+00,1.443145218026260945e+00,8.972583993026860272e-01,2.067473337307109915e+00,1.051962830173958530e+00
8.350397800086922784e-01,8.848760010439963297e-01,-6.179803156444718670e-02,-6.973110673092796086e-01,5.932484579791432733e-01,-6.135060308170090515e-01
2.106705443342196116e+00,2.351421121097992284e+00,1.624594651463976636e+00,1.075481899201454983e+00,2.257542933179134348e+00,1.212411847696722944e+00
1.743912614233123826e+00,1.925003829849467163e+00,1.138592104334662736e+00,5.512201535964327270e-01,1.767774803741070100e+00,6.581735566403921212e-01
3.013693488488680572e+00,3.369495343387443498e+00,2.889989423884096631e+00,2.335101470502331633e+00,3.592459056585829202e+00,2.498462170632322454e+00
2.088478712170118712e+00,2.327653175165846022e+00,1.649257342175040719e+00,1.117938640858568533e+00,2.289776665725584692e+00,1.289355661089735650e+00
-2.905480502277029142e-01,-3.552775517376500769e-01,-1.597539762851778677e+00,-2.373512105527893823e+00,-1.013097132532730260e+00,-2.418399873702276714e+00
4.926071190009360112e-01,4.973633094720588677e-01,-5.791467801313336938e-01,-1.251070127766886309e+00,-5.012219808141615829e-02,-1.255811701186246632e+00
1.817790522115902307e+00,2.007825677021966460e+00,1.251709926430208952e+00,6.849187944875958500e-01,1.866788268027274711e+00,8.137228385473456171e-01
1.220365026392200569e-02,-1.723617708694957784e-02,-1.185802948103892751e+00,-1.909159137311320809e+00,-5.922719908833342650e-01,-1.920721090228877603e+00
3.175406906694417941e+00,3.556035135937587022e+00,3.118626561816244980e+00,2.594401597719986352e+00,3.849997137187904706e+00,2.832274012411580166e+00
2.299914179685451199e+00,2.618398338780855372e+00,2.168903475333636699e+00,1.720870573373560308e+00,2.958933088088183005e+00,2.082530074077533655e+00
8.436601348828342006e-01,9.141250723995802963e-01,-4.161440678823868922e-02,-6.818418276862477923e-01,5.918674197982951579e-01,-6.063146406717323522e-01
5.292867559097768071e-01,5.578911618468851419e-01,-4.963786406399879336e-01,-1.164564121778964623e+00,8.184164548621564172e-02,-1.141632234866265971e+00
7.330032356466061882e-01,7.825318646113229581e-01,-1.927779419961384022e-01,-8.515400773861007133e-01,4.038828690902165341e-01,-7.911807756023720994e-01
3.205875406973615949e+00,3.617062208738569318e+00,3.104647610003913094e+00,2.501269563778423688e+00,3.815145904566457524e+00,2.672864296594081868e+00
9.214174781330634056e-01,9.837848200082046635e-01,4.815461485217420456e-02,-5.648194700915658562e-01,6.385020568718817735e-01,-4.918425558692492428e-01
9.418441473060923386e-01,1.034897951937984173e+00,7.525285042062157537e-02,-5.817063877836922137e-01,6.915620145888994319e-01,-5.174353754397904570e-01
2.235760431514664415e+00,2.412556911560613582e+00,1.681118811835078830e+00,1.056846409062886405e+00,2.419500067562105006e+00,1.092645707302424940e+00
1.175630534219450851e+00,1.344906883903061345e+00,4.115318929239681345e-01,-2.425041472646997653e-01,1.044104734971903703e+00,-1.680974113107836510e-01
2.975203177535428178e-01,3.347406853892997969e-01,-7.398144919598736990e-01,-1.438816731717558639e+00,-1.211881093175901647e-01,-1.395697648733548846e+00
2.279167950929002817e+00,2.535585785887819910e+00,1.901119025603068113e+00,1.358639319255822375e+00,2.562576908217648608e+00,1.548265153580877573e+00
2.913759309347316417e+00,3.303140543930386031e+00,2.752604805936663901e+00,2.152217690905819936e+00,3.484707155029714620e+00,2.279185564527122398e+00
3.318926319228090893e+00,3.701516222368168130e+00,3.433295034194932427e+00,3.208160643566430714e+00,4.002899265632395398e+00,3.629145011619833827e+00
1.249649085844501073e+00,1.373029394970156192e+00,6.453511269586493793e-01,7.309471266133882317e-02,1.301501873502349360e+00,2.956837855480329846e-01
1.445377988340523334e+00,1.630300335032583314e+00,8.072590262750231060e-01,2.213536872170167036e-01,1.524337134121169113e+00,3.697786399672147173e-01
2.438288890351271831e+00,2.696369701221510873e+00,2.122844096740784892e+00,1.620385908932679087e+00,2.754755812803626469e+00,1.824177333792768696e+00
2.746245633236207517e+00,3.114147284403940397e+00,2.628080921421326543e+00,2.127719523480682717e+00,3.397031329323827009e+00,2.335502425461526865e+00
2.762582392793210495e+00,3.141196106935232546e+00,2.681574700045882942e+00,2.158112360083652259e+00,3.484046461317252597e+00,2.368163551684044243e+00
3.485451862453889937e-01,3.522680619985196770e-01,-7.138535106681915821e-01,-1.457127124186889500e+00,-1.241864148334608231e-01,-1.439165366186160089e+00
-6.235635691652052781e-01,-7.421687896700470688e-01,-2.063020240228783386e+00,-2.875376354007013191e+00,-1.506485624777612387e+00,-2.958815454131150879e+00
2.579414555385647567e+00,2.904772791126316811e+00,2.347057999007226670e+00,1.807479816495775271e+00,3.163810744165515665e+00,1.998807219686258296e+00
3.019698276933237224e+00,3.372251377617700108e+00,3.038198539759195960e+00,2.744767598531326236e+00,3.640379480932955047e+00,3.137046791044717953e+00
2.019101549005823948e+00,2.247939779668457927e+00,1.556632514053744698e+00,1.019490689716377574e+00,2.191494386585818077e+00,1.184202816004962466e+00
1.790777435478728474e+00,1.957926230956235525e+00,1.385236414310587971e+00,9.453338129045864013e-01,2.023117278651845652e+00,1.104797205417281658e+00
5.443643639574615722e-01,7.760687898240997695e-01,-4.480483912084529674e-01,-1.183042204957966081e+00,1.713238853508769477e-01,-1.134301519025663119e+00
1.405473868287437034e+00,1.564129466438472615e+00,7.759127389606115255e-01,2.571221706374920424e-01,1.420250096003105256e+00,4.141857949960867091e-01
1.000899858751326477e+00,1.100349565157963561e+00,1.908678972877316804e-01,-4.398731575829171181e-01,8.201730865529784920e-01,-3.481808108595838003e-01
8.357019308765647470e-01,8.706820588023613805e-01,-9.009212537038713275e-02,-7.335623426956381365e-01,4.957208533244686910e-01,-6.772114067207928301e-01
5.751183997153086480e-02,3.645047716609961519e-02,-1.127093639104108869e+00,-1.864682622641143261e+00,-5.354305536607062432e-01,-1.880576691205285478e+00
2.626666156581831224e+00,2.948990604709869956e+00,2.592401118146795191e+00,2.178080237157027810e+00,3.318446881497616463e+00,2.595923948766266420e+00
3.534306099596141060e+00,3.912069296678332364e+00,3.650044135221540920e+00,3.494455443803930361e+00,4.193080188786000306e+00,3.879175388734795060e+00
3.663965925424735204e+00,4.007677034220913370e+00,3.724744714760437780e+00,3.579249821926697273e+00,4.187786946958052425e+00,3.968279192469183148e+00
3.785743131605676659e-01,3.905956186672825403e-01,-7.031535209411237108e-01,-1.414053704748621243e+00,-1.142467469239534239e-01,-1.408429636196813384e+00
1.411313244540652878e-01,1.282230611734294090e-01,-1.012336208531743997e+00,-1.744010903663143708e+00,-4.198152444876486200e-01,-1.750748123781709964e+00
7.087243813777788226e-02,4.705051667968906948e-02,-1.106099028956625041e+00,-1.823411607634038756e+00,-5.102243720153762929e-01,-1.829264741478122680e+00
3.275613719678307501e-01,3.744133636068589510e-01,-6.569977057693243694e-01,-1.347489199677319061e+00,5.162005650266077161e-02,-1.262630427141234524e+00
4.870930983504383471e-01,4.889779418445898695e-01,-6.000141287166882442e-01,-1.312780856404508700e+00,-4.498940115113359006e-02,-1.325056426690511158e+00
1.635727133364905939e+00,1.747109463004885122e+00,8.948747976811692872e-01,2.753719740230027857e-01,1.465887238852010777e+00,3.316379530508016815e-01
1.543471026972562443e+00,1.749741113491816380e+00,9.497319679996161224e-01,3.789039963657543364e-01,1.681199214127808927e+00,5.424774559443666933e-01
5.705233887697600537e-01,6.040660478655461851e-01,-3.934656756458154714e-01,-1.038130188271886301e+00,2.217616834414448679e-01,-9.704875184810062283e-01
1.748031156067256564e+00,1.956696039475834370e+00,1.143873740520052085e+00,5.531097028043086006e-01,1.778109598340895214e+00,6.636397768696893351e-01
2.980087372823603253e-02,-3.659848248714925312e-02,-1.057687673926587246e+00,-1.794289862080551856e+00,-5.534295329690746001e-01,-1.751878964722104470e+00
2.625841014128656781e+00,2.991892741281006796e+00,2.225464018193296756e+00,1.502106817706409192e+00,2.830215686739812497e+00,1.600282084605257449e+00
9.287172001334849103e-01,9.964112132843355729e-01,6.498660128224231780e-02,-5.480131984518185062e-01,6.613961327958647329e-01,-4.697470226523030035e-01
2.733515594704186480e+00,3.056071779858972270e+00,2.656666198701637782e+00,2.253592049640247730e+00,3.304359012197411793e+00,2.655563951715989468e+00
9.342458029232542094e-01,1.005738210968820212e+00,1.044347913838953312e-01,-5.237009516115074259e-01,7.231735565279734379e-01,-4.237579908886691116e-01
7.081340793039829773e-01,7.694289075719142890e-01,-2.473297638692011358e-01,-9.315998102439116968e-01,3.744579361616988677e-01,-8.867179202496742185e-01
6.468938161945186893e-01,7.050427869473619991e-01,-2.884393585749724931e-01,-9.279444665615975696e-01,3.211000561604189230e-01,-8.598258261026383575e-01
6.347211801055618885e-01,6.963205082295932380e-01,-2.991889008636146041e-01,-9.081859625678428971e-01,3.113716240703949811e-01,-8.359687146329544127e-01
4.068660105548419281e+00,4.395163829315915649e+00,4.119295845033413173e+00,4.036832174648584015e+00,4.523525915514174045e+00,4.398786074210089936e+00
1.532359965938201896e+00,1.624998610858943149e+00,5.993051557507380611e-01,-1.117772793574263734e-01,1.237996352726670413e+00,-1.954387971755057740e-01
2.456329681124223008e-01,2.457530333779189835e-01,-8.694770772756093002e-01,-1.590116708571161830e+00,-2.753038701207890515e-01,-1.587288924328963180e+00
2.557216799405566121e+00,3.089356459115482956e+00,2.098346552144914501e+00,1.300115913242750665e+00,2.906851781291982295e+00,1.371883200018180204e+00
2.704544180930493091e+00,2.992874208904050093e+00,2.638750720037679187e+00,2.275571443673389371e+00,3.322291495097632996e+00,2.670763537845180391e+00
2.443978543462281383e+00,2.764092405977304434e+00,2.371554541770518831e+00,1.942657287441802882e+00,3.138312525025522604e+00,2.346266055378626092e+00
2.125776780758329210e+00,2.366557932606200509e+00,1.705959350944863839e+00,1.182053945994348876e+00,2.340477097061221201e+00,1.357957723106745229e+00
2.142818707059126027e+00,2.153407274643094560e+00,1.012895240329444668e+00,7.279691471813520831e-02,1.411151620160575382e+00,-3.028440986371044308e-01
2.129876394050759014e+00,2.371374079781930266e+00,1.697966230407217614e+00,1.169379164400808691e+00,2.327914148241577497e+00,1.338284591161260417e+00
1.209859697772897258e+00,1.315300125059598368e+00,5.638917868457336002e-01,1.461848162562462417e-02,1.292945381848657815e+00,2.062617346872075152e-01
8.987887375574100668e-01,9.505102547316984785e-01,-4.328250621805607157e-02,-7.013073969015097830e-01,5.767466508710755724e-01,-6.615416006547263361e-01
-2.593909258086342096e-01,-3.253899186428625967e-01,-1.557869399865950077e+00,-2.328129933462373735e+00,-9.752429814374785622e-01,-2.370055926021751525e+00
1.215015405055872577e+00,1.342101873811737622e+00,4.783447319618912563e-01,-1.173335447428026090e-01,1.110910563885359359e+00,-7.438095218860241165e-03
1.057309314813595913e+00,1.162467641917747541e+00,2.770589982413665942e-01,-3.654229041525971500e-01,9.372641463896916880e-01,-2.527017288429531106e-01
1.189830580430705886e+00,1.313803821457829590e+00,4.429282061605564480e-01,-1.651866548580685490e-01,1.085913364065353548e+00,-5.299626817448116478e-02
1.729962853918341814e+00,1.949579275043104465e+00,1.643750967226438320e+00,1.223903591345939734e+00,2.374706321984156432e+00,1.640784522322545458e+00
1.231225295872847347e+00,1.255332098457574652e+00,3.798321204204200829e-01,-2.622167424106958689e-01,7.233234384809735795e-01,-2.580067808331898971e-01
6.654148418439642665e-01,6.926505413400161348e-01,-2.864806856597810203e-01,-9.095578237374485342e-01,3.201211742966860729e-01,-8.405776449050017529e-01
1.599513098694530067e+00,1.773049254997059565e+00,9.993853796750433727e-01,4.278822384286760094e-01,1.629574479011650423e+00,5.687784671377182910e-01
2.646557142183314504e+00,2.980000646431189004e+00,2.466508002113095621e+00,2.040064356236250376e+00,3.173593496032600658e+00,2.333801779914396413e+00
1.024115770167500994e+00,1.125291037337356581e+00,2.814531027860283086e-01,-3.010515183893420765e-01,9.096871912094766088e-01,-1.541763776819235487e-01
3.463077608966770526e+00,3.852333767167291700e+00,3.591691433901960551e+00,3.417880702216636202e+00,4.137276589563712470e+00,3.826106019441252393e+00
2.504209117137425444e+00,2.801500197627748712e+00,2.132464586530651296e+00,1.519254559357789081e+00,2.763924983644222788e+00,1.653464451117845790e+00
5.020099361089573886e-01,6.634177546412206583e-01,-4.614860865735437301e-01,-1.207033257838743268e+00,1.370017505338396724e-01,-1.175461630761179821e+00
3.917578818640707894e+00,4.260862299835917355e+00,4.005325356731130881e+00,3.894157590619617082e+00,4.448037236150829798e+00,4.286956933979033657e+00
2.446894836366537263e+00,2.756791238868429694e+00,2.073611222107027530e+00,1.433061428000282689e+00,2.888446371641568255e+00,1.635149212221444825e+00
1.714464278569638456e-01,2.293856093744712776e-01,-8.329201619677066848e-01,-1.510383437006497687e+00,-1.354332809160170292e-01,-1.410248259510246793e+00
2.352443370166723557e+00,2.615675756522364281e+00,1.969839020211643366e+00,1.385945314806607875e+00,2.727233695301903182e+00,1.464157746653473646e+00
-1.573577176984388704e-01,-2.075317392774835845e-01,-1.414996002735773972e+00,-2.174301244293566526e+00,-8.275684198492938570e-01,-2.204178495175887154e+00
2.094776769133571470e+00,2.122686054011428958e+00,1.042136057615000500e+00,9.118803251535678722e-02,1.387616742856547569e+00,-2.284054795498800527e-01
5.413999463083980501e-01,5.794008545639592889e-01,-4.686725078187725657e-01,-1.162296029967664346e+00,1.360596193780250207e-01,-1.131010678673650904e+00
2.419812643056705070e+00,2.703287161989164744e+00,2.219887152203949832e+00,1.798915747469445936e+00,2.940516513752899463e+00,2.085942650739551762e+00
6.950306175311135037e-01,7.388573891960008577e-01,-2.961983326170314346e-01,-9.501732210893688579e-01,2.703285395341650243e-01,-9.296730667055546071e-01
3.070026624305097762e-01,3.604208821080892022e-01,-6.956545369434838921e-01,-1.384404119080624440e+00,-5.251550082841127676e-02,-1.318626936251977577e+00
2.456966730218528738e+00,2.724425095496533000e+00,2.246339501345899770e+00,1.783528030114487350e+00,2.904348680243587388e+00,2.160076944963147838e+00
1.947158193080510635e+00,2.084278753088021574e+00,1.629180433542129602e+00,1.149647819933194759e+00,2.244285146054791014e+00,1.407157873104984303e+00
2.819392642965721230e+00,3.141897603910380532e+00,2.724698343826502445e+00,2.342901422650894627e+00,3.352923584302951454e+00,2.668893393616486698e+00
1.698028653490946116e-01,1.613731854483853034e-01,-9.748581713151722727e-01,-1.696579015320534900e+00,-3.808832927093024345e-01,-1.699425130203205736e+00
2.942289733184978218e+00,3.295716760822612557e+00,2.959726276217169882e+00,2.704832654110211010e+00,3.581459147461516945e+00,3.081555631945455342e+00
2.088256823163736176e+00,2.324945836315167824e+00,1.651788734586872920e+00,1.122212532694602194e+00,2.285518543787584456e+00,1.293488374780492611e+00
2.873807666856895260e+00,3.261785614929477717e+00,2.646467655323776036e+00,2.008672686040331890e+00,3.349573729276842826e+00,2.092277808638967951e+00
1.642005544045244125e+00,1.820571198009873548e+00,1.059308582498950102e+00,4.931643710955265769e-01,1.689400059675097099e+00,6.388540078751725471e-01
1.697622635429621996e+00,1.852241407868895129e+00,1.042510661277452622e+00,4.445028160559741925e-01,1.624882725967572661e+00,5.340408236651063012e-01
8.317444112355378838e-01,1.153127731987981575e+00,2.024495076579857500e-02,-7.013062011614006330e-01,6.676286481165736308e-01,-7.198725872325471009e-01
1.932282429105300903e+00,2.181717278236007918e+00,1.556160345398269307e+00,1.048641681649166379e+00,2.303319045830436451e+00,1.300348540895795324e+00
-1.859500907990994101e-01,-2.526589879119889304e-01,-1.441838553930551159e+00,-2.224182926765776891e+00,-8.878282131532047039e-01,-2.257560180688171325e+00
8.895753190148600886e-01,1.026064902511501842e+00,9.698926284999609404e-02,-5.360157163365089072e-01,7.545152661745129219e-01,-4.233900851476474769e-01
2.063900643063799833e+00,2.297177381389540862e+00,1.608163703771673836e+00,1.072777290954072482e+00,2.237832575375859889e+00,1.235998492632754964e+00
1.798877898207335013e+00,1.923019093294449089e+00,1.107091833952785098e+00,5.019922933431603118e-01,1.642878211359607876e+00,5.555669388643252882e-01
1.500446769458694041e+00,1.659888781370953303e+00,8.331967703099972811e-01,2.334782589055034718e-01,1.458875849453021400e+00,3.416970263804365859e-01
2.156834593485895013e+00,2.439886337081620837e+00,1.787022903096359805e+00,1.278003435635709728e+00,2.526855580132898460e+00,1.496262499545379265e+00
8.385980197205684661e-01,9.144161878910629371e-01,-6.970684413755667830e-02,-7.374975077384438027e-01,5.470820255255284259e-01,-6.810147930107806058e-01
3.113534626998519350e+00,3.519061876077029805e+00,2.921889573674359752e+00,2.308172861488816174e+00,3.489838450166837802e+00,2.466926806896158730e+00
1.823133942388146522e-01,1.745948531199170706e-01,-9.598425134571986206e-01,-1.681529599957817922e+00,-3.678319139153933826e-01,-1.687052090193683185e+00
2.778494477664368301e+00,3.093327442508492897e+00,2.629397595335516868e+00,2.211535741972867175e+00,3.318215008953197209e+00,2.564011021456958250e+00
1.639540683595244186e+00,1.817795484679873397e+00,1.055944115028950359e+00,4.895482628855269414e-01,1.685998252825097410e+00,6.350163856451727096e-01
-2.323274613443027103e-01,-2.972557938601216865e-01,-1.526017479303382940e+00,-2.293264822410701065e+00,-9.479267380000067078e-01,-2.336119829431291262e+00
2.751379113105652863e+00,3.114267893792844077e+00,2.596793994792172100e+00,2.044053535641334740e+00,3.409841761317307096e+00,2.240394620330282027e+00
7.979512389886280754e-01,8.534677666118112294e-01,-9.510308522228605455e-02,-7.273253270076235344e-01,5.453975542586035896e-01,-6.421343221525479539e-01
1.111906139272809568e+00,1.255530685034190297e+00,3.435944111722202821e-01,-2.813242204517555356e-01,1.031097613932584700e+00,-1.729538857054040979e-01
2.643528275210265122e+00,2.975895461816458365e+00,2.621536907988919474e+00,2.231807565681020122e+00,3.336082887275164666e+00,2.639356476803816687e+00
7.741088486449735351e-01,8.137512562854669618e-01,-1.513677067121580455e-01,-7.961038401132672915e-01,4.498749079864063916e-01,-7.305174778732037577e-01
1.761499348287722588e+00,2.012819559154606530e+00,1.360565287155835801e+00,7.882200272437760447e-01,2.477303479430887023e+00,1.085241137329324479e+00
3.235354133938974641e+00,3.643882209845964670e+00,3.135638007055430165e+00,2.487883510360975770e+00,3.669342080081619883e+00,2.713828153440485114e+00
3.584073750476290954e+00,3.936785262589250767e+00,3.692989629273609964e+00,3.549447309833774877e+00,4.255920733127558364e+00,3.926762964920289090e+00
2.344624693250670244e+00,2.635242401156978609e+00,2.038928078278799738e+00,1.452868271739670814e+00,2.830572973704845285e+00,1.679087552751370227e+00
7.814069821611380195e-01,8.114459716494943908e-01,-1.547215217724310365e-01,-8.800732655093767010e-01,4.153568821890067930e-01,-8.364079032129627667e-01
4.895799438162494743e-01,5.714645022162170296e-01,-4.919523848081892581e-01,-1.185496709719684461e+00,1.226703695142836725e-01,-1.138632442851364557e+00
2.344624693250670244e+00,2.635242401156978609e+00,2.038928078278799738e+00,1.452868271739670814e+00,2.830572973704845285e+00,1.679087552751370227e+00
3.117379172272661592e+00,3.514722882711636576e+00,3.071436201297655266e+00,2.550381700755139036e+00,3.807524739034107153e+00,2.786538955370784443e+00
2.759570474791205541e+00,3.044178021344866814e+00,2.714721197607719905e+00,2.348847491331486292e+00,3.393843109727077589e+00,2.758523001236440120e+00
1.350096703741727966e+00,1.491250504792624998e+00,6.701693875880068152e-01,9.622441745440131478e-02,1.318959126015638361e+00,2.275901947553600757e-01
8.826414422493423784e-01,9.658369307385216151e-01,5.283617104350102345e-03,-6.512917742236500329e-01,6.248903010794698565e-01,-5.839896085774443080e-01
8.535810519452671219e-01,9.076408494741310395e-01,-6.265538280061311305e-02,-7.135592273875293046e-01,5.269416362177616886e-01,-6.617251837300373030e-01
1.272342130754263279e+00,1.423837714873503080e+00,5.473184333345353370e-01,-6.652663956942994616e-02,1.235584260504650755e+00,4.647362923884224006e-02
2.590555364526581084e-01,2.545676144270250241e-01,-8.688574859461379862e-01,-1.623562985923161950e+00,-2.761664426119072591e-01,-1.633119701048806549e+00
2.124379899414283734e+00,2.174611985993279983e+00,1.136717971306189678e+00,3.906927632958374086e-01,1.550283993939872484e+00,1.336135178894677644e-01
1.811817762195087056e+00,2.003480365771667326e+00,1.243061276574849661e+00,6.693652906319751406e-01,1.873666407988838101e+00,7.921708797898032728e-01
3.141543848497691194e+00,3.557915862252410300e+00,3.043172241542753120e+00,2.440776443781363270e+00,3.770241783551920189e+00,2.610916317540546316e+00
5.472961357180667896e-01,6.524638174104204769e-01,-4.152446878199034241e-01,-1.111669742128102545e+00,1.945405396463864012e-01,-1.066576721492437541e+00
1.074101403914307085e+00,1.216096187976972720e+00,2.879617012325398351e-01,-3.487355705145775975e-01,9.745492950957286293e-01,-2.485238100230934832e-01
7.464441720545660353e-01,8.010822316241467123e-01,-4.968241058042099922e-02,-6.766257542012947823e-01,5.660260187082352124e-01,-5.561578889513836277e-01
-8.065967557066233695e-02,-1.280774314081989385e-01,-1.321652371600217757e+00,-2.073727777237344139e+00,-7.409009365050645002e-01,-2.104218858176195361e+00
7.457079035555888025e-01,8.970879135563761819e-01,-1.500665550196254028e-01,-8.515545627081030355e-01,4.605872944936632019e-01,-8.022721881516308162e-01
8.211659595731068961e-02,5.273392645108154753e-02,-1.107432087318314773e+00,-1.838318641771236717e+00,-5.209592545225611993e-01,-1.857096875943449188e+00
1.961746700233095053e+00,2.130656712544193532e+00,1.575112978545319287e+00,1.049230241852116885e+00,2.237572672263618223e+00,1.367446047812463039e+00
1.543311436177167595e+00,1.760690731883094884e+00,9.598400766562318331e-01,3.866735408746951874e-01,1.684196119837118033e+00,5.530765730639988220e-01
2.291870174459009757e+00,2.525589602123138100e+00,2.030518144373496092e+00,1.531540167928418406e+00,2.769127078435547062e+00,1.907498097597349673e+00
1.245762935458496035e+00,1.386434893843090377e+00,5.557641994972435384e-01,-3.640067100572774716e-02,1.256516144285616532e+00,1.477539635008848773e-01
2.980961737395910305e+00,3.363603480068324991e+00,2.622418605575891348e+00,1.898488486212017712e+00,3.289013694600765980e+00,1.946690122297360936e+00
3.933319977348580743e+00,4.280439523975912763e+00,4.020901819067253413e+00,3.913666333030240807e+00,4.490348620175335981e+00,4.300604350685413024e+00
-1.149843602060713899e-01,1.049704115542691607e+00,-3.633099239248711587e-01,-1.155046261493545945e+00,3.048862516013899349e-01,-8.131431250331722094e-01
4.968477970149087763e-01,5.341523606721705342e-01,-5.229083992816558890e-01,-1.221575713354718484e+00,8.088267827101458529e-02,-1.196208604970895317e+00
8.654149737462825120e-01,9.550380530101962862e-01,-2.733638867149135177e-02,-6.930971942871457792e-01,5.889144970027497816e-01,-6.386898149027109284e-01
-2.386414565577017477e-01,-2.983667889768155668e-01,-1.525628727809875906e+00,-2.293602706256574475e+00,-9.388446295083867632e-01,-2.331982433231721163e+00
1.579119643560735309e+00,1.748747535311608203e+00,9.796451997666215661e-01,4.146775808931791318e-01,1.610544698167700073e+00,5.572021260516930585e-01
2.778824698811220628e+00,3.095892833727634130e+00,2.505249558890778605e+00,1.892437228096436108e+00,3.260003174155298833e+00,2.078383089427391361e+00
1.814993008515878969e+00,1.938963017550478174e+00,1.004872393649364426e+00,2.202817272424458794e-01,1.572486005968274814e+00,1.540020068171747969e-01
3.334999338101942712e-01,3.458156923777693237e-01,-7.449837983976657085e-01,-1.441697424177807552e+00,-1.431045919761657625e-01,-1.422573864316858394e+00
5.096150622467257030e-01,5.548888030556387019e-01,-4.956263954874915445e-01,-1.184965584645071957e+00,1.066620005219118816e-01,-1.150734369486036357e+00
5.405494870540034080e-01,5.786559311267065464e-01,-4.588719553373319382e-01,-1.140947859754301241e+00,1.430866955271814511e-01,-1.104658392910732534e+00
8.350397800086922784e-01,8.848760010439963297e-01,-6.179803156444718670e-02,-6.973110673092796086e-01,5.932484579791432733e-01,-6.135060308170090515e-01
1.519255296219281570e+00,1.709860112329234072e+00,9.585384859947831959e-01,4.717867180677652872e-01,1.640682623126662021e+00,6.573536702948281629e-01
1.855190559430732966e+00,2.061456943910144446e+00,1.329104964434585145e+00,7.753572262921034630e-01,1.953103485871056533e+00,9.233915921526854031e-01
1.418397918191374618e+00,1.570481422441269315e+00,7.507861214689525164e-01,1.605058960272065516e-01,1.384759587855861618e+00,2.863994360646952564e-01
9.339549695836087961e-01,9.793472162748545484e-01,-3.059518383929926699e-04,-5.310265569277841102e-01,6.064740810305403462e-01,-4.780000200833977586e-01
2.340090715062427495e+00,2.610890001312819564e+00,1.950071566245001442e+00,1.343428191589125742e+00,2.741963792585503157e+00,1.485527203021966614e+00
4.073902180081293345e+00,4.392903616018385193e+00,4.106218686160385545e+00,4.022380132168517974e+00,4.499020473259065511e+00,4.363759015566079924e+00
-6.096880716257031541e-01,-7.972997600514140082e-01,-2.232752847509233973e+00,-3.366801440593715888e+00,-1.781678603643416459e+00,-3.611198947704313156e+00
8.115902799062938433e-01,8.784000336895400052e-01,-5.186635860184440894e-02,-6.666789155179682069e-01,5.593250754653134038e-01,-5.704750532370801430e-01
1.167967601210037953e+00,1.280370192097578741e+00,4.017696261379469225e-01,-1.757165695573869035e-01,1.032831194282626708e+00,-6.214318682551639439e-02
7.795364991691503542e-01,8.541196231776604364e-01,-1.349523005805520759e-01,-8.004454844663416724e-01,4.959795454486760624e-01,-7.388723777686343475e-01
2.415495059349402229e+00,2.697400240712112485e+00,2.141037155579022411e+00,1.601669406267001605e+00,2.941073332931002149e+00,1.832859328643867247e+00
1.685707623508091890e+00,1.908837129274854716e+00,1.583925130175189322e+00,1.157785561571438748e+00,2.304784495956156753e+00,1.562158572790794286e+00
