2.013935398540288801e+00,2.130869921928004729e+00,1.570823133635233404e+00,1.075316039049389882e+00,2.325965950175882035e+00,1.198460465661730368e+00
2.898155668626260173e+00,3.188879167261843506e+00,2.780673120874868509e+00,2.417299542960319236e+00,3.289504810686398883e+00,2.539824153710595667e+00
1.829643512591587751e+00,2.072579278887569210e+00,1.264259917653801191e+00,7.642611684283187046e-01,1.964076968870502871e+00,8.451975938880045280e-01
-5.749656821949631347e-01,-5.756629293259440949e-01,-2.089984094619341981e+00,-2.569762722974129332e+00,-1.475624279522461002e+00,-2.744984228116705616e+00
1.641368881106470834e+00,1.763397908350977428e+00,1.050904118184633029e+00,5.306778916716152761e-01,1.673797529779516902e+00,6.340262890972812038e-01
1.440467849764867747e+00,1.591740674284470192e+00,7.016161175306694364e-01,1.130333144118486344e-01,1.458723607985011439e+00,2.295469211908948148e-01
2.065339362404229107e+00,2.297168401524365411e+00,1.536360618965606495e+00,1.174479106702366771e+00,2.242328286721661623e+00,1.260930267040283326e+00
1.798127973258569545e+00,2.038059916457773291e+00,1.349336389539140146e+00,9.185132612114155215e-01,2.040680145237031784e+00,9.489191205308908916e-01
-5.918234394232426698e-01,-5.939911444758840808e-01,-2.113610966835531180e+00,-2.604712478920872876e+00,-1.507832090376592937e+00,-2.788574101968570140e+00
2.121251625051836509e+00,2.361169936186456209e+00,1.640465671882663123e+00,1.288614832699702450e+00,2.326915223539407940e+00,1.365591411915273001e+00
6.519938847799533477e-02,4.658701410201171456e-02,-1.179765614643948135e+00,-1.763955493576403910e+00,-6.060089323457944488e-01,-1.726608352721161088e+00
8.800608424082221326e-01,9.506705130068136000e-01,-2.554596956864163548e-02,-6.126595502802737458e-01,6.452714369076431034e-01,-6.125122248166412486e-01
1.577772850817392714e+00,1.746801979385300019e+00,8.682654805930551944e-01,3.148123350047740687e-01,1.623856734137677504e+00,4.114118959852135493e-01
5.222764760735557621e-01,6.257836923416071340e-01,-5.154169117100424469e-01,-1.160827681767106156e+00,1.131679934398608367e-01,-1.197796887269232391e+00
1.716954767996959008e+00,1.918159610353678213e+00,1.096908903815910996e+00,5.891717547774422137e-01,1.828399546336078485e+00,6.544617745154490684e-01
1.557601292267248860e+00,1.713076997424062942e+00,8.619006578752238523e-01,2.441317787674376349e-01,1.568906889982589536e+00,3.810867600349979734e-01
6.079520364358357298e-01,6.893123103000314833e-01,-4.105242977095744372e-01,-1.056524235835673675e+00,2.036513562913278008e-01,-1.037775892977674808e+00
1.814717767330384035e+00,1.994373227641446533e+00,1.096956083329122977e+00,5.238243464993566079e-01,1.757005567958264125e+00,4.988291490454315191e-01
2.647538707878338116e+00,2.934517040381911190e+00,2.549027428199699408e+00,1.986971836139655778e+00,3.112394045061309455e+00,2.276964003093929101e+00
1.306972280008639409e+00,1.494304078209432562e+00,5.617639138062354709e-01,2.338101862813951604e-02,1.185252173936093056e+00,1.662201607622654231e-02
1.550131505125753595e+00,1.701408348586179287e+00,8.632492680750215586e-01,3.468534652555788078e-01,1.537910503460297784e+00,4.430735191216087498e-01
1.053091154712078925e+00,1.140050919437595178e+00,1.960110007317515946e-01,-3.434769326527357114e-01,8.766198577109598489e-01,-3.187052959642507344e-01
2.657847300646846822e+00,2.918535461007151444e+00,2.356388233634415741e+00,2.006566585365428868e+00,2.992819195440027613e+00,2.146534106446343237e+00
1.650530283651388652e+00,1.864610045902885815e+00,9.666083775181252280e-01,5.346690004350358461e-01,1.567204107583286765e+00,5.277913462257264321e-01
1.917719606429441948e+00,2.154240346098198255e+00,1.337800893781016409e+00,9.679053735362691535e-01,2.081269252294615679e+00,1.054248561702780140e+00
-1.310399698999062945e-01,-7.170248785774635536e-02,-1.506210929078188210e+00,-2.101035337161698546e+00,-8.425890167474423542e-01,-2.059879361583249135e+00
3.802381439476951286e+00,4.105578441367021547e+00,3.903645580182932839e+00,3.733869136130943733e+00,4.319756211671867518e+00,3.895566245763215196e+00
1.772518467869746317e+00,1.951696139347463443e+00,1.058118956560214485e+00,4.832156548107610083e-01,1.745416852555289111e+00,4.878653333538978121e-01
1.245229163396875727e+00,1.396298576211334908e+00,4.259721290375144132e-01,-4.844850866208383344e-02,1.146980392416244054e+00,-6.908258813331957793e-02
2.268433097422065892e+00,2.603641571332231841e+00,1.919664707324927333e+00,1.487021830056983518e+00,2.511879096332648054e+00,1.437455048788131684e+00
9.206660552362140315e-01,1.049456754554720428e+00,2.875949849169801009e-02,-5.322069396353827919e-01,7.266554196423524736e-01,-4.548827555076119800e-01
2.701305984418913564e-01,4.058455225770636332e-01,-7.989975082305422749e-01,-1.478545749449458491e+00,-1.284829302307939347e-01,-1.433154337404039413e+00
1.228585780396153071e+00,1.340386217134888369e+00,4.009956035656003781e-01,-2.463751459068933558e-01,1.127573679531386430e+00,-1.595172908883742413e-01
2.627629620426327417e+00,2.923525385917282726e+00,2.356190405814134969e+00,2.016248238591499931e+00,3.010858775766224404e+00,2.058091470509467946e+00
2.176156023560569253e-01,1.851659112080283887e-01,-1.018595934398150993e+00,-1.617644910356432320e+00,-4.211493279149793878e-01,-1.534710912197534638e+00
2.392618990775134513e+00,2.754878607929120982e+00,2.078065445080161222e+00,1.604490639111104677e+00,2.760464373625511669e+00,1.691659113736291298e+00
-3.226125783489734999e-01,-3.154314581566275422e-01,-1.807484702464241755e+00,-2.449759714827012047e+00,-1.193958113474012261e+00,-2.390030029366155606e+00
7.342341975049329061e-01,8.442930800343545483e-01,-2.293325228703828600e-01,-7.823126432605681524e-01,4.487763193123330829e-01,-7.411971383803579450e-01
3.784571542357523022e+00,4.088001401648822863e+00,3.917381187163275769e+00,3.714892871468334246e+00,4.311171689625703962e+00,3.859562220858172576e+00
5.768678629587852269e-01,6.768942250146161577e-01,-4.128835138294753015e-01,-1.026273820577462192e+00,2.465294369994279755e-01,-9.653119705755646152e-01
2.302742727382083299e+00,2.573287639808193639e+00,2.022416745974229269e+00,1.529917847133540398e+00,2.701027476024639551e+00,1.678617341004073893e+00
1.234655967674302746e+00,1.343113052330171975e+00,3.732080696000257269e-01,-2.187953570161197403e-01,1.084090440947086620e+00,-2.017419710424178114e-01
1.972822868366004734e+00,2.215119616674364966e+00,1.430268220755511521e+00,1.050059678994180956e+00,2.167228927130564031e+00,1.150817471475609421e+00
1.402796766008870488e+00,1.593627215179250767e+00,6.250529532485162854e-01,1.084817148291111477e-01,1.392531377623509981e+00,1.876942343021571202e-01
2.043496855070942697e+00,2.151347781948580007e+00,1.712543478311209455e+00,1.250364640465507993e+00,2.449764757183036323e+00,1.443049739995771130e+00
6.089224277311839906e-01,7.274678165885639647e-01,-4.197628688502872407e-01,-1.063881724023220343e+00,2.042091557355967257e-01,-1.028801406106258254e+00
3.326087194177519635e+00,3.594146058078771411e+00,3.300535092127145020e+00,3.035448656167675452e+00,3.740912855007602733e+00,3.204671329479269026e+00
3.151269629155284413e+00,3.476761081861359237e+00,3.105284792222259505e+00,2.844042126600502929e+00,3.635854400035222422e+00,3.023422098158581317e+00
-6.150494923822604765e-01,-5.947284801284706823e-01,-2.128932558775990636e+00,-2.664821380381423133e+00,-1.512406296899010183e+00,-2.765557697577423646e+00
1.479886357860486834e+00,1.692020616084883189e+00,7.549409193567485632e-01,2.308389619492368094e-01,1.488139733680165389e+00,2.935116938381088225e-01
1.672696672077550906e+00,1.833352970317503994e+00,9.533078025856114301e-01,2.971032010870899298e-01,1.645567043165458543e+00,3.509149741777584652e-01
2.899022450062709755e+00,3.220102911956903124e+00,2.709474744819834413e+00,2.313565611472305328e+00,3.335448803798013451e+00,2.438731121952628200e+00
1.980034656427772877e+00,2.151865043558303547e+00,1.538748492290124226e+00,9.953997436232134843e-01,2.133890817119608041e+00,1.179568968846393506e+00
1.339910978441057665e+00,1.521419662576412257e+00,5.674360945625338548e-01,3.233855939264212997e-02,1.195489219516085555e+00,2.175968133589484266e-02
1.909606654996129249e+00,2.179899238847696985e+00,1.342574309502210905e+00,8.702873642571682389e-01,2.055426165872260569e+00,9.109055645188639527e-01
1.052354918076368495e+00,1.235133341727068235e+00,2.096569883938784740e-01,-3.744204948234174379e-01,8.052039893579509000e-01,-3.549090827547752292e-01
1.876237502940723001e+00,2.143570367267311205e+00,1.298699950020849592e+00,9.071960506415648329e-01,2.059117700260979067e+00,9.644740477370137288e-01
2.176156023560569253e-01,1.851659112080283887e-01,-1.018595934398150993e+00,-1.617644910356432320e+00,-4.211493279149793878e-01,-1.534710912197534638e+00
1.543567571155634921e+00,1.663107378257851598e+00,7.483237603016952288e-01,1.799635522979862734e-01,1.430066770090705042e+00,2.185737576855146524e-01
2.656610593136359721e+00,2.922795613757164457e+00,2.418723945570487643e+00,2.078901021936079285e+00,3.019571553540065345e+00,2.224759933717940008e+00
2.603104292610787240e+00,2.887498335357958634e+00,2.319426562892399346e+00,1.923383592585216739e+00,2.920528101336206106e+00,2.049807929112162252e+00
9.132346173345200491e-01,9.779356248804992324e-01,-2.172103352281429256e-02,-6.413991559169909262e-01,7.264347882075770091e-01,-6.215819909426467671e-01
2.107599120405142745e+00,2.415042994810526977e+00,1.745330422742275012e+00,1.263215485167766605e+00,2.396445857905161514e+00,1.326391114462043275e+00
1.922627285607688696e+00,2.164156269333493032e+00,1.309563108318986258e+00,7.758384826865031281e-01,2.035739973244572010e+00,8.910896122810401110e-01
3.185245908256173930e+00,3.527752364662692930e+00,3.099775664833920530e+00,2.819898417653518674e+00,3.695187375179790568e+00,2.892319590769287796e+00
2.194591473191040087e+00,2.424740076378151699e+00,1.934041973376112500e+00,1.317619919542142970e+00,2.378101398121728050e+00,1.544824769344692594e+00
1.442399112936254557e-01,2.299339725833757786e-01,-9.601155030844457094e-01,-1.621075680671141939e+00,-3.678551356530139760e-01,-1.529593654959610305e+00
6.001466150627576823e-01,7.092737150246440914e-01,-4.364767684836308170e-01,-1.007271263629265778e+00,1.589901003775415766e-01,-1.080342427349218148e+00
5.284819454885503198e-02,1.326560195962478428e-01,-1.084053536079648383e+00,-1.801673352080686019e+00,-5.285446961325277471e-01,-1.649725920460594075e+00
8.814182227784355117e-01,9.823770872702777268e-01,-1.669035441389954411e-02,-6.630866740016663208e-01,7.066578238700845782e-01,-6.276186308494899890e-01
2.126997357101906072e+00,2.406287170161701017e+00,1.676166341248514824e+00,1.213145895472683033e+00,2.359412439383869575e+00,1.308226475647778386e+00
2.223931857136655754e+00,2.524842170234617988e+00,1.823887294042397578e+00,1.399446390616023717e+00,2.511943794882178338e+00,1.425033239164915866e+00
1.169282612817310385e+00,1.275214842059728682e+00,3.875672002428048324e-01,-2.535355639790042859e-01,1.145817574245499681e+00,-1.379575584883402373e-01
1.870832784194409903e+00,2.101787857810826665e+00,1.338477076222928108e+00,8.731470644476124754e-01,1.981835609861929637e+00,9.883567747251538194e-01
1.647116026358170560e+00,1.796236007604290696e+00,1.024568358150719671e+00,4.921161994799326811e-01,1.754228038993251415e+00,6.691954905216113136e-01
4.630487190038823364e-01,5.150666441628755088e-01,-6.615274959255312837e-01,-1.221033846067949291e+00,1.945151045448234584e-02,-1.235417022047949898e+00
4.530586560852372102e-01,5.262234169177935073e-01,-6.882511172600442872e-01,-1.210827943851540134e+00,-1.963930525600066090e-02,-1.251774095572247392e+00
1.334424091007133661e+00,1.511046111238041778e+00,5.851818461006581540e-01,-8.352232234140949396e-02,1.215119030728564420e+00,2.062278405869122366e-02
9.142834462381905780e-01,9.465090030814452549e-01,1.999677378076203382e-02,-5.656361821415527569e-01,6.479860829506035591e-01,-4.802572440790048858e-01
1.661978101447595169e+00,1.837454992607731485e+00,9.706092419965219875e-01,4.482463905184577158e-01,1.698265724106097885e+00,5.257844198820209591e-01
2.354224390251538512e+00,2.558417713205016319e+00,2.014067726233368383e+00,1.599635760947748508e+00,2.636232734514559972e+00,1.718500640392656154e+00
3.698651554459576829e+00,4.000492314645688552e+00,3.789750307972213683e+00,3.606643471420239777e+00,4.197488688165348591e+00,3.772106427703667997e+00
3.350876089397670121e+00,3.635370564144534633e+00,3.320414631374197789e+00,3.057979498347869196e+00,3.793725865847949130e+00,3.245833244320005306e+00
3.978177291731266330e-01,4.266437707712764649e-01,-7.634855973312653088e-01,-1.332648215141766901e+00,-9.470253155139074508e-02,-1.371588101825966133e+00
1.190510066068344308e+00,1.242177393413614661e+00,4.855681143971875557e-01,-2.586443884837753560e-01,9.601633924345744919e-01,-6.523383694834999913e-02
1.614886644394140536e+00,1.793271504329907895e+00,9.863126516839013647e-01,4.971531836867629783e-01,1.681492081846039932e+00,5.410444381466890107e-01
1.047949274232726102e+00,1.110592402414122271e+00,8.439186061168801878e-02,-5.451001483518201907e-01,7.286936556308540869e-01,-4.762440186774934969e-01
1.847728550118331814e+00,2.019215529282202937e+00,1.355669337323727186e+00,7.709829066503046668e-01,2.059525638747336185e+00,9.479183886421802541e-01
2.100269963117773475e+00,2.296343381350999469e+00,1.668089830749880820e+00,1.141843104969725076e+00,2.338492722044533068e+00,1.303453156106281874e+00
5.218291306761743131e-01,6.168370782398255869e-01,-5.822806033887304444e-01,-1.158828695867551772e+00,9.805640877916754761e-02,-1.098399166619526524e+00
3.254935526157014536e-01,3.873775739007458974e-01,-7.786948596534259970e-01,-1.421762889014832165e+00,-1.811845008157368930e-01,-1.401197039922808418e+00
1.574065534129609034e+00,1.780303684871767045e+00,9.136678861622671288e-01,4.148404733087659446e-01,1.675525763317162964e+00,4.921392857548194666e-01
1.751817031899665977e+00,1.967603709198004758e+00,1.039248896081920392e+00,4.282330888367574251e-01,1.714843756935237495e+00,4.627639838792441118e-01
1.591399752291847713e+00,1.727879877742104719e+00,9.880834412094072761e-01,4.432599217100828826e-01,1.599109972409157976e+00,5.692087288425023983e-01
1.440224153470421431e+00,1.543523898815754025e+00,6.453496854359679347e-01,-5.892648060943966870e-02,1.329157351427859624e+00,2.590580502014389053e-02
3.821249168108340477e-01,4.307245777438972745e-01,-7.585245370564697165e-01,-1.387325642060460495e+00,-1.812390653068345348e-01,-1.366800343031070453e+00
1.161165524155525652e+00,1.278913060304675664e+00,3.247315055721828325e-01,-2.557512622735273466e-01,1.005643571943285020e+00,-1.800286420614093941e-01
8.667188284575955137e-02,1.711978983109483377e-01,-1.124293603457392265e+00,-1.726005645744468353e+00,-4.901566418249674317e-01,-1.724681007488444662e+00
1.416824083546629476e+00,1.607234503779390922e+00,6.708861782960414688e-01,1.634023075731352304e-01,1.391928858349008147e+00,1.972425230911230010e-01
9.737887297368724715e-01,1.048712716844013126e+00,2.161892514983931868e-01,-3.853421687231296522e-01,8.964922887830240050e-01,-3.151403651391331828e-01
1.647927950459244117e+00,1.820732163454483299e+00,9.852968582626836502e-01,4.376853811453323972e-01,1.685896925816784186e+00,5.104197217163252143e-01
6.356101781927447902e-01,7.073701362074016341e-01,-4.218057429289552296e-01,-1.026764506210113392e+00,2.711621155219463564e-01,-1.006164885705364220e+00
3.245975909810963067e+00,3.559350256230003673e+00,3.191483324224620333e+00,2.931897048441958642e+00,3.714281510161219657e+00,3.130513434484651025e+00
1.562139704210873337e+00,1.749926278369498878e+00,9.621312801927953684e-01,4.022896233660767651e-01,1.655137743294967656e+00,5.254340960728562937e-01
7.436926518994868562e-01,8.679022138870562397e-01,-2.238758679214432057e-01,-7.788825327252706376e-01,4.779836140603461736e-01,-8.276344329995093396e-01
1.351141552289122139e+00,1.456199631337374178e+00,5.455274786422699140e-01,-4.941955463796693371e-02,1.276863936612872452e+00,6.936028433564789264e-02
8.699489215591490465e-01,9.501540242846426843e-01,-1.384849237052898641e-02,-6.258204650114584933e-01,6.363063377978498414e-01,-5.692009102252784114e-01
7.065485755318084982e-01,7.683031308635482892e-01,-2.795970348644454262e-01,-8.791443432747175768e-01,3.759104890449693759e-01,-8.392125452184004963e-01
1.927982422663793383e+00,2.164643874417510716e+00,1.416378119836681382e+00,9.342301629377572914e-01,2.145230630987242648e+00,1.015618648615183695e+00
7.757715650748238101e-01,8.683969472662611544e-01,-1.625456092596604396e-01,-7.513834212278406310e-01,5.136315418783503617e-01,-7.471030730484884419e-01
2.044777687263615196e+00,2.283748078304228990e+00,1.559621434681529140e+00,1.080196986996621256e+00,2.268357844631303522e+00,1.181998026709463412e+00
1.773676845066599395e+00,1.999418167240860855e+00,1.164486462659631183e+00,6.645424780748346860e-01,1.887041876019059261e+00,7.144497518974304295e-01
2.754613072120421613e+00,3.066069758587902427e+00,2.544485859492770174e+00,2.186928092703764648e+00,3.149838717764522400e+00,2.320960095154987801e+00
2.155616065382585766e+00,2.406521196714580313e+00,1.699027483300148855e+00,1.236432401838969852e+00,2.421472353042151582e+00,1.407062409840618367e+00
-1.322102628987318340e-01,-5.771356803156435511e-02,-1.473280520513788661e+00,-2.129156570792986258e+00,-8.613307592486929565e-01,-2.106535350271408369e+00
9.109039431122600838e-02,1.386728683997604517e-01,-1.124200178889645851e+00,-1.759131347058505490e+00,-5.412494243630665558e-01,-1.728459176913506257e+00
1.793197209515733359e+00,1.995260021752701673e+00,1.244062467473874500e+00,7.945822018031993839e-01,1.951202257851815114e+00,9.005137097334965368e-01
-1.330368377731405705e-01,-8.842406541728631275e-02,-1.445222298612797607e+00,-2.041621515359021366e+00,-8.733647032612421590e-01,-2.037983339575967445e+00
3.503035102250253274e+00,3.898655503463964056e+00,3.615794857513003890e+00,3.373867665789261672e+00,4.168822054128646926e+00,3.433671103861686724e+00
2.421008294524340521e+00,2.636416067708373223e+00,2.138174969483443100e+00,1.740842969899051074e+00,2.722372905921274455e+00,1.892130796870841403e+00
9.674477827018689302e-01,1.083597300025167076e+00,8.783226565598833968e-02,-4.689150912539827853e-01,7.822716522828311314e-01,-4.497237281436833878e-01
1.503547636845765645e-01,2.098365452742096959e-01,-1.068998203030311345e+00,-1.673139634854449387e+00,-4.723061549064555553e-01,-1.718829398379783102e+00
5.797988896949544113e-01,6.717664825887145197e-01,-4.529982316966398859e-01,-1.015291027055655881e+00,2.123257862735017376e-01,-1.038246402515103028e+00
2.989897433905917445e+00,3.330033516419907968e+00,2.831369967467122883e+00,2.508451681608227180e+00,3.465857766456026390e+00,2.571342964210040716e+00
1.272382959147473125e+00,1.371825178896810771e+00,6.428477324703378848e-01,-6.669848052062826715e-02,1.134100804412970787e+00,1.111502544718831476e-01
9.547536680295942713e-01,1.016397988029724031e+00,1.520207521190353184e-02,-5.966443478469695139e-01,6.981471595305130950e-01,-5.416177888511550798e-01
2.128719686939824385e+00,2.393144443786416442e+00,1.679041953519575303e+00,1.179587098278446877e+00,2.359951039209970958e+00,1.252700368202990244e+00
1.276704394398147979e+00,1.432132503021118275e+00,5.030306647940330222e-01,-5.719853662906243530e-02,1.176215111258029467e+00,-6.341361242462906223e-02
3.664287539727062448e-01,4.387304886549081573e-01,-7.633350334038444540e-01,-1.342965603746963055e+00,-9.428861560975776435e-02,-1.354560623027079025e+00
2.462231187794031051e+00,2.701619938908583318e+00,2.307754483258832146e+00,1.682362940655211414e+00,2.708966930201630152e+00,1.985593847227678399e+00
2.725252633606829900e+00,3.064272467997489091e+00,2.448703412151991721e+00,2.105850705004388423e+00,3.133683304791281543e+00,2.167939357599091732e+00
3.283310460934033337e+00,3.551267272381300799e+00,3.241690983729251130e+00,2.961316816670014784e+00,3.726474366664208393e+00,3.160504473584480056e+00
1.652046581231096045e+00,1.761628735155848835e+00,1.091878813615499322e+00,5.648017928647155461e-01,1.706862519110724286e+00,6.876084466949381468e-01
1.540890805177055789e+00,1.731965761442625151e+00,8.790479999856799509e-01,3.002508070192089762e-01,1.612735667357059199e+00,4.043658050490573919e-01
2.446857482246080906e+00,2.525777476138091338e+00,2.042472346774550473e+00,1.590563085344156580e+00,2.798242533172311308e+00,1.770878416854963389e+00
2.600598945038488097e+00,2.938448359742674931e+00,2.338560087649699692e+00,1.989366703272178682e+00,3.000955281707258671e+00,2.116569038755218735e+00
2.700109815816562175e+00,3.033140933869405309e+00,2.422876966220027128e+00,2.060242456402407107e+00,3.112307210332777352e+00,2.172080232285121149e+00
3.120552221225800782e-01,3.501449139365599983e-01,-8.077413633733872000e-01,-1.387029927761657344e+00,-1.176154841327610168e-01,-1.396469846820878713e+00
-6.298121394114450933e-01,-6.049855997654898232e-01,-2.148183017705250997e+00,-2.694318780969448657e+00,-1.536144322966301878e+00,-2.794882721877731679e+00
2.719093723620599867e+00,3.013665432669960786e+00,2.445377341777456692e+00,2.108109077316697721e+00,3.143022801565964031e+00,2.139277970363945069e+00
2.899481006495091329e+00,3.184893962384312438e+00,2.763071912527019336e+00,2.439194652754856474e+00,3.380557560129111128e+00,2.626891755154987518e+00
1.941380625237758561e+00,2.155257753015051403e+00,1.397118976471401597e+00,9.529318801742966416e-01,2.118340671904877404e+00,9.750294216710750916e-01
1.855858046488329194e+00,2.112468299128843707e+00,1.439250398307857060e+00,9.861974758314993039e-01,2.108537207250917422e+00,1.064563711833790283e+00
5.681522160355223505e-01,6.582552926104751068e-01,-4.810215405767364061e-01,-1.121456741443086269e+00,1.007282788364654014e-01,-1.109529520708164796e+00
1.458974858453405021e+00,1.661005790513257585e+00,7.435004028188063607e-01,2.276386345657576971e-01,1.481233604463652487e+00,3.291177498298319959e-01
1.048135857339459909e+00,1.172893256118655358e+00,1.911351706867452371e-01,-3.473573679975127115e-01,9.262647764254199334e-01,-2.886960337410680588e-01
8.073108126007784158e-01,8.787746979136855652e-01,-2.403891346787414562e-01,-7.719563711551520324e-01,4.699645538596787242e-01,-7.230353127117037371e-01
2.423421923730171290e-01,2.849253375992042425e-01,-9.779138427756568497e-01,-1.578087174807483617e+00,-3.132316431886763564e-01,-1.567896322652925223e+00
2.644565335107026627e+00,2.901091512129355454e+00,2.378619651714671601e+00,2.073197261770017619e+00,3.016058038769925176e+00,2.201188509526782244e+00
3.354605015605131690e+00,3.655118947794187001e+00,3.332366354459495916e+00,3.129662441829600183e+00,3.829641199834923349e+00,3.285476342658752102e+00
3.617160572531429530e+00,3.906608458331369604e+00,3.683364495814550388e+00,3.432866354978436174e+00,4.081637189136806398e+00,3.597952037044702678e+00
5.711476068367344894e-01,7.113082882724253153e-01,-4.542152959223728637e-01,-9.964077724920302748e-01,1.762046426032211066e-01,-1.026431069320163481e+00
3.380903070031566759e-01,3.942284684959060925e-01,-8.260285453884204099e-01,-1.424111981030954599e+00,-1.892788543568229009e-01,-1.412935144659425379e+00
1.456382060352368057e-02,7.066928589093968149e-02,-1.277807805143285291e+00,-1.858774654952535688e+00,-6.257914058168778659e-01,-1.836522077342652048e+00
3.755023598788889139e-01,4.753082832771866606e-01,-6.997953522510942381e-01,-1.322360826502708697e+00,-3.958843889244412217e-02,-1.341580409654323125e+00
5.753934529940433196e-01,6.105250625840226153e-01,-5.149432978814734163e-01,-1.091902189099501985e+00,1.781825209806655597e-01,-1.104516361543915970e+00
1.990318379749157707e+00,2.204256736283378260e+00,1.505132491989193966e+00,9.809699647166980618e-01,2.121282342402869947e+00,1.116376999443981166e+00
1.573180929544767848e+00,1.774730724825417827e+00,9.230348115170554646e-01,3.741370044811105355e-01,1.648686568652087292e+00,4.695382595970151174e-01
-4.321294968830891037e-02,-9.575702138180375300e-02,-1.391624130395970882e+00,-2.086745645235883018e+00,-7.535654149488228981e-01,-1.960310764786971527e+00
1.754779030191889744e+00,1.954322712510204951e+00,1.123288005675897594e+00,6.567549697232688555e-01,1.822724058897627675e+00,6.968096901185301117e-01
-5.486911428708511895e-01,-4.617982659701418413e-01,-1.874180733913666463e+00,-2.610201602066385629e+00,-1.372209347016073000e+00,-2.458319160300152184e+00
2.420905269095267265e+00,2.740176573056745557e+00,2.136593854914745627e+00,1.675832304271990925e+00,2.673716531348126146e+00,1.727007548735066234e+00
1.143159122170466446e+00,1.228030990608057760e+00,4.395825009737153177e-01,-2.699113871871363646e-01,9.467649481887294716e-01,-1.301725810817532247e-01
2.708386303866923583e+00,2.957227514742755581e+00,2.484860899400578305e+00,2.162838672525221106e+00,3.103390110640313004e+00,2.281695183792944004e+00
8.408394303614418197e-01,8.154528721304769023e-01,-1.350502062523544211e-01,-7.546824473418987100e-01,4.965129890458827022e-01,-5.369283464872580680e-01
9.088934465259979056e-01,1.078809643393700224e+00,2.364631183383580915e-02,-4.933977238882424343e-01,6.352744633502851457e-01,-5.637618837316908937e-01
5.836051158649572246e-01,6.770949038904034989e-01,-4.360313865409011225e-01,-1.048193148720863110e+00,2.267743420412742239e-01,-9.894101662126517649e-01
3.987236599241619217e-01,5.369633187729090373e-01,-6.683280593465290575e-01,-1.236965535307305242e+00,-2.969145927081551228e-02,-1.263783743675308102e+00
3.763960043405309541e+00,4.063952233849814633e+00,3.859727099926944405e+00,3.651297247123520773e+00,4.252025889255167002e+00,3.811796484664301765e+00
1.334739207881344702e+00,1.427807036852940969e+00,4.331859765448222155e-01,-1.553244108257894607e-01,1.166849793709904271e+00,-1.449950627440221296e-01
3.892943811638822638e-01,4.347259496020585701e-01,-7.750020256218446146e-01,-1.334977614197702334e+00,-1.310085155799396439e-01,-1.349598623392379126e+00
2.434362384180896122e+00,2.751008983871381375e+00,2.119307746193019426e+00,1.655531189261198577e+00,2.761183417501832160e+00,1.688697666977027056e+00
2.783560281059514363e+00,3.105331787413892819e+00,2.630341553939994803e+00,2.250865446977711404e+00,3.217146680355019051e+00,2.450940633478686070e+00
2.540052553000336388e+00,2.776796310257854117e+00,2.263828160948120782e+00,1.906499684060398270e+00,2.905971427598651680e+00,2.039753338528341065e+00
2.135944045187424312e+00,2.357798395099917954e+00,1.685403840188407942e+00,1.236542283293128541e+00,2.389716264827908443e+00,1.317463645607096723e+00
1.636254227332103683e+00,1.828117612010768500e+00,8.780970295167251916e-01,2.980467252967926584e-01,1.534497390000100436e+00,2.341823001547272964e-01
2.103640237053134410e+00,2.337412116018613428e+00,1.640376463975655508e+00,1.190997430544421531e+00,2.377459835421838363e+00,1.302983022122149892e+00
1.231327591307399105e+00,1.354127304502239726e+00,4.777355561631666525e-01,-4.014559212463952864e-02,1.219516607439333544e+00,-1.719406561809011524e-02
8.542956997956483445e-01,9.702685763565460642e-01,-1.281598345626309143e-01,-7.025498241819414513e-01,5.362928447066340754e-01,-6.791870171266223277e-01
-9.192375856755696795e-02,-1.007364039386500210e-01,-1.458494096024891329e+00,-2.052791992429809032e+00,-8.540771513707960949e-01,-2.112505285657591880e+00
1.379256808924440358e+00,1.553097942441556745e+00,6.208785837454520173e-01,1.292435921142883748e-01,1.382102840916661801e+00,1.340502421120725596e-01
1.195518107129312835e+00,1.324412157636742249e+00,4.028308340659942366e-01,-2.211912128993098747e-01,1.035992671661402520e+00,-1.646684214652288092e-01
1.054161106646370527e+00,1.142302996061481002e+00,9.426460652902857174e-02,-5.188979190721282331e-01,8.967367520361880784e-01,-3.592599531263272472e-01
2.020946482912625353e+00,2.125789393496942736e+00,1.651174664625818078e+00,1.182356266668615374e+00,2.403990206515397077e+00,1.374414138540394958e+00
1.209799434769681881e+00,1.285598514497165779e+00,3.745951152339684342e-01,-2.070895780023480071e-01,1.046177404279203804e+00,-7.806273396307022994e-02
2.176156023560569253e-01,1.851659112080283887e-01,-1.018595934398150993e+00,-1.617644910356432320e+00,-4.211493279149793878e-01,-1.534710912197534638e+00
1.647028316641207635e+00,1.812163444778896126e+00,1.013804903844488736e+00,4.858006437744336048e-01,1.804288302297729185e+00,6.119897394279600888e-01
2.651021486328355437e+00,2.974064884574256329e+00,2.535693574191927091e+00,2.016733660486888180e+00,3.106058140113705512e+00,2.269256014227078566e+00
1.641368881106470834e+00,1.763397908350977428e+00,1.050904118184633029e+00,5.306778916716152761e-01,1.673797529779516902e+00,6.340262890972812038e-01
3.282235487254475892e+00,3.590267312750409445e+00,3.251039845586885413e+00,3.022777624378153227e+00,3.740461272054770081e+00,3.181425595354927971e+00
2.603685862883954538e+00,2.898022843737475984e+00,2.250489815944779259e+00,1.883362965960637236e+00,2.838413081557113138e+00,2.037211947323473105e+00
5.186240570397655514e-01,6.261518617682981791e-01,-5.200192514768937624e-01,-1.183852553023704957e+00,7.411417758722693705e-02,-1.168202912159043816e+00
3.636221015860819250e+00,3.925876280091252113e+00,3.702920415127009868e+00,3.460565066324432948e+00,4.097691536709561433e+00,3.640373992091193056e+00
2.631403209112434638e+00,2.928705918607983349e+00,2.382807080462721938e+00,1.968422996890799137e+00,3.012402729367003928e+00,2.030240138319039378e+00
-2.064086559088407213e-03,1.060784558135354771e-01,-1.080742660794599352e+00,-1.865442296440602110e+00,-7.090712074164211565e-01,-1.824847467960694081e+00
1.970690942463759088e+00,2.220066262884196284e+00,1.465739374982723442e+00,9.671510033242316506e-01,2.222546438884990927e+00,1.064674673117938397e+00
-1.716577604922446820e-01,-1.106584146724955975e-01,-1.502855435330772815e+00,-2.159821981844207262e+00,-8.924886671712122244e-01,-2.159506133083275436e+00
1.736399450206608019e+00,1.918150784655768160e+00,9.864348933653103169e-01,4.652857708571874196e-01,1.682361258649094138e+00,3.729771134747095207e-01
2.050112063758267045e-01,3.310560868145457913e-01,-9.842038575043809967e-01,-1.494259390314249369e+00,-3.215576371484285545e-01,-1.588775205400103419e+00
2.479088733059399807e+00,2.751595857441125226e+00,2.307780680255437478e+00,1.779319499535123139e+00,2.886879863472093355e+00,2.001611412360738473e+00
7.302536015281992920e-01,8.532179496103352578e-01,-2.486635376468115943e-01,-8.097267669204580853e-01,4.530382008824603846e-01,-8.050296740251170480e-01
5.311588576935200035e-01,6.646037134324094264e-01,-5.532568722693311791e-01,-1.098821231593110070e+00,1.398943169146411591e-01,-1.150948463516092701e+00
2.485607076251224790e+00,2.763220272202686623e+00,2.177460680949434568e+00,1.843562691092513361e+00,2.835766671750243439e+00,2.003877891027653568e+00
2.060592262103015049e+00,2.311079867081468286e+00,1.754706337463201482e+00,1.247772102204599776e+00,2.375069664923636914e+00,1.403212961347122922e+00
2.711323434868127880e+00,2.997968943021901200e+00,2.485290566631192632e+00,2.167550139666595488e+00,3.102733618424286632e+00,2.343004135338082161e+00
-1.160867668344864878e-01,-9.396228894951730304e-02,-1.486470042593137419e+00,-2.084883038318448456e+00,-9.410115078623508822e-01,-2.105584469540922932e+00
2.865812642775190877e+00,3.134798063414453217e+00,2.695380437578611676e+00,2.363184630443591949e+00,3.262968930400346856e+00,2.539093594052232561e+00
2.052794627020571472e+00,2.260083692793166676e+00,1.558102354264840450e+00,1.108477292569126416e+00,2.276071475856845883e+00,1.164727356242508671e+00
2.797846130791347807e+00,3.143331582425934023e+00,2.585754200521751756e+00,2.231387306727602660e+00,3.238374495695774513e+00,2.314528199959465571e+00
1.701819880390933237e+00,1.864562900920847754e+00,1.169819169774714895e+00,6.058407391004774212e-01,1.863283113663001700e+00,7.944095415112437664e-01
1.676825771851620850e+00,1.901518545155252093e+00,1.056334290319850711e+00,5.222119701262233349e-01,1.767808974292375268e+00,6.153147655505847302e-01
1.037959698460611868e+00,1.147803340719347309e+00,1.326982723555881760e-01,-4.702731314152291953e-01,7.576120267990804624e-01,-3.971228061160684830e-01
2.069158423395959456e+00,2.308183768880817333e+00,1.690362238523313243e+00,1.106044472485787633e+00,2.304746021207975559e+00,1.336450649652411116e+00
-1.951870833028632735e-01,-1.472763350286918627e-01,-1.572431671983650192e+00,-2.103327371594228890e+00,-9.315320761451912901e-01,-2.157178700488079137e+00
1.286389150939830417e+00,1.470012685296989474e+00,4.783399904978529182e-01,-7.376459106426813683e-04,1.188678063351648939e+00,-4.869346859528161930e-02
2.010253787348304844e+00,2.250846747744363441e+00,1.506951150047270538e+00,1.040405083908489292e+00,2.219574714776621160e+00,1.168523215022294170e+00
1.750124177012400750e+00,1.984837778709583223e+00,1.121653927340098500e+00,7.081466270607521540e-01,1.837908754093959374e+00,6.920618951282333509e-01
1.655875040071678406e+00,1.795563115521630948e+00,1.025917136689119546e+00,4.397455933891107338e-01,1.755016118627701571e+00,5.390674910568507006e-01
2.114695250838635410e+00,2.348905440682663937e+00,1.680894598018110697e+00,1.206327661688351816e+00,2.372052033942491089e+00,1.288749272652926381e+00
8.286193771143823827e-01,9.210022353269903261e-01,-1.405379004885166649e-01,-6.685656734923405287e-01,5.171334836511841671e-01,-6.773028452888376627e-01
2.913685437479396789e+00,3.198634241823488544e+00,2.749287529834117727e+00,2.340305468436158609e+00,3.250712970761430398e+00,2.434828433827040950e+00
3.685986845898485686e-01,4.666805122440313980e-01,-8.055514245311201638e-01,-1.387839159667529021e+00,-1.601977339295337366e-01,-1.342483949121815012e+00
2.640372371311580313e+00,2.918922439031684135e+00,2.400613264546560544e+00,2.067164108828984048e+00,3.030216098106635947e+00,2.199143276409002201e+00
1.770296677418904174e+00,1.917922368399204380e+00,1.269551798011743893e+00,7.180786201006390534e-01,1.938045012913584220e+00,9.203834895511913139e-01
-1.647718828837740901e-02,1.364206260579337027e-02,-1.336532088025338849e+00,-1.940835307598312021e+00,-7.240171320141195466e-01,-2.029328924922395139e+00
2.762588879641941553e+00,3.075077255721958558e+00,2.489715650635244693e+00,2.159486346581155125e+00,3.216863274862491906e+00,2.181838323698037652e+00
6.820707483343873001e-01,7.532844872356240229e-01,-2.858206552483144591e-01,-8.592123363369389422e-01,3.634285559542655974e-01,-8.536662607841138950e-01
1.213628402624238101e+00,1.385898711115083781e+00,4.542708692603099063e-01,-1.834390247882372593e-01,1.195068698109409633e+00,-9.147638821530512665e-02
2.565833847028125447e+00,2.820314318595091851e+00,2.306064553630375435e+00,1.970910800120827755e+00,2.935549047789291599e+00,2.159179204608447034e+00
6.190138076037693393e-01,6.411977853869924582e-01,-5.187623910338083899e-01,-1.063486805631140619e+00,1.740716266625945696e-01,-1.019668629359015144e+00
2.179570067947798062e+00,2.453725727557272585e+00,1.849700181994983206e+00,1.399458753706423142e+00,2.573008068094269074e+00,1.518150042780616493e+00
2.925411974660915515e+00,3.210408792618654417e+00,2.791321694391443842e+00,2.446495672312053671e+00,3.341031956196703234e+00,2.498889573110093298e+00
3.452200485754196357e+00,3.731081232133488079e+00,3.454183337608571769e+00,3.232403338383468938e+00,3.921813658406487324e+00,3.405509035786160599e+00
2.285498510830512586e+00,2.566619081704257788e+00,1.856462586882013266e+00,1.408517269827201268e+00,2.451239379432295973e+00,1.412139924197445717e+00
6.814270454056028381e-01,7.832950537622176412e-01,-3.041686680946737997e-01,-9.449232929197893815e-01,3.962304465101409434e-01,-8.649755634813607319e-01
5.296119715969727082e-01,5.981494926731389938e-01,-5.401463392231060645e-01,-1.140288633545040398e+00,9.065279367651468689e-02,-1.155765187918811554e+00
2.285498510830512586e+00,2.566619081704257788e+00,1.856462586882013266e+00,1.408517269827201268e+00,2.451239379432295973e+00,1.412139924197445717e+00
2.869042899119600865e+00,3.157054040559453156e+00,2.661867316844418241e+00,2.320779969601604709e+00,3.285360609687600242e+00,2.440612220624770234e+00
2.779041333119485202e+00,3.051275982551704846e+00,2.599526384969962578e+00,2.293312135800751328e+00,3.192413738903393750e+00,2.442268228032558053e+00
1.496901930205134068e+00,1.690332679958832296e+00,8.007834012162586834e-01,2.497758312898326061e-01,1.524642053220778726e+00,3.551813922776423382e-01
1.110703132496898116e+00,1.227652079737655333e+00,2.205956776981867762e-01,-3.141336335107418609e-01,9.381806089612652055e-01,-2.858313075104284562e-01
4.950996853713742762e-01,5.501228622460359041e-01,-5.571772605819800273e-01,-1.184413981540961114e+00,-2.879534758363222480e-03,-1.175738792042190450e+00
1.399149028083178647e+00,1.534341045901964407e+00,5.988293163653176654e-01,-2.370744040421171595e-02,1.348769302420750549e+00,1.233414881516333717e-01
1.371924543548201925e-01,2.168421446762158755e-01,-1.055258444404267637e+00,-1.692399748236385282e+00,-3.805352292644001988e-01,-1.688940625843274423e+00
1.837499653696590407e+00,2.033513613919288865e+00,1.133787111156618899e+00,5.539757783742400576e-01,1.787186133399552013e+00,5.136244564331493567e-01
1.814519523054387795e+00,2.079678018453965382e+00,1.252309891249466123e+00,7.653567517659045638e-01,1.949636844162672800e+00,8.038597172338766139e-01
2.992571526970581708e+00,3.303915665585363648e+00,2.831009465258574664e+00,2.447453762561725643e+00,3.448357593539462140e+00,2.549778542880833943e+00
7.081727027774106231e-01,8.074660615916305906e-01,-3.127784059134786077e-01,-9.193768214816205875e-01,3.116289467389303791e-01,-8.846857518743946880e-01
1.311817858876018539e+00,1.462275924043629605e+00,5.013492177494520696e-01,-8.163377188603698764e-02,1.262456862149595294e+00,3.611667172958904493e-02
7.759266562321360805e-01,8.692994560558070516e-01,-1.532261644876349305e-01,-6.984536292935464852e-01,5.123818555194170621e-01,-6.552089808613132949e-01
-5.384772648524616123e-02,7.782624808745808309e-03,-1.398639757431642261e+00,-2.001147569244536406e+00,-7.678077600029737937e-01,-2.074476638762075886e+00
8.904403609015593135e-01,1.019899798346204811e+00,-1.551195453662634893e-02,-6.307720234152421890e-01,6.368638582518204583e-01,-6.788678618534131903e-01
1.624883839806885444e-01,2.365468655154527866e-01,-1.082013044340201402e+00,-1.655316639454172289e+00,-3.842616638409106500e-01,-1.690611298965035703e+00
2.558858263548438039e+00,2.884184828388790756e+00,2.482778047235517871e+00,2.009436497353509932e+00,3.049281779535359949e+00,2.240087671106985923e+00
1.571220388592285966e+00,1.773605992149496435e+00,8.797051300061148327e-01,2.965469758085351737e-01,1.543996451612751786e+00,3.801821097584796583e-01
2.671260352523619819e+00,3.032695927110577561e+00,2.610853426523577436e+00,2.200168174820061662e+00,3.183428840424811224e+00,2.395015412032608371e+00
1.620672283641395151e+00,1.757173024928305516e+00,1.004328789577323855e+00,4.691923103220199120e-01,1.739166488707687641e+00,6.345931647586551261e-01
2.711634187269195806e+00,3.057114898548976889e+00,2.440454289419086376e+00,2.061373121951575627e+00,3.149991671017652095e+00,2.026604254381092929e+00
3.698651554459576829e+00,4.000492314645688552e+00,3.789750307972213683e+00,3.606643471420239777e+00,4.197488688165348591e+00,3.772106427703667997e+00
6.835910711817109187e-01,8.687574692488981842e-01,-2.422743085742056213e-01,-8.912038546552988327e-01,2.967435139832215185e-01,-9.185455495596637210e-01
7.543123744788511331e-01,8.474874470461226661e-01,-2.551784500080127582e-01,-8.495284767491496636e-01,4.121456505485909805e-01,-8.237987521675760316e-01
9.888484912518253900e-01,1.127588843943320818e+00,1.174305172079479487e-01,-3.377581696139865253e-01,7.613714816877213964e-01,-4.235254766102442558e-01
-5.592930897272996305e-02,-3.666892643732411194e-02,-1.377576449331353592e+00,-1.993962991157625986e+00,-7.592571784913331179e-01,-2.053585423993056658e+00
1.760285780786754239e+00,1.952192331853758844e+00,1.142757978697321430e+00,6.720264112512144283e-01,1.874101677215554762e+00,7.726516236139182592e-01
2.929573694856854260e+00,3.229500907213332273e+00,2.833191884029305996e+00,2.490006031349726534e+00,3.406388230657537708e+00,2.507968319643934407e+00
1.774512132606588244e+00,1.948804350437483679e+00,1.068589485787873050e+00,4.836384254582032360e-01,1.741257908581074210e+00,4.902410790950105790e-01
2.266867865297481632e-01,2.910136749607110662e-01,-9.474271478182645367e-01,-1.496266839101079160e+00,-3.429253439427759620e-01,-1.495531805761544097e+00
5.780064932552790857e-01,6.534230492157370174e-01,-4.951126653983621839e-01,-1.093692269569205955e+00,2.065580684009686863e-01,-1.085833825326049995e+00
4.612710033394678000e-01,5.470277864280466140e-01,-6.050494066948819416e-01,-1.171190940075805376e+00,5.053973110529463852e-02,-1.143307237779483509e+00
7.757715650748238101e-01,8.683969472662611544e-01,-1.625456092596604396e-01,-7.513834212278406310e-01,5.136315418783503617e-01,-7.471030730484884419e-01
1.671193435997166965e+00,1.883734772630953902e+00,1.085286999732160584e+00,5.627285395087764375e-01,1.783162034287962827e+00,7.164027529746858081e-01
1.805293858215149871e+00,2.038834672603715426e+00,1.267005468420546288e+00,7.482341857356787918e-01,1.953434288065262869e+00,8.029862467374520030e-01
1.607096075883180708e+00,1.720798095673847339e+00,8.819326824995721292e-01,3.325303147605273568e-01,1.670819316104002139e+00,4.432336216009967189e-01
1.129592456273297296e+00,1.202105467476408673e+00,3.536308212501940718e-01,-1.646691432312989978e-01,1.073179647684336713e+00,-1.335830602011708890e-01
2.218040353337242365e+00,2.512565625494486365e+00,1.809034578281598193e+00,1.370380269467144085e+00,2.474326267115758426e+00,1.379564851667610226e+00
3.717969579947156156e+00,4.029415161563549397e+00,3.819420640724422000e+00,3.605305247085752285e+00,4.221356200453085350e+00,3.781641555690889334e+00
-4.373480630426667126e-01,-4.513619022722248353e-01,-1.940390481913403464e+00,-2.709039921210673274e+00,-1.337054506323894554e+00,-2.568550746771005144e+00
6.051903169346544153e-01,6.572921824255061329e-01,-3.776782080035885336e-01,-1.018558486446648814e+00,2.438779150620682401e-01,-8.804507478760719152e-01
1.742099012162786398e+00,1.850575495285377015e+00,1.186981824977734412e+00,6.741222226064456091e-01,1.842989419962280495e+00,7.111562384398214531e-01
8.497892478316949605e-01,9.530326180164867544e-01,-1.165693193132419925e-01,-6.696387202699611851e-01,5.667335815497507312e-01,-6.303278491662998029e-01
2.491796722986411972e+00,2.784739225184019951e+00,2.161551294947306356e+00,1.810870803565597598e+00,2.866244757823102063e+00,1.886101033961185891e+00
2.005077915586154003e+00,2.108366788321540231e+00,1.599256060281947001e+00,1.114715073295595271e+00,2.361826819392336851e+00,1.290282700486527157e+00
