1.557709638086470116e+00,1.716843581618551218e+00,1.018147199808360437e+00,4.451540396920581344e-01,1.608879819562635927e+00,5.541343762649607596e-01
2.642610389262201931e+00,3.029863540841082337e+00,2.504289555519048083e+00,2.100701935334695403e+00,3.024809691677374790e+00,2.327665427331299330e+00
1.808165977411693826e+00,1.997632143148200479e+00,1.331691472777724483e+00,7.922146197577704108e-01,2.016404121683982975e+00,8.661406814142347255e-01
-4.010265749993329187e-01,-3.685518888184469155e-01,-1.891192032167493098e+00,-2.858752347464975863e+00,-1.544359600020722922e+00,-2.825323660293062478e+00
2.042554616558576175e+00,2.272370043949040852e+00,1.667144027414180885e+00,1.202017039524558406e+00,2.305262043515921899e+00,1.337283977269081658e+00
1.298286187215302645e+00,1.509766304804215586e+00,5.676388150631348495e-01,-1.898523229086707120e-02,1.316103411559648828e+00,1.322739462560373891e-01
1.954756888705419859e+00,2.167885555406690479e+00,1.514638307998925182e+00,1.000303053967555922e+00,2.217692473180149282e+00,1.209772353883389773e+00
1.967955809304402059e+00,2.206310284269745736e+00,1.601414519872752074e+00,1.106191835310073035e+00,2.260872874363501150e+00,1.297738268872224099e+00
-4.787654310127167356e-01,-4.466520315549820097e-01,-1.981739305627085335e+00,-2.970890297728674412e+00,-1.660061733293783259e+00,-2.944218211948582464e+00
2.095669169238409957e+00,2.382264369568809492e+00,1.817635691907888207e+00,1.383512055869293267e+00,2.454329174686751713e+00,1.527102840807637252e+00
2.947326745462870434e-01,3.553498059220820959e-01,-8.706152957297115247e-01,-1.555640933637578716e+00,-2.947198672740045655e-01,-1.589357849414432922e+00
8.929041207677814729e-01,9.489372767458744695e-01,2.772236265173433356e-02,-6.925359024114060569e-01,5.859449024099889769e-01,-5.888600699924175785e-01
1.664187287083657152e+00,1.820194688445442299e+00,1.035360573473592449e+00,4.797571498890411679e-01,1.726678417827448797e+00,5.988884406246993697e-01
1.070520057516235912e+00,1.265410364689242506e+00,1.033655614578327109e-01,-5.189791878694623994e-01,8.300699796163386601e-01,-4.722454711490377544e-01
1.778776105718191225e+00,1.955053527765001187e+00,1.234151791080400073e+00,6.818472445688279482e-01,1.914509631806138312e+00,8.164448889625213202e-01
1.553443963926491866e+00,1.724175648582537024e+00,9.481736740053543500e-01,3.490857189355814905e-01,1.678548225994288323e+00,4.716360301094021934e-01
7.010065491635270041e-01,8.329672623195475412e-01,-3.105692262325590036e-01,-1.033383337038060734e+00,3.431058712669439181e-01,-9.237766716782729315e-01
1.718931893549439316e+00,1.883448077201177018e+00,1.067203207631544526e+00,4.215622215996505662e-01,1.679430606676631577e+00,4.818218029046134054e-01
2.596206107624453807e+00,2.926189081005572845e+00,2.464805731066448402e+00,2.206165712150056635e+00,3.027445418192898252e+00,2.300288667407126120e+00
8.794338688487233213e-01,9.910620323727866721e-01,2.626712535159836381e-02,-6.403187318875414036e-01,5.676422094266901919e-01,-6.731743770729063936e-01
1.747671132606971600e+00,1.933649022874120771e+00,1.202938528498694426e+00,6.966416456403472512e-01,1.942464514814328691e+00,8.613734599118372248e-01
1.251173342978843861e+00,1.326326484469517952e+00,5.700360979632064229e-01,-8.034647529798899512e-02,1.249884588859960122e+00,8.417134175006305008e-02
2.172702304669181572e+00,2.529930484058510842e+00,1.901058688870813418e+00,1.504045918015922023e+00,2.582939965062392318e+00,1.452880391913064395e+00
1.142955016533186541e+00,1.349649217884486552e+00,4.142711907742305244e-01,-1.626424333635341779e-01,9.354615113644707547e-01,-5.795955335318175861e-02
1.833118315044644397e+00,2.011214580303462895e+00,1.332726223839454605e+00,7.798839928583508607e-01,2.035347679437273349e+00,9.839313645094174277e-01
-2.535462455341832566e-01,-1.889282752457281944e-01,-1.634622072060607723e+00,-2.560392598203010905e+00,-1.248845423772722008e+00,-2.569890978857313435e+00
3.469268112233002022e+00,3.964936615254092356e+00,3.617635430952269360e+00,3.546544743628806007e+00,3.974856841466140267e+00,3.764121562139642219e+00
1.657903300546509806e+00,1.807854549735319782e+00,1.027923758416236399e+00,4.055860980220363787e-01,1.725423268798019771e+00,4.290547679065686015e-01
1.261972737927854027e+00,1.391138610882615145e+00,5.329056494888699813e-01,-1.044553158550912686e-01,1.208751383058511708e+00,4.342448187858627406e-02
2.775799269649281698e+00,3.209545687430696681e+00,2.638755768647853550e+00,2.275297650558679941e+00,3.160092553992734032e+00,2.452292424543984772e+00
6.056661490930799197e-01,7.626122724533614949e-01,-4.106482438915186606e-01,-1.127491408557580677e+00,1.722834017669454543e-01,-1.064260824416137119e+00
7.201081739486431266e-01,8.526351083852651280e-01,-1.403327447534136185e-01,-8.431741238208630973e-01,5.143840058625541722e-01,-7.230874229945809528e-01
1.362155468124180091e+00,1.565422030287030752e+00,7.019985716137971954e-01,-1.397598327122784312e-02,1.378346460416610020e+00,1.498395887607978927e-01
2.597647805532954823e+00,3.000779728039418615e+00,2.533172194703486202e+00,2.155902538299789395e+00,3.111679245858518073e+00,2.193630919298505066e+00
2.830492848674994733e-01,3.559468700253591855e-01,-8.416996279994140018e-01,-1.582099161344371563e+00,-3.011875407151010098e-01,-1.575321373474553699e+00
2.325455591842907399e+00,2.645726042344194173e+00,2.122874365756062698e+00,1.785720343728216530e+00,2.730539589271037570e+00,1.710169875399180750e+00
-3.761562685396226957e-01,-3.591108453193789796e-01,-1.814873899661878953e+00,-2.715843712746726535e+00,-1.442011673205212841e+00,-2.758512117236192829e+00
5.276846550191488516e-01,6.530810762071282971e-01,-5.197054580046569505e-01,-1.254507148381986070e+00,5.477264904470824369e-02,-1.190306672413036448e+00
3.295532604933151699e+00,3.790104261294297228e+00,3.391829760026861429e+00,3.340171324903926653e+00,3.840499282797652736e+00,3.567911157501017172e+00
5.828908507375752945e-01,7.687321695788573717e-01,-3.741952791948643942e-01,-1.006121832623443790e+00,3.727695973915148286e-01,-9.630978849427560551e-01
2.048957153838156131e+00,2.284884287251518042e+00,1.704027242257969643e+00,1.219642081210570383e+00,2.397277092521492570e+00,1.340883757473439353e+00
1.362935195673041111e+00,1.545633612990313654e+00,6.184912493592806815e-01,3.404682266774908261e-02,1.331680457510762139e+00,1.258787160235912139e-01
1.909437641417211617e+00,2.104936751833613062e+00,1.453944666833499877e+00,9.304233852941655725e-01,2.169073933149565203e+00,1.111587542470888312e+00
1.408456842898844874e+00,1.534149809485878091e+00,7.703038483968706052e-01,1.273801817307014805e-01,1.454361626956403697e+00,2.493592182305115201e-01
1.901808094992857079e+00,2.065351394269593577e+00,1.593995550641254866e+00,1.071159764262627379e+00,2.256661178916104404e+00,1.213797869676802366e+00
7.928699155941507648e-01,8.979901496522635362e-01,-1.260798145371155865e-01,-7.671851453711568958e-01,4.974979557635786920e-01,-7.329760697067504438e-01
3.231640279480193279e+00,3.668035172678715483e+00,3.274469626348936124e+00,3.151144185409160414e+00,3.701220032021580675e+00,3.349652779517611201e+00
2.895308108380744372e+00,3.265802665035839158e+00,2.817910304945108635e+00,2.606673730805633138e+00,3.367888998569455783e+00,2.832161515598285551e+00
-3.976635729686601728e-01,-3.619025721082842484e-01,-1.885515397838144258e+00,-2.850439257282959549e+00,-1.537147776914397301e+00,-2.818828488923199593e+00
1.241112592254789648e+00,1.395188808937101177e+00,5.594040861839881806e-01,-5.020627232655866523e-02,1.255149240341534522e+00,5.589080115706174245e-02
1.577584482324692283e+00,1.768811832323359035e+00,9.026829794894442038e-01,2.921894439195554805e-01,1.620015213729832704e+00,4.089549085539300188e-01
2.676611807698252576e+00,3.150530999148182687e+00,2.666799937273092613e+00,2.291240021994748854e+00,3.217260828226751634e+00,2.296402288691974380e+00
1.977216046406785832e+00,2.197491515191627443e+00,1.675225564523064037e+00,1.251000418205184150e+00,2.353180470407552960e+00,1.312177472896049135e+00
6.705724606177254632e-01,9.195660950732055250e-01,-2.622576715054047991e-01,-8.966438802960553511e-01,3.591291603775710328e-01,-9.031726743492758391e-01
1.637256233976924991e+00,1.924370691093500341e+00,1.090463990738485434e+00,5.023637407483727557e-01,1.807880082995782400e+00,6.608028462068421538e-01
5.245199166700049709e-01,6.355486089548196826e-01,-4.852322750342317192e-01,-1.284691176979584792e+00,-5.212965649141154678e-02,-1.340249652677942160e+00
1.879258033992584398e+00,2.073458054568071862e+00,1.377949152068699945e+00,8.628785153237675809e-01,2.100795943210913119e+00,1.038033605692939565e+00
4.850522350708245112e-01,6.023046010592554289e-01,-6.260795276234825124e-01,-1.253424728427646961e+00,4.572030146280026131e-02,-1.179881633257269025e+00
1.515039676486773956e+00,1.676066389053904926e+00,8.364669223539918930e-01,2.584287678108244668e-01,1.528235393142042708e+00,3.414416585130730653e-01
2.534796222578902025e+00,2.846486404940117954e+00,2.376855640538788617e+00,2.070714320177224010e+00,2.940714443206248863e+00,2.194449098991094527e+00
2.147598972260385430e+00,2.302606192315981737e+00,1.849896560882313468e+00,1.296797080900703669e+00,2.381268182804426203e+00,1.412864310126636047e+00
8.314947650479254104e-01,8.355019908635052950e-01,-1.760010909366521714e-01,-8.687741856603016233e-01,5.175560695965405467e-01,-8.516094125520290437e-01
1.910516968915952463e+00,2.134566601091298477e+00,1.500638009667522033e+00,1.021723545354251250e+00,2.205638065496367428e+00,1.119396958885902738e+00
1.778513823157803930e+00,2.123868090623139082e+00,1.098378038563224024e+00,6.709325396190370938e-01,1.933826143374753670e+00,8.229914159027695852e-01
2.940914168814322327e+00,3.456483749204111611e+00,2.981621988546676150e+00,2.765757909423610883e+00,3.584593901806556904e+00,2.785495669364383531e+00
1.834509607555541599e+00,2.036053969656313800e+00,1.391581145092127159e+00,8.530158470918248748e-01,2.063133278263861392e+00,9.545991206808832619e-01
9.735565899606224427e-02,2.784697567773395388e-01,-9.993154061431224200e-01,-1.863411041492704978e+00,-5.987589179369847692e-01,-1.835550467644616823e+00
7.990144216016651368e-01,8.510567186796406114e-01,-6.891527488584303640e-02,-8.075128869992688196e-01,4.144912795328863364e-01,-7.997781662233398592e-01
8.723256773231269356e-02,2.680798885985491431e-01,-1.057400834170959980e+00,-1.993834384674507465e+00,-7.113011711650836233e-01,-1.939045598652592961e+00
8.003022957223151490e-01,8.122178233754741017e-01,-1.882892177983004345e-01,-8.809257842751786471e-01,4.919766479391365355e-01,-8.598354598673147997e-01
1.982114171969912686e+00,2.238138695755636398e+00,1.570116961145371359e+00,1.123390724024575738e+00,2.277306863538725246e+00,1.227325582953948446e+00
1.989762411129484043e+00,2.229452924448432682e+00,1.584457544791462169e+00,1.098329083179368393e+00,2.282362188320061325e+00,1.148384923152335091e+00
1.127785518454247793e+00,1.191981599602837782e+00,3.470481391994475473e-01,-3.251523907678433023e-01,9.258965703594315144e-01,-1.858368512696624841e-01
1.165968318513564084e+00,1.297010588895075145e+00,3.764222422029883663e-01,-2.463485645962582571e-01,9.425027605525418961e-01,-2.101280848760014863e-01
1.232242149524003239e+00,1.354159826514107934e+00,5.102544443547409880e-01,-1.003124004016581194e-01,1.247714822322338213e+00,-5.176935190159437372e-03
5.781850066189614390e-01,6.806341262449725482e-01,-4.718382728997367881e-01,-1.123808992251011052e+00,9.977271624448524889e-02,-1.114939182400805695e+00
4.548330611836768345e-01,5.496056728302856076e-01,-6.296182084728676465e-01,-1.402119316341254418e+00,-6.424791597029466672e-02,-1.346402597308072435e+00
1.192297511770580076e+00,1.408232746728353746e+00,4.258950424463068818e-01,-2.566961636503842237e-01,1.164714216920243794e+00,-1.506387216435853271e-01
1.393625319887884961e+00,1.505601091583038897e+00,6.962034270448729245e-01,1.018125166082449046e-01,1.235760161033407911e+00,1.888262357640895506e-01
1.740930109462117681e+00,1.892112538520489329e+00,1.159216323046679431e+00,5.640781748614550617e-01,1.826760164626402672e+00,6.743665566673282541e-01
2.081096367236728195e+00,2.336003599594848712e+00,1.761383431179726511e+00,1.376641668883996417e+00,2.438892151045596091e+00,1.509009926986495165e+00
3.105794061176858634e+00,3.588320523109106652e+00,3.200410492415192820e+00,3.056221430380292592e+00,3.627012707157323046e+00,3.255436715605309228e+00
3.217774800688141923e+00,3.677035689848494382e+00,3.300661767874763619e+00,3.162863738410591985e+00,3.718872249892308801e+00,3.362930512071834688e+00
5.103579587516745564e-01,5.609196530207301024e-01,-5.492466908301676387e-01,-1.352987047788658970e+00,-2.382318681042194797e-02,-1.309405961178666811e+00
1.401257048809569916e+00,1.559243362544986855e+00,7.453450926485363226e-01,2.006451214730826382e-01,1.497000026635195713e+00,3.136798193452347561e-01
1.802360804806365291e+00,2.016371537378540690e+00,1.353807706984625492e+00,9.438572995885673445e-01,2.118980698623394332e+00,1.047984785363297533e+00
9.207278708325512540e-01,1.108561928258962492e+00,1.836914729794192347e-02,-6.454843954823025198e-01,6.786779355713913331e-01,-5.884921753270542233e-01
1.997982875421658644e+00,2.210778483925397442e+00,1.600291069773239316e+00,1.080893746723733395e+00,2.178244966977157304e+00,1.275818310138882250e+00
2.176070243582609809e+00,2.435274448596407293e+00,1.830304325570981883e+00,1.362757158219932929e+00,2.409061754144688816e+00,1.549414152010078816e+00
7.983232685885034430e-01,8.983271628751280380e-01,-1.043301205783020436e-01,-8.293205667374717871e-01,4.659683447909571674e-01,-8.059892575453002639e-01
6.283218933351141233e-01,6.858207383296004434e-01,-3.038852020053224301e-01,-1.075262459637073675e+00,1.932205071231520854e-01,-1.010460334955110451e+00
1.718221393092689286e+00,1.854994861020272001e+00,1.178611544992999471e+00,5.861304821662123299e-01,1.819336713807953920e+00,7.832870127252720138e-01
1.755030067514365077e+00,1.962012029421243087e+00,1.075688089584955653e+00,4.688285861190784054e-01,1.740282428767735867e+00,4.668912798647079088e-01
1.280937936463376392e+00,1.413809918156439416e+00,6.211181539388008765e-01,-4.014981514040066868e-02,1.285590060355942033e+00,1.150716621324731070e-01
1.400458137137851500e+00,1.571116266495295344e+00,5.534980342119026897e-01,5.384661543669716499e-02,1.284064082810015384e+00,-1.151578812616255165e-02
5.177085674768240331e-01,5.944598025287388676e-01,-5.154605037495136877e-01,-1.321341975840448324e+00,-2.314859404822122713e-02,-1.342338388011227179e+00
1.383855962298541797e+00,1.538804536809575518e+00,7.352531059063546204e-01,1.113476801017686812e-01,1.371311187384620656e+00,2.634253174409696419e-01
7.273755180296026523e-02,1.596690992168616763e-01,-1.204290185474501618e+00,-2.049792251622934547e+00,-7.768067225021551003e-01,-2.005141656170279951e+00
1.448845493927990002e+00,1.589085357774177032e+00,8.258494168675095670e-01,1.844499821987817256e-01,1.507284319247809146e+00,3.160593825923748157e-01
1.069346732697535884e+00,1.191568256135000281e+00,2.947697518849110576e-01,-4.791361136338552207e-01,8.406071270140977880e-01,-2.855727717916192732e-01
1.125003764074114621e+00,1.281439937686135178e+00,3.173343592995260254e-01,-2.579579652702103654e-01,9.782707368615457533e-01,-2.267240841330563916e-01
4.962880109600767975e-01,5.315685393333364761e-01,-5.567714807179520164e-01,-1.345975381299572948e+00,-4.714762812533446201e-02,-1.326272403745288431e+00
3.000564214515336836e+00,3.418802008500571255e+00,3.016129731994132257e+00,2.816156123844223647e+00,3.477396628488109709e+00,3.028862779787568460e+00
1.067241130322126086e+00,1.181958389660939135e+00,2.228652108699568091e-01,-4.428607646219605565e-01,9.139691513885808138e-01,-4.239399961717992826e-01
6.455209052728222430e-01,7.324976748382725500e-01,-3.495313960218593419e-01,-1.040271230869692864e+00,2.874713390258634149e-01,-9.755156315977511206e-01
1.490802527365610697e+00,1.638735421665378444e+00,8.757492340703355582e-01,2.891159730483272572e-01,1.545982666626025015e+00,4.347302804691403622e-01
1.044391125908902040e+00,1.142368397848778860e+00,2.475294384547465087e-01,-3.760776502383433861e-01,8.664371252139870805e-01,-3.046585848367956983e-01
5.723732735045591324e-01,6.559226150985066894e-01,-4.286733590782672021e-01,-1.179240514844266396e+00,1.456498764273019830e-01,-1.094996414768172110e+00
1.896867264744740211e+00,2.098003864027017329e+00,1.419176900433185118e+00,8.850545389727133561e-01,2.087529479174926816e+00,1.012097765767117297e+00
9.125032323149687707e-01,9.689023103822556049e-01,-1.473822033903016138e-02,-7.005612034141497357e-01,6.033100252745982051e-01,-5.686199355635479513e-01
1.891992895512822681e+00,2.057911082894759769e+00,1.375397869334319179e+00,8.326720198169511589e-01,2.050467578130428681e+00,9.146286287322411557e-01
1.709351396954663205e+00,1.879994702299271125e+00,1.166921157086096228e+00,5.648482125599516568e-01,1.825457739596936468e+00,6.656333980546009776e-01
2.581501933614684940e+00,2.990183108154917946e+00,2.517499159518579610e+00,2.144530563062575279e+00,3.086605961361100103e+00,2.130655994343686022e+00
2.057347700479865704e+00,2.306303107587401868e+00,1.674277847658225404e+00,1.202576114109638716e+00,2.341867410293072105e+00,1.252121215309346391e+00
-1.940573080353207303e-01,-1.935367117929867042e-01,-1.535116910911779931e+00,-2.460331432879197422e+00,-1.121149871502696627e+00,-2.455444864757615253e+00
4.022646862388008504e-01,5.437731579890938693e-01,-6.589794863380442624e-01,-1.517855971271744764e+00,-3.026413277849122618e-01,-1.498026953898214719e+00
1.795436773802321362e+00,1.989677914017617733e+00,1.301451624704166976e+00,7.748365414431005460e-01,2.036593328347769294e+00,9.905041661531552855e-01
1.033121751727785753e-01,1.321465108312511738e-01,-1.146053217741235031e+00,-1.958853934615432557e+00,-6.830669995078832990e-01,-1.974168540184774834e+00
3.031117349388346760e+00,3.584819484593717576e+00,3.135351524655400901e+00,2.952124320573643601e+00,3.744904212663831888e+00,2.918155867333383835e+00
2.439030038468243511e+00,2.717891803967210862e+00,2.246719896793490712e+00,1.896209264747534817e+00,2.831875561256540497e+00,2.055068690079682625e+00
8.475769959382689622e-01,8.974140714395526519e-01,-5.462971311746345204e-02,-7.548976367377908669e-01,5.845853863833654351e-01,-6.533834366760482570e-01
-2.050509975351575420e-01,-1.998591432513134869e-01,-1.499297976064413396e+00,-2.379791245497957952e+00,-1.141089968400529564e+00,-2.424242301235122188e+00
7.121465949017300456e-01,7.753347711562783573e-01,-1.881725877795619173e-01,-9.427057294551227651e-01,2.969732703152212494e-01,-8.937700088773974372e-01
2.846226602680718365e+00,3.342929917915465232e+00,2.833464789954630803e+00,2.547049231198784014e+00,3.427880143624243203e+00,2.534704274782508815e+00
1.399353019460874759e+00,1.515827424083131536e+00,7.372682281191309528e-01,1.109386347921179350e-01,1.318236230455394953e+00,2.107261118445122872e-01
9.322798673794191471e-01,1.034899384226942498e+00,2.804102225669036219e-02,-6.417555399513861225e-01,6.538332066838042911e-01,-5.795146535475004246e-01
1.990999287934323014e+00,2.212597780952673787e+00,1.598064335279789194e+00,1.028157556016505492e+00,2.256516962139120341e+00,1.110076297798952449e+00
1.201849964002105864e+00,1.320441540531840374e+00,4.270225022228143485e-01,-1.673718078650875962e-01,1.192543567553336015e+00,-3.687917681601837749e-02
5.018584746347507508e-01,5.963575829567808739e-01,-5.595501712666812733e-01,-1.337588625818373345e+00,-3.841624977185675860e-02,-1.295776128079631828e+00
2.624160341583282374e+00,2.971067929699327870e+00,2.678267193672093427e+00,2.150951309842173309e+00,3.022894704196309679e+00,2.211907510472466143e+00
2.563050261572598298e+00,2.985382663033671502e+00,2.432764255774763296e+00,2.067081952787620747e+00,3.026543646890121675e+00,2.153438023521770273e+00
3.094360201230582419e+00,3.543165298181782497e+00,3.118780917360016502e+00,3.016008986833468963e+00,3.602440167876573618e+00,3.189440626644369559e+00
2.123711650777499127e+00,2.361048535329164366e+00,1.804854721935422512e+00,1.315691923420889253e+00,2.420532908218639534e+00,1.463985964409050267e+00
1.443827336635013170e+00,1.611606576285900205e+00,7.848232630451701386e-01,1.672183545178843600e-01,1.524563953544268990e+00,2.997016372269287188e-01
1.857463587510005176e+00,2.037485646652353655e+00,1.410388679031879366e+00,8.079778506922377090e-01,1.931121086855575708e+00,9.825737243597465476e-01
2.394801405937870609e+00,2.760983356614570283e+00,2.167788477042827733e+00,1.814109177967231812e+00,2.883469930941917170e+00,1.952079783894000498e+00
2.496202377720940113e+00,2.892315529503421967e+00,2.350416639729135504e+00,1.979640518952941353e+00,2.956321736126300781e+00,2.052904821848744898e+00
2.458028996239809416e-01,2.957834541192738698e-01,-9.107971029025732079e-01,-1.725606622013017954e+00,-4.012375161800370016e-01,-1.727088724308341483e+00
-4.747854475107826655e-01,-4.399864918418256998e-01,-1.975313990518202223e+00,-2.961793680077758228e+00,-1.651665447755645388e+00,-2.936161054979262275e+00
2.291917504875780942e+00,2.630910301779582294e+00,2.005856068778976820e+00,1.589194499591048526e+00,2.660473536622379953e+00,1.631483685983222909e+00
2.575810537671508804e+00,2.928278148784953849e+00,2.386912813455957405e+00,2.139247545273060602e+00,3.025804463327338212e+00,2.370524285139116838e+00
1.798116578179870473e+00,1.986188401681240334e+00,1.294342493073478595e+00,7.006899174527875251e-01,1.940898584655234682e+00,8.257399846025486045e-01
2.078918598442534460e+00,2.320627461159178839e+00,1.753533479742099832e+00,1.267292403675239765e+00,2.384118295228445206e+00,1.430656043181057546e+00
6.577593473285171521e-01,7.827205652520911050e-01,-3.466017591906731532e-01,-1.095962124361377299e+00,2.366244300945823387e-01,-1.007013983787642397e+00
1.459260112508725671e+00,1.497742670449885738e+00,7.927992980299476411e-01,1.693442104297855910e-01,1.426742151256066959e+00,3.007313856116297646e-01
1.156777743191813146e+00,1.295372271744305914e+00,3.332324469343841966e-01,-2.798695995608804221e-01,9.604991992337303941e-01,-1.576578076818888063e-01
6.398516885591534198e-01,6.204230688281449080e-01,-2.428501268923113354e-01,-1.058339680484264189e+00,1.943221198729172539e-01,-9.563339609147185616e-01
1.530125906915626999e-01,2.266768380786154946e-01,-1.066518681052148088e+00,-1.890837840130278114e+00,-5.713950163350949296e-01,-1.824633330192921399e+00
2.664640467323553974e+00,3.016879501387841778e+00,2.543291555690984751e+00,2.271282891405759230e+00,3.140101606914446730e+00,2.468869816983797261e+00
3.267416328766581390e+00,3.740686723901425204e+00,3.371235052751707428e+00,3.258478774455621618e+00,3.787253656442246985e+00,3.462636548410544801e+00
3.203253488480930944e+00,3.689673487662909590e+00,3.305300751507576962e+00,3.158808365657394202e+00,3.724789367242347993e+00,3.394668292943256560e+00
8.074473682170754119e-01,9.892261072561929769e-01,-9.722761754690889546e-02,-8.279547389722415884e-01,4.580464432009873077e-01,-8.078398794969445795e-01
4.175433936589134643e-01,4.689337930866555038e-01,-6.763345366528907832e-01,-1.453646886074568823e+00,-1.794991358811879323e-01,-1.459898015247341307e+00
1.836865537633125545e-01,2.303206912423068076e-01,-1.008249465279257295e+00,-1.805949056272312614e+00,-5.113207132023795953e-01,-1.786924523465418968e+00
3.995435947740826332e-01,5.191479127605305166e-01,-6.490474494645297465e-01,-1.442292593918951482e+00,-1.144687463696731911e-01,-1.314830345830564573e+00
5.802217200519402818e-01,6.496725203086924916e-01,-4.555374563245306874e-01,-1.224953208215345590e+00,9.220145908458721173e-02,-1.191779608326483109e+00
1.404575378464481439e+00,1.538256741927011451e+00,7.164458209646248354e-01,1.066105518720868450e-01,1.309693090198675414e+00,1.762256193159646434e-01
1.568711606006159220e+00,1.787038954131425772e+00,9.368577210244033449e-01,2.905292441298498174e-01,1.670580280229727155e+00,5.447311891597877986e-01
2.249054796601841488e-01,3.045034512307431829e-01,-9.306695284422825676e-01,-1.664829373897184883e+00,-4.236560915885057010e-01,-1.779345490542945996e+00
1.519982866482902706e+00,1.702459198120691575e+00,8.983509184152693727e-01,3.583093616921060875e-01,1.549648437431745407e+00,3.627050156419406313e-01
1.161942738331733782e-01,1.675760533673575914e-01,-1.073028431579224673e+00,-1.998556913900271681e+00,-6.983299405103742252e-01,-1.922705064162518074e+00
2.488944060109543166e+00,2.876656159021727888e+00,2.229241021878453743e+00,1.769142892543776657e+00,2.881950472277697184e+00,2.004649284938988973e+00
1.218852634572456406e+00,1.338600264177219445e+00,4.704705533333998213e-01,-1.255101471475207897e-01,1.109404168607190488e+00,-5.096970923364602113e-02
2.518587426870316115e+00,2.803058689186903152e+00,2.322150826218907227e+00,1.937649501315412692e+00,2.873095340525372077e+00,2.121516172661181532e+00
1.928555075189938073e+00,2.099249691558119579e+00,1.471987097976897418e+00,8.714858568948730122e-01,1.971350880805177397e+00,1.097533768485062122e+00
9.199972966392866436e-01,1.091993772570173604e+00,3.490443558381806088e-02,-5.533818822836350515e-01,6.987145896927338118e-01,-5.687482793313070051e-01
3.957972379670724461e-01,4.283427296693169684e-01,-7.187764148804653974e-01,-1.452021838446637680e+00,-1.146288124385597129e-01,-1.447621948040011652e+00
3.362973729193599048e-01,4.197163369081629014e-01,-7.346935586453369194e-01,-1.455636462900700590e+00,-1.693445004827860423e-01,-1.460971384040145482e+00
3.410667691839709637e+00,3.919514563249345329e+00,3.589826940474281081e+00,3.509413810743251538e+00,3.949847776967179591e+00,3.711005761866486008e+00
1.116064892196944935e+00,1.245088304990779271e+00,1.999204914047620907e-01,-4.399520742554573483e-01,8.737906798121394258e-01,-3.691603750462056355e-01
4.283622620323710439e-01,4.861428417749482644e-01,-6.571054859525684577e-01,-1.472005236014583662e+00,-1.489356356299997852e-01,-1.430177304478399636e+00
2.075099857837231720e+00,2.352965618338275444e+00,1.650748268630354065e+00,1.114904534166621275e+00,2.275461892306218203e+00,1.303210109986985499e+00
2.639441248646571037e+00,2.999588074775091151e+00,2.465691221021915069e+00,2.240770529337928973e+00,3.094084681538157966e+00,2.480658647270164607e+00
2.670801037270060796e+00,3.034467167358875450e+00,2.601544524759231702e+00,2.298516423819506382e+00,3.124090147525573347e+00,2.473367486567227935e+00
2.009592929368517300e+00,2.249448180919158435e+00,1.532973236100371617e+00,1.084013312266633555e+00,2.229420128956883573e+00,1.143186428516816289e+00
1.759969607043006867e+00,2.038556622422833531e+00,9.878662716572140789e-01,3.506178809776200334e-01,1.638048974934515289e+00,5.943728443087734625e-01
1.967981573575536602e+00,2.182912303703725243e+00,1.510366711326165845e+00,1.009704935101572554e+00,2.188228079037550788e+00,1.119745276502382314e+00
9.321860653654792106e-01,9.978510029715734753e-01,3.219032267923416235e-02,-6.490124063618598615e-01,6.429241898586319781e-01,-5.220103999445091514e-01
3.273745238021625870e-01,3.959998479773119140e-01,-8.322059575728992797e-01,-1.624331308456294920e+00,-3.554904125673881143e-01,-1.627784574430840570e+00
-1.948402392723156407e-01,-1.065660574704414554e-01,-1.528104822564760434e+00,-2.480099577315071357e+00,-1.159134180701971495e+00,-2.437929027460762565e+00
1.164274802856261282e+00,1.307120092135103384e+00,3.885340350063974935e-01,-2.094560693279606811e-01,1.108428077265121825e+00,-2.142339209837073599e-01
8.420101240378585761e-01,1.016619574664213710e+00,9.584627720412930429e-02,-6.174860020966820295e-01,6.757771805934306153e-01,-4.886935568100578275e-01
1.093266024194823327e+00,1.149612516484920688e+00,2.841170711273671712e-01,-3.859379118251345941e-01,9.473016703461289989e-01,-2.051241091642534431e-01
1.866465536849192475e+00,2.035351034425604944e+00,1.552835555568278014e+00,1.055373801903854325e+00,2.194877131018428962e+00,1.170216676701086200e+00
1.024052865424051939e+00,1.176382395491495592e+00,1.897586421013243152e-01,-4.871007158225360012e-01,7.259688141993574373e-01,-4.754140444334387650e-01
-7.322524722492913529e-01,-8.601997202981879198e-01,-2.229046336478748280e+00,-3.226519772733138502e+00,-1.981429099422900464e+00,-3.353297485115132481e+00
1.474458066056833827e+00,1.602666434026453590e+00,8.472885020075449081e-01,2.600273267179548653e-01,1.541272380765067007e+00,3.431003874875948600e-01
2.469236956457594445e+00,2.763460830729680850e+00,2.286832924606843953e+00,1.966405267588239525e+00,2.848614224777331394e+00,2.089912562342608027e+00
2.042554616558576175e+00,2.272370043949040852e+00,1.667144027414180885e+00,1.202017039524558406e+00,2.305262043515921899e+00,1.337283977269081658e+00
3.076037072969014297e+00,3.521335536304503577e+00,3.098909748125103114e+00,2.985519164072610643e+00,3.581411864170603199e+00,3.157066227259051505e+00
2.081511327158096947e+00,2.310958425005200212e+00,1.727990925114599730e+00,1.280644949095983254e+00,2.359302506111998543e+00,1.312627082738729412e+00
7.244021022723201586e-01,8.406265517250101071e-01,-3.158819872973783749e-01,-9.504454258522881949e-01,3.690909336034613464e-01,-9.766698497712107407e-01
3.179087269501109425e+00,3.661292860284685702e+00,3.281692965964083442e+00,3.135096605069647158e+00,3.705389395954235443e+00,3.346191778833702113e+00
2.074322170446199376e+00,2.412070256888596997e+00,1.728606422048287961e+00,1.385777296042506102e+00,2.488337273167100960e+00,1.413890303533641868e+00
-7.421854106188263689e-01,-6.031348177588387038e-01,-2.306077033209052551e+00,-3.169108999617672229e+00,-1.767953349993219181e+00,-2.956021602246627022e+00
2.035413942421167910e+00,2.281313047999039334e+00,1.588757334208066974e+00,1.069897109399788437e+00,2.319952756899563262e+00,1.198232056669307433e+00
-1.528682066237256887e-01,-1.020709257465333142e-01,-1.513268842216124233e+00,-2.393603613948696918e+00,-1.101549448283948962e+00,-2.356421098044895857e+00
1.735869409137010155e+00,1.937945476053900773e+00,1.051656198351964999e+00,4.165142238886891390e-01,1.700767174943321525e+00,5.043177063752307676e-01
4.713422038555461491e-01,5.649777571896161810e-01,-5.276795141016858981e-01,-1.406445037831320910e+00,-7.454372159215849614e-02,-1.231078990303182241e+00
2.430524546038766331e+00,2.707031514787549664e+00,2.213102000952740234e+00,1.881173855186989208e+00,2.793760121250892681e+00,2.000488424010226307e+00
8.749360647238073607e-01,9.742366740377188528e-01,-3.533064962990872804e-02,-7.051886646581316809e-01,5.784448447803909321e-01,-5.962151124324601703e-01
3.636317949908700609e-01,4.247865685442890893e-01,-7.130831239899413365e-01,-1.528598132881210159e+00,-2.499294372692952848e-01,-1.478711978105582858e+00
2.421860750489574166e+00,2.663569345874637229e+00,2.188229212169714444e+00,1.814818113983414527e+00,2.789710098058593601e+00,2.016513468954065136e+00
2.218593415539805491e+00,2.441100732595133493e+00,1.930471036784074945e+00,1.494204312958463454e+00,2.535016084805967296e+00,1.648414389032519800e+00
2.490432746294877653e+00,2.713297946588577148e+00,2.238611262302257376e+00,1.891985230169685561e+00,2.816775229150796811e+00,2.057920885618261586e+00
4.770525746606057993e-02,1.143640899249085408e-01,-1.193090772221723439e+00,-2.023364536692972671e+00,-7.254780013759600799e-01,-1.967543012633475641e+00
2.818194649682924435e+00,3.175422573853545316e+00,2.743321636453354806e+00,2.509495320777040739e+00,3.303789309480895220e+00,2.683563606701412585e+00
1.954611362086682957e+00,2.182892747524026511e+00,1.468711030541888229e+00,9.637462378707498667e-01,2.160789253634630480e+00,1.097609334680062387e+00
2.555061465005608046e+00,2.965781504579722228e+00,2.405687379171562057e+00,2.022093833400874452e+00,3.006066330226464522e+00,2.121818523357514863e+00
1.653920148821047986e+00,1.860297270343239440e+00,1.131250840175886729e+00,5.588851685144363701e-01,1.859536850057673885e+00,6.540018365819746382e-01
1.762179505358509424e+00,1.937472932410724713e+00,1.265918327301561952e+00,6.667663412602903295e-01,1.932535373238578158e+00,8.361656988941741364e-01
5.976868233955567877e-01,7.117472741882097109e-01,-4.331351246574532965e-01,-1.196285767050583537e+00,1.102739389399118863e-01,-1.258506964391988392e+00
1.608868103456486454e+00,1.781119665199290658e+00,1.089013632834825218e+00,4.869698703812494478e-01,1.628694671899104440e+00,6.805315679995405098e-01
-2.773246415851635671e-01,-2.374236424585349781e-01,-1.727775778470683976e+00,-2.576777549398642897e+00,-1.260020552230423974e+00,-2.536402137500027187e+00
1.055987092407130623e+00,1.131184905439301058e+00,1.689393384982167401e-01,-4.880416817663986162e-01,8.688396686448474071e-01,-3.470900052840145134e-01
1.983265079782763785e+00,2.190195368927099651e+00,1.551509842853160848e+00,1.044520799261357435e+00,2.215006824663664275e+00,1.118502773717955812e+00
1.825130991527463165e+00,1.977392185398063384e+00,1.282343639680806557e+00,7.199741764753977424e-01,1.978165863313937178e+00,9.024677284281341638e-01
1.534196274553028649e+00,1.656444988448468436e+00,8.922803045107150499e-01,2.532162261303502193e-01,1.544449697031744728e+00,4.003263981214440492e-01
2.036202547619110792e+00,2.270868381053426255e+00,1.614442235675663362e+00,1.104778583636729872e+00,2.263675015818421343e+00,1.234871218623839972e+00
8.731355412227349566e-01,9.809739705431421708e-01,9.150144454554087758e-03,-6.363436620827779278e-01,6.666716511383455890e-01,-6.134041710892730315e-01
2.781952067799869255e+00,3.195434240290770944e+00,2.664957287419993381e+00,2.312674735440297002e+00,3.176737467837195794e+00,2.501398166839090109e+00
3.960468620714714394e-01,4.762192125756650185e-01,-7.192226876439649086e-01,-1.499056407574137495e+00,-2.027170070043908812e-01,-1.474913178941020142e+00
1.945745470918071707e+00,2.375898953504098188e+00,1.497750861821811164e+00,1.112717939067503714e+00,2.095689880514087999e+00,1.202376159372292808e+00
1.697648412208698332e+00,1.890458431075085155e+00,1.181951993499122278e+00,6.123312514510850235e-01,1.908085139951903209e+00,7.073106283571147790e-01
-1.014015970634276620e-01,-4.553495182378552997e-02,-1.380967654063057326e+00,-2.304591707769425568e+00,-1.030424552942498018e+00,-2.316326306406869318e+00
2.365104811819650266e+00,2.758897885082292056e+00,2.125087084324929876e+00,1.785985897174760417e+00,2.805814285733414071e+00,1.840856366896974849e+00
9.858642149720850956e-01,1.121508576433062565e+00,1.836283538443247432e-01,-5.103419936328482676e-01,7.438835909027782245e-01,-2.389653039043810323e-01
1.412360116464243642e+00,1.617865341998903084e+00,7.141910273024782985e-01,8.360177008271885146e-02,1.427112107964228827e+00,3.638004755759255970e-01
2.454031557903275651e+00,2.714948540794860143e+00,2.248391525200339025e+00,1.897436460590812501e+00,2.850166296236522623e+00,2.035275524814138759e+00
7.412821762530755754e-01,8.499233629646909538e-01,-1.364624642435925406e-01,-9.229995199463986166e-01,3.150607591225900173e-01,-8.059483285069191094e-01
1.885200841448477327e+00,2.062243347664671322e+00,1.446452803114066654e+00,9.377483787439906404e-01,2.136215952242999094e+00,1.015585763322040869e+00
2.967833847777789025e+00,3.452391682360044456e+00,2.901335854659737201e+00,2.590561084755659937e+00,3.448889240137692269e+00,2.859763832403250383e+00
3.275476162136732317e+00,3.717028482376844245e+00,3.330841735634654022e+00,3.220916576048986180e+00,3.745069535057733212e+00,3.417125128106946352e+00
2.262034204072572052e+00,2.582345758153881121e+00,1.993433435706337464e+00,1.618466227586885076e+00,2.715606531206374186e+00,1.633519443557333917e+00
8.658935132602800788e-01,1.015422286831223708e+00,1.097237356679769960e-02,-7.087826648473910529e-01,5.792477084646496799e-01,-6.527636348719925152e-01
6.023184049149599151e-01,6.963588478893361078e-01,-4.683221894760589699e-01,-1.191165914091941058e+00,1.292614013314508092e-01,-1.132315103602548501e+00
2.790192737039912885e+00,3.162548830048790727e+00,2.755433753454248347e+00,2.339605528889442621e+00,3.253728277182657003e+00,2.196185078915559696e+00
2.829246400913964177e+00,3.322591412939363664e+00,2.828238993871493356e+00,2.568573236389261716e+00,3.437674033126699058e+00,2.565651604568423672e+00
2.584686012101105046e+00,2.911453014581913301e+00,2.382937932290539074e+00,2.105716943001695540e+00,3.030662065304283281e+00,2.373092922002463911e+00
1.535366076017540937e+00,1.636726820642625979e+00,9.332731399867284505e-01,3.361782503955970114e-01,1.539595723983065989e+00,4.101731042861006538e-01
1.088226963758917254e+00,1.208898267825330830e+00,3.253442363056125997e-01,-3.406655462410652646e-01,9.834679278985815065e-01,-2.300714488034236171e-01
6.516796101690359722e-01,7.577200695216345094e-01,-3.257168944125081733e-01,-1.069859811090175583e+00,2.401572212783094074e-01,-1.038999549235748443e+00
1.294970596259406470e+00,1.455571954609236052e+00,5.952604904519778195e-01,-5.936974477118994731e-02,1.320852474989754555e+00,9.544173330194752336e-02
2.774246768505905791e-01,3.924938985452461893e-01,-8.184664256723308551e-01,-1.665174844222174766e+00,-3.383653669596591307e-01,-1.631269235373063342e+00
1.745409081409811547e+00,1.928807250139397356e+00,1.067602285155581310e+00,4.660880924206809439e-01,1.727891084443114122e+00,4.860808583552809203e-01
1.759640195976462929e+00,1.951992813535849525e+00,1.195244467395138788e+00,6.725408097738816426e-01,1.878535653294978847e+00,7.982937816957129673e-01
2.758620424753626565e+00,3.244436992916973850e+00,2.745918643163808959e+00,2.414446321164028575e+00,3.320042387093961267e+00,2.413687350991592151e+00
4.814911201380800421e-01,5.550085565452902436e-01,-5.934694192894809373e-01,-1.353330967880989721e+00,-4.803532448207570305e-02,-1.321147501836448912e+00
1.178547196030677258e+00,1.315936824171134001e+00,4.089660914265886293e-01,-2.547689665606124865e-01,1.087950054454655202e+00,-1.305465651468108446e-01
9.265124788768490660e-01,1.041479318041516278e+00,6.377103866059541382e-02,-6.223672270224882563e-01,7.024402809544689763e-01,-5.266419507849484649e-01
7.831745930517719501e-04,5.900551131888787104e-02,-1.233925099885962995e+00,-2.113305967161569932e+00,-8.241802732952487887e-01,-2.114156445218816405e+00
9.325897050729364812e-01,1.041258303808332730e+00,8.937801200098571819e-03,-6.778129629285614133e-01,6.619739698381720272e-01,-6.380588207952151425e-01
-1.082833295893126380e-01,-3.445080951064594110e-02,-1.372340120152830467e+00,-2.304547383439263353e+00,-1.035992086021467973e+00,-2.309646078578475148e+00
2.287649562396352643e+00,2.506329619426758359e+00,1.960757455110565983e+00,1.514519943577596006e+00,2.665159075190879800e+00,1.731079494519805584e+00
1.686825115836945832e+00,1.854108625625620066e+00,1.026141875272963855e+00,4.686985924908531054e-01,1.731859208336599121e+00,6.569798482878740353e-01
2.339867721853493787e+00,2.573837159610761205e+00,2.011239741248664004e+00,1.599288697290659478e+00,2.741441336106237969e+00,1.818730311157986446e+00
1.266751214058215558e+00,1.390041498962479860e+00,5.365299711701783103e-01,-6.009630341236582574e-02,1.286189706124606591e+00,5.072521465034801613e-02
2.536907182738689315e+00,2.909900595475538587e+00,2.294023062816775038e+00,1.867106261733942230e+00,2.880009693712308305e+00,1.945385814827554682e+00
3.272325345445907807e+00,3.784676385220531181e+00,3.402964140106297108e+00,3.315357568311699588e+00,3.803306365907376474e+00,3.498630875389167283e+00
7.601623102855258329e-01,9.939037979481513130e-01,-1.691008467998585951e-01,-8.686730577353974914e-01,5.117645298079989136e-01,-6.830923261023051918e-01
7.543103794912461302e-01,8.383362351942548196e-01,-1.895390309229676440e-01,-9.356623741249389115e-01,3.709937146742359193e-01,-8.727010074068106693e-01
9.691570094665812318e-01,1.082881489718753754e+00,8.518368911255713716e-02,-5.611279949635571418e-01,7.277926112869056441e-01,-5.494994609375720707e-01
-2.139396998836113895e-01,-1.644621229042271260e-01,-1.492221734731659089e+00,-2.519866544295499722e+00,-1.196629360584401613e+00,-2.428857789938224432e+00
1.757222369792120986e+00,1.990801562850037953e+00,1.315230740960025679e+00,7.202490468133581070e-01,1.925523132912098090e+00,8.275310964932898194e-01
2.313992362334023944e+00,2.698973985576052836e+00,2.050162469244703356e+00,1.742145160440010887e+00,2.774856033730087823e+00,1.800903152896869530e+00
1.680472136920948101e+00,1.837776010898389378e+00,1.060573315712654452e+00,4.104744032296764322e-01,1.688351538857383316e+00,5.366288985796869859e-01
4.560807496886147838e-01,5.464709752246017516e-01,-5.953107969314561654e-01,-1.367958696718811318e+00,-9.377285561760495547e-02,-1.310606382279526416e+00
5.807554515393263950e-01,6.526784650728484349e-01,-4.513762615569558712e-01,-1.223975419988152513e+00,9.046335264135740850e-02,-1.192697520365795238e+00
3.732867333311657987e-01,4.542605689683505421e-01,-7.326843133489451265e-01,-1.503239423927341889e+00,-2.001126723517889783e-01,-1.450826286878258431e+00
7.630510653804982724e-01,8.629957850829473864e-01,-1.651413568436663759e-01,-8.557344288498086593e-01,4.596484207964293134e-01,-8.288019015484857643e-01
1.741926850701763119e+00,1.918158471371325335e+00,1.292825782207837060e+00,7.831488290877525182e-01,2.009511183818306179e+00,9.181135085918286087e-01
1.725431383790805739e+00,1.887669621819760390e+00,1.193985610803073083e+00,6.164911509780740539e-01,1.859393196999266085e+00,7.551732836516333869e-01
1.388223813464553036e+00,1.446288733852083563e+00,6.775621137994046750e-01,8.346062873893844714e-02,1.355057521811051879e+00,1.961528891649695905e-01
8.696216133245719959e-01,8.994210735523163747e-01,-3.643723298274537115e-02,-7.425782136656605692e-01,4.520917164532058941e-01,-6.160131968635917943e-01
2.254584496875488675e+00,2.588915958354503388e+00,1.984904985131455968e+00,1.511133750981857649e+00,2.668967731220349027e+00,1.601743430446669558e+00
3.398805273331558574e+00,3.878465844319665567e+00,3.519987782437652868e+00,3.432108837876115981e+00,3.896435071582726284e+00,3.640046158643222896e+00
-4.532033435923588094e-01,-3.914101307754433989e-01,-1.924192762185519046e+00,-2.839868833375812862e+00,-1.588866489073289756e+00,-2.967069513019559235e+00
8.956918696130614643e-01,9.446308732962178656e-01,-4.807435102729518128e-02,-6.021964326242076337e-01,6.328065684964224724e-01,-6.034729038225552511e-01
2.044295818634197293e+00,2.226439430132852948e+00,1.655946845918092603e+00,1.100582325205807788e+00,2.168758632244119244e+00,1.273940044386884463e+00
8.149003878596389194e-01,9.442823586854418583e-01,-3.853158953842616974e-02,-7.592402955122172781e-01,5.574272648225745419e-01,-6.886737837047933741e-01
2.517012912723536111e+00,2.904610323602176969e+00,2.373146094828298747e+00,1.988913126391832709e+00,3.001887170941666128e+00,2.152778495342850817e+00
1.805558779620698884e+00,1.996338945160599065e+00,1.430823620963372234e+00,9.115076717100396575e-01,2.027961523317838299e+00,1.075450972408785510e+00
